path,tracked,bytes,lines,kind,sensitive_content_not_read,symlink
.gitattributes,True,104,,config_asset_or_other,False,False
.github/CODEOWNERS,True,96,,config_asset_or_other,False,False
.github/workflows/documentation-health.yml,True,1022,,config_asset_or_other,False,False
.github/workflows/release-sign.yml,True,3747,,config_asset_or_other,False,False
.gitignore,True,1019,,config_asset_or_other,False,False
.hermes/evidence/digital-organism/authority-transport-map.json,True,24592,,config_asset_or_other,False,False
.hermes/evidence/digital-organism/context-bootstrap.json,True,6615,,config_asset_or_other,False,False
.hermes/evidence/digital-organism/current-flow-trace.json,True,13597,,config_asset_or_other,False,False
.hermes/evidence/digital-organism/foundation-matrix.json,True,27016,,config_asset_or_other,False,False
.hermes/evidence/digital-organism/organism-contracts.json,True,5487,,config_asset_or_other,False,False
.hermes/evidence/digital-organism/stage3-live-placement-receipt.json,True,9526,,config_asset_or_other,False,False
.hermes/evidence/digital-organism/stage4-memory-learning-restart-receipt.json,True,4602,,config_asset_or_other,False,False
.hermes/evidence/digital-organism/stage5-configured-fleet-probe.json,True,3930,,config_asset_or_other,False,False
.hermes/evidence/digital-organism/stage5-homeostasis-recovery-receipt.json,True,2358,,config_asset_or_other,False,False
.hermes/evidence/digital-organism/stage6-arandur-ceo-cycle-receipt.json,True,6645,,config_asset_or_other,False,False
.hermes/evidence/digital-organism/stage6-read-only-cycle.json,True,26061,,config_asset_or_other,False,False
.hermes/evidence/digital-organism/stage7/a2a-handoff.json,True,3278,,config_asset_or_other,False,False
.hermes/evidence/digital-organism/stage7/autopilot-cycle.json,True,28367,,config_asset_or_other,False,False
.hermes/evidence/digital-organism/stage7/continuation-restart.json,True,3338,,config_asset_or_other,False,False
.hermes/evidence/digital-organism/stage7/failure-reassignment.json,True,2358,,config_asset_or_other,False,False
.hermes/evidence/digital-organism/stage7/live-hermes-continuity.json,True,1190,,config_asset_or_other,False,False
.hermes/evidence/digital-organism/stage7/live-placement.json,True,9920,,config_asset_or_other,False,False
.hermes/evidence/digital-organism/stage7/operator-acceptance.json,True,1253,,config_asset_or_other,False,False
.hermes/evidence/digital-organism/stage7/queue-executor-wedge-repair.json,True,2472,,config_asset_or_other,False,False
.hermes/evidence/digital-organism/stage7/runtime-observation.json,True,9120,,config_asset_or_other,False,False
.hermes/evidence/digital-organism/stage7/varda-contradiction.json,True,24262,,config_asset_or_other,False,False
.hermes/evidence/digital-organism/stage7/workbench-receipt.json,True,1022,,config_asset_or_other,False,False
.hermes/evidence/digital-organism/stage8-hardware-portability-receipt.json,True,3962,,config_asset_or_other,False,False
.hermes/evidence/task7/native-performance.json,True,52253,,config_asset_or_other,False,False
.hermes/evidence/task7/sample_native.py,True,2390,75,source,False,False
.hermes/plans/2026-07-16_arda-rust-audit-to-lawson-implementation.md,True,5239,,documentation,False,False
.hermes/plans/2026-07-16_batch2-closeout-batch3-queue-scaffold.md,True,1644,,documentation,False,False
.hermes/plans/2026-07-16_batch3.3-closeout.md,True,1155,,documentation,False,False
.hermes/plans/2026-07-26_173756-annunimas-server-backbone-recovery-validation.md,True,15624,,documentation,False,False
.hermes/plans/god-prompt-c32-continuation.md,True,3977,,documentation,False,False
AGENTS.md,True,1419,,documentation,False,False
ARDA_ROOT_PROTOCOL.md,True,7802,,documentation,False,False
ARDA_SYSTEM_STATUS_REPORT.md,True,10329,,documentation,False,False
Cargo.lock,True,170827,,config_asset_or_other,False,False
Cargo.toml,True,4353,,config_asset_or_other,False,False
LICENSE,True,1062,,config_asset_or_other,False,False
NOTICE,True,3053,,config_asset_or_other,False,False
README.md,True,5954,,documentation,False,False
SECURITY.md,True,2848,,documentation,False,False
adapters/hermes-operator-bridge/README.md,True,7368,,documentation,False,False
adapters/hermes-operator-bridge/__init__.py,True,31278,800,source,False,False
adapters/hermes-operator-bridge/local_cli.py,True,6999,148,source,False,False
adapters/hermes-operator-bridge/plugin.yaml,True,177,,config_asset_or_other,False,False
adapters/hermes-operator-bridge/test_harness_roundtrip.py,True,2314,51,source,False,False
adapters/hermes-operator-bridge/test_local_cli.py,True,5658,97,source,False,False
adapters/hermes-operator-bridge/test_plugin.py,True,37263,839,source,False,False
adapters/voice-capture/README.md,True,2569,,documentation,False,False
adapters/voice-capture/arda_adapter.py,True,7499,192,source,False,False
adapters/voice-capture/tests/__init__.py,True,35,1,source,False,False
adapters/voice-capture/tests/test_adapter.py,True,5454,122,source,False,False
apps/README.md,True,894,,documentation,False,False
apps/arda-hud/.gitignore,True,332,,config_asset_or_other,False,False
apps/arda-hud/ARDA_HUD_PUBLIC_PRODUCT_STRATEGY.md,True,6847,,documentation,False,False
apps/arda-hud/BREAKDOWN.md,True,4946,,documentation,False,False
apps/arda-hud/README.md,True,3789,,documentation,False,False
apps/arda-hud/arda_hud.settings.json,True,4354,,config_asset_or_other,False,False
apps/arda-hud/index.html,True,296,,config_asset_or_other,False,False
apps/arda-hud/package.json,True,2382,,config_asset_or_other,False,False
apps/arda-hud/pnpm-lock.yaml,True,150270,,config_asset_or_other,False,False
apps/arda-hud/pnpm-workspace.yaml,True,50,,config_asset_or_other,False,False
apps/arda-hud/scripts/check-boardroom-asset-budget.mjs,True,1717,,config_asset_or_other,False,False
apps/arda-hud/scripts/soterion_unicode_guard.sh,True,2290,86,source,False,False
apps/arda-hud/src-tauri/.gitignore,True,30,,config_asset_or_other,False,False
apps/arda-hud/src-tauri/Cargo.lock,True,167510,,config_asset_or_other,False,False
apps/arda-hud/src-tauri/Cargo.toml,True,2482,,config_asset_or_other,False,False
apps/arda-hud/src-tauri/build.rs,True,56,4,source,False,False
apps/arda-hud/src-tauri/capabilities/default.json,True,282,,config_asset_or_other,False,False
apps/arda-hud/src-tauri/gen/schemas/acl-manifests.json,True,86516,,config_asset_or_other,False,False
apps/arda-hud/src-tauri/gen/schemas/capabilities.json,True,207,,config_asset_or_other,False,False
apps/arda-hud/src-tauri/gen/schemas/desktop-schema.json,True,157580,,config_asset_or_other,False,False
apps/arda-hud/src-tauri/gen/schemas/linux-schema.json,True,157580,,config_asset_or_other,False,False
apps/arda-hud/src-tauri/icons/128x128.png,True,1593,,config_asset_or_other,False,False
apps/arda-hud/src-tauri/icons/128x128@2x.png,True,2861,,config_asset_or_other,False,False
apps/arda-hud/src-tauri/icons/32x32.png,True,567,,config_asset_or_other,False,False
apps/arda-hud/src-tauri/icons/Square107x107Logo.png,True,1340,,config_asset_or_other,False,False
apps/arda-hud/src-tauri/icons/Square142x142Logo.png,True,1691,,config_asset_or_other,False,False
apps/arda-hud/src-tauri/icons/Square150x150Logo.png,True,1738,,config_asset_or_other,False,False
apps/arda-hud/src-tauri/icons/Square284x284Logo.png,True,3115,,config_asset_or_other,False,False
apps/arda-hud/src-tauri/icons/Square30x30Logo.png,True,536,,config_asset_or_other,False,False
apps/arda-hud/src-tauri/icons/Square310x310Logo.png,True,3447,,config_asset_or_other,False,False
apps/arda-hud/src-tauri/icons/Square44x44Logo.png,True,777,,config_asset_or_other,False,False
apps/arda-hud/src-tauri/icons/Square71x71Logo.png,True,1020,,config_asset_or_other,False,False
apps/arda-hud/src-tauri/icons/Square89x89Logo.png,True,1181,,config_asset_or_other,False,False
apps/arda-hud/src-tauri/icons/StoreLogo.png,True,848,,config_asset_or_other,False,False
apps/arda-hud/src-tauri/icons/icon.icns,True,98451,,config_asset_or_other,False,False
apps/arda-hud/src-tauri/icons/icon.ico,True,37710,,config_asset_or_other,False,False
apps/arda-hud/src-tauri/icons/icon.png,True,14495,,config_asset_or_other,False,False
apps/arda-hud/src-tauri/icons/icons/128x128.png,True,9311,,config_asset_or_other,False,False
apps/arda-hud/src-tauri/icons/icons/128x128@2x.png,True,19325,,config_asset_or_other,False,False
apps/arda-hud/src-tauri/icons/icons/32x32.png,True,1891,,config_asset_or_other,False,False
apps/arda-hud/src-tauri/icons/icons/64x64.png,True,4449,,config_asset_or_other,False,False
apps/arda-hud/src-tauri/icons/icons/INDEX.md,True,684,,documentation,False,False
apps/arda-hud/src-tauri/icons/icons/Square107x107Logo.png,True,7587,,config_asset_or_other,False,False
apps/arda-hud/src-tauri/icons/icons/Square142x142Logo.png,True,10371,,config_asset_or_other,False,False
apps/arda-hud/src-tauri/icons/icons/Square150x150Logo.png,True,10989,,config_asset_or_other,False,False
apps/arda-hud/src-tauri/icons/icons/Square284x284Logo.png,True,21604,,config_asset_or_other,False,False
apps/arda-hud/src-tauri/icons/icons/Square30x30Logo.png,True,1778,,config_asset_or_other,False,False
apps/arda-hud/src-tauri/icons/icons/Square310x310Logo.png,True,23907,,config_asset_or_other,False,False
apps/arda-hud/src-tauri/icons/icons/Square44x44Logo.png,True,2941,,config_asset_or_other,False,False
apps/arda-hud/src-tauri/icons/icons/Square71x71Logo.png,True,5073,,config_asset_or_other,False,False
apps/arda-hud/src-tauri/icons/icons/Square89x89Logo.png,True,6490,,config_asset_or_other,False,False
apps/arda-hud/src-tauri/icons/icons/StoreLogo.png,True,3381,,config_asset_or_other,False,False
apps/arda-hud/src-tauri/icons/icons/android/mipmap-anydpi-v26/ic_launcher.xml,True,261,,config_asset_or_other,False,False
apps/arda-hud/src-tauri/icons/icons/android/mipmap-hdpi/ic_launcher.png,True,3699,,config_asset_or_other,False,False
apps/arda-hud/src-tauri/icons/icons/android/mipmap-hdpi/ic_launcher_foreground.png,True,11942,,config_asset_or_other,False,False
apps/arda-hud/src-tauri/icons/icons/android/mipmap-hdpi/ic_launcher_round.png,True,4324,,config_asset_or_other,False,False
apps/arda-hud/src-tauri/icons/icons/android/mipmap-mdpi/ic_launcher.png,True,3498,,config_asset_or_other,False,False
apps/arda-hud/src-tauri/icons/icons/android/mipmap-mdpi/ic_launcher_foreground.png,True,7759,,config_asset_or_other,False,False
apps/arda-hud/src-tauri/icons/icons/android/mipmap-mdpi/ic_launcher_round.png,True,4085,,config_asset_or_other,False,False
apps/arda-hud/src-tauri/icons/icons/android/mipmap-xhdpi/ic_launcher.png,True,8392,,config_asset_or_other,False,False
apps/arda-hud/src-tauri/icons/icons/android/mipmap-xhdpi/ic_launcher_foreground.png,True,16024,,config_asset_or_other,False,False
apps/arda-hud/src-tauri/icons/icons/android/mipmap-xhdpi/ic_launcher_round.png,True,9410,,config_asset_or_other,False,False
apps/arda-hud/src-tauri/icons/icons/android/mipmap-xxhdpi/ic_launcher.png,True,12921,,config_asset_or_other,False,False
apps/arda-hud/src-tauri/icons/icons/android/mipmap-xxhdpi/ic_launcher_foreground.png,True,24949,,config_asset_or_other,False,False
apps/arda-hud/src-tauri/icons/icons/android/mipmap-xxhdpi/ic_launcher_round.png,True,14346,,config_asset_or_other,False,False
apps/arda-hud/src-tauri/icons/icons/android/mipmap-xxxhdpi/ic_launcher.png,True,17270,,config_asset_or_other,False,False
apps/arda-hud/src-tauri/icons/icons/android/mipmap-xxxhdpi/ic_launcher_foreground.png,True,35340,,config_asset_or_other,False,False
apps/arda-hud/src-tauri/icons/icons/android/mipmap-xxxhdpi/ic_launcher_round.png,True,19444,,config_asset_or_other,False,False
apps/arda-hud/src-tauri/icons/icons/android/values/ic_launcher_background.xml,True,115,,config_asset_or_other,False,False
apps/arda-hud/src-tauri/icons/icons/icon.icns,True,230764,,config_asset_or_other,False,False
apps/arda-hud/src-tauri/icons/icons/icon.ico,True,32682,,config_asset_or_other,False,False
apps/arda-hud/src-tauri/icons/icons/icon.png,True,14495,,config_asset_or_other,False,False
apps/arda-hud/src-tauri/icons/icons/ios/AppIcon-20x20@1x.png,True,882,,config_asset_or_other,False,False
apps/arda-hud/src-tauri/icons/icons/ios/AppIcon-20x20@2x-1.png,True,2256,,config_asset_or_other,False,False
apps/arda-hud/src-tauri/icons/icons/ios/AppIcon-20x20@2x.png,True,2256,,config_asset_or_other,False,False
apps/arda-hud/src-tauri/icons/icons/ios/AppIcon-20x20@3x.png,True,3724,,config_asset_or_other,False,False
apps/arda-hud/src-tauri/icons/icons/ios/AppIcon-29x29@1x.png,True,1460,,config_asset_or_other,False,False
apps/arda-hud/src-tauri/icons/icons/ios/AppIcon-29x29@2x-1.png,True,3582,,config_asset_or_other,False,False
apps/arda-hud/src-tauri/icons/icons/ios/AppIcon-29x29@2x.png,True,3582,,config_asset_or_other,False,False
apps/arda-hud/src-tauri/icons/icons/ios/AppIcon-29x29@3x.png,True,5730,,config_asset_or_other,False,False
apps/arda-hud/src-tauri/icons/icons/ios/AppIcon-40x40@1x.png,True,2256,,config_asset_or_other,False,False
apps/arda-hud/src-tauri/icons/icons/ios/AppIcon-40x40@2x-1.png,True,5137,,config_asset_or_other,False,False
apps/arda-hud/src-tauri/icons/icons/ios/AppIcon-40x40@2x.png,True,5137,,config_asset_or_other,False,False
apps/arda-hud/src-tauri/icons/icons/ios/AppIcon-40x40@3x.png,True,7794,,config_asset_or_other,False,False
apps/arda-hud/src-tauri/icons/icons/ios/AppIcon-512@2x.png,True,124339,,config_asset_or_other,False,False
apps/arda-hud/src-tauri/icons/icons/ios/AppIcon-60x60@2x.png,True,7794,,config_asset_or_other,False,False
apps/arda-hud/src-tauri/icons/icons/ios/AppIcon-60x60@3x.png,True,11960,,config_asset_or_other,False,False
apps/arda-hud/src-tauri/icons/icons/ios/AppIcon-76x76@1x.png,True,4905,,config_asset_or_other,False,False
apps/arda-hud/src-tauri/icons/icons/ios/AppIcon-76x76@2x.png,True,10026,,config_asset_or_other,False,False
apps/arda-hud/src-tauri/icons/icons/ios/AppIcon-83.5x83.5@2x.png,True,11076,,config_asset_or_other,False,False
apps/arda-hud/src-tauri/src/INDEX.md,True,338,,documentation,False,False
apps/arda-hud/src-tauri/src/bounded_text.rs,True,2066,57,source,False,False
apps/arda-hud/src-tauri/src/commands/mod.rs,True,107,5,source,False,False
apps/arda-hud/src-tauri/src/commands/monitor_surface/browser_capture.rs,True,44065,1254,source,False,False
apps/arda-hud/src-tauri/src/commands/monitor_surface/browser_capture_tests.rs,True,15701,395,source,False,False
apps/arda-hud/src-tauri/src/commands/monitor_surface/contract.rs,True,6815,195,source,False,False
apps/arda-hud/src-tauri/src/commands/monitor_surface/contract_tests.rs,True,8903,269,source,False,False
apps/arda-hud/src-tauri/src/commands/monitor_surface/mod.rs,True,1155,42,source,False,False
apps/arda-hud/src-tauri/src/commands/monitor_surface/monitor_surface.rs,True,23452,747,source,False,False
apps/arda-hud/src-tauri/src/commands/monitor_surface/presentation.rs,True,6982,176,source,False,False
apps/arda-hud/src-tauri/src/commands/monitor_surface/presentation_socket.rs,True,5867,147,source,False,False
apps/arda-hud/src-tauri/src/commands/monitor_surface/presentation_tests.rs,True,3179,75,source,False,False
apps/arda-hud/src-tauri/src/commands/monitor_surface/pty_capture.rs,True,14302,430,source,False,False
apps/arda-hud/src-tauri/src/commands/monitor_surface/registry.rs,True,7038,203,source,False,False
apps/arda-hud/src-tauri/src/commands/monitor_surface/registry_tests.rs,True,3897,99,source,False,False
apps/arda-hud/src-tauri/src/commands/monitor_surface/typed.rs,True,13996,436,source,False,False
apps/arda-hud/src-tauri/src/commands/monitor_surface/typed_tests.rs,True,7501,196,source,False,False
apps/arda-hud/src-tauri/src/commands/personal_ops.rs,True,13793,426,source,False,False
apps/arda-hud/src-tauri/src/commands/personal_ops_tests.rs,True,4314,118,source,False,False
apps/arda-hud/src-tauri/src/commands/research.rs,True,14129,432,source,False,False
apps/arda-hud/src-tauri/src/commands/research_tests.rs,True,6532,190,source,False,False
apps/arda-hud/src-tauri/src/commands/system_health.rs,True,7943,236,source,False,False
apps/arda-hud/src-tauri/src/commands/workbench.rs,True,37761,1148,source,False,False
apps/arda-hud/src-tauri/src/lib.rs,True,106118,3252,source,False,False
apps/arda-hud/src-tauri/src/lib.rs.bak.tailrestore,True,84307,,config_asset_or_other,False,False
apps/arda-hud/src-tauri/src/lib.rs.messy,True,86758,,config_asset_or_other,False,False
apps/arda-hud/src-tauri/src/lib.rs.pre-restore,True,86787,,config_asset_or_other,False,False
apps/arda-hud/src-tauri/src/main.rs,True,200,7,source,False,False
apps/arda-hud/src-tauri/src/mirromere.rs,True,2144,51,source,False,False
apps/arda-hud/src-tauri/tauri.conf.json,True,1646,,config_asset_or_other,False,False
apps/arda-hud/src-tauri/tests/hud_convergence_contract.rs,True,1589,46,source,False,False
apps/arda-hud/src-tauri/tests/mirromere_projection.rs,True,5977,152,source,False,False
apps/arda-hud/src-tauri/tools/ptyspawn/Cargo.toml,True,223,,config_asset_or_other,False,False
apps/arda-hud/src-tauri/tools/ptyspawn/main.rs,True,735,29,source,False,False
apps/arda-hud/src/App.tsx,True,122081,2788,source,False,False
apps/arda-hud/src/INDEX.md,True,447,,documentation,False,False
apps/arda-hud/src/assets/INDEX.md,True,336,,documentation,False,False
apps/arda-hud/src/assets/react.svg,True,4126,,config_asset_or_other,False,False
apps/arda-hud/src/assets/scene/ASSET_PIPELINE_CONTRACT.md,True,5808,,documentation,False,False
apps/arda-hud/src/assets/scene/README.md,True,3435,,documentation,False,False
apps/arda-hud/src/assets/scene/hologram/.gitkeep,True,1,,config_asset_or_other,False,False
apps/arda-hud/src/assets/scene/hologram/presence_cortana/metadata.json,True,236,,config_asset_or_other,False,False
apps/arda-hud/src/assets/scene/hologram/presence_cortana/presence_cortana_reference.png,True,487965,,config_asset_or_other,False,False
apps/arda-hud/src/assets/scene/hologram/presence_cortana/presence_form.glb,True,1197776,,config_asset_or_other,False,False
apps/arda-hud/src/assets/scene/hologram/presence_masks/metadata.json,True,221,,config_asset_or_other,False,False
apps/arda-hud/src/assets/scene/hologram/presence_masks/presence_noise_mask.png,True,838336,,config_asset_or_other,False,False
apps/arda-hud/src/assets/scene/hologram/presence_masks/presence_projection_mask.png,True,59456,,config_asset_or_other,False,False
apps/arda-hud/src/assets/scene/hologram/presence_masks/presence_scanline_mask.png,True,1736,,config_asset_or_other,False,False
apps/arda-hud/src/assets/scene/hologram/presence_rig/metadata.json,True,228,,config_asset_or_other,False,False
apps/arda-hud/src/assets/scene/hologram/presence_rig/presence_rig.glb,True,79384,,config_asset_or_other,False,False
apps/arda-hud/src/assets/scene/materials/boardroom_desk/boardroom_desk_albedo.png,True,900435,,config_asset_or_other,False,False
apps/arda-hud/src/assets/scene/materials/boardroom_desk/boardroom_desk_emissive.png,True,6854,,config_asset_or_other,False,False
apps/arda-hud/src/assets/scene/materials/boardroom_desk/boardroom_desk_metalness.png,True,3158,,config_asset_or_other,False,False
apps/arda-hud/src/assets/scene/materials/boardroom_desk/boardroom_desk_normal.png,True,5710,,config_asset_or_other,False,False
apps/arda-hud/src/assets/scene/materials/boardroom_desk/boardroom_desk_roughness.png,True,643703,,config_asset_or_other,False,False
apps/arda-hud/src/assets/scene/materials/boardroom_desk/metadata.json,True,592,,config_asset_or_other,False,False
apps/arda-hud/src/assets/scene/materials/boardroom_floor/boardroom_floor_albedo.png,True,845989,,config_asset_or_other,False,False
apps/arda-hud/src/assets/scene/materials/boardroom_floor/boardroom_floor_ao.jpg,True,2062254,,config_asset_or_other,False,False
apps/arda-hud/src/assets/scene/materials/boardroom_floor/boardroom_floor_metalness.png,True,3158,,config_asset_or_other,False,False
apps/arda-hud/src/assets/scene/materials/boardroom_floor/boardroom_floor_normal.png,True,5710,,config_asset_or_other,False,False
apps/arda-hud/src/assets/scene/materials/boardroom_floor/boardroom_floor_roughness.png,True,643408,,config_asset_or_other,False,False
apps/arda-hud/src/assets/scene/materials/boardroom_floor/metadata.json,True,635,,config_asset_or_other,False,False
apps/arda-hud/src/assets/scene/materials/boardroom_monitor_bezel/boardroom_monitor_bezel_albedo.png,True,845989,,config_asset_or_other,False,False
apps/arda-hud/src/assets/scene/materials/boardroom_monitor_bezel/boardroom_monitor_bezel_ao.jpg,True,2062254,,config_asset_or_other,False,False
apps/arda-hud/src/assets/scene/materials/boardroom_monitor_bezel/boardroom_monitor_bezel_metalness.png,True,3158,,config_asset_or_other,False,False
apps/arda-hud/src/assets/scene/materials/boardroom_monitor_bezel/boardroom_monitor_bezel_normal.png,True,5710,,config_asset_or_other,False,False
apps/arda-hud/src/assets/scene/materials/boardroom_monitor_bezel/boardroom_monitor_bezel_roughness.png,True,643408,,config_asset_or_other,False,False
apps/arda-hud/src/assets/scene/materials/boardroom_monitor_bezel/metadata.json,True,282,,config_asset_or_other,False,False
apps/arda-hud/src/assets/scene/materials/boardroom_monitor_screen/boardroom_monitor_screen_albedo.png,True,845989,,config_asset_or_other,False,False
apps/arda-hud/src/assets/scene/materials/boardroom_monitor_screen/boardroom_monitor_screen_ao.jpg,True,2062254,,config_asset_or_other,False,False
apps/arda-hud/src/assets/scene/materials/boardroom_monitor_screen/boardroom_monitor_screen_metalness.png,True,3158,,config_asset_or_other,False,False
apps/arda-hud/src/assets/scene/materials/boardroom_monitor_screen/boardroom_monitor_screen_normal.png,True,5710,,config_asset_or_other,False,False
apps/arda-hud/src/assets/scene/materials/boardroom_monitor_screen/boardroom_monitor_screen_roughness.png,True,643408,,config_asset_or_other,False,False
apps/arda-hud/src/assets/scene/materials/boardroom_monitor_screen/metadata.json,True,299,,config_asset_or_other,False,False
apps/arda-hud/src/assets/scene/materials/boardroom_wall/boardroom_wall_albedo.png,True,846068,,config_asset_or_other,False,False
apps/arda-hud/src/assets/scene/materials/boardroom_wall/boardroom_wall_ao.png,True,7978084,,config_asset_or_other,False,False
apps/arda-hud/src/assets/scene/materials/boardroom_wall/boardroom_wall_emissive.png,True,2210802,,config_asset_or_other,False,False
apps/arda-hud/src/assets/scene/materials/boardroom_wall/boardroom_wall_metalness.png,True,59525,,config_asset_or_other,False,False
apps/arda-hud/src/assets/scene/materials/boardroom_wall/boardroom_wall_normal.png,True,5710,,config_asset_or_other,False,False
apps/arda-hud/src/assets/scene/materials/boardroom_wall/boardroom_wall_roughness.png,True,643699,,config_asset_or_other,False,False
apps/arda-hud/src/assets/scene/materials/boardroom_wall/metadata.json,True,628,,config_asset_or_other,False,False
apps/arda-hud/src/assets/scene/materials/desk_left_surface/desk_left_surface_desk_left_surface_front_cyan_trace_albedo.png,True,307574,,config_asset_or_other,False,False
apps/arda-hud/src/assets/scene/materials/desk_left_surface/desk_left_surface_desk_left_surface_front_cyan_trace_emit.png,True,308005,,config_asset_or_other,False,False
apps/arda-hud/src/assets/scene/materials/desk_left_surface/desk_left_surface_desk_left_surface_front_cyan_trace_normal.png,True,304630,,config_asset_or_other,False,False
apps/arda-hud/src/assets/scene/materials/desk_left_surface/desk_left_surface_desk_left_surface_front_cyan_trace_roughness.png,True,307934,,config_asset_or_other,False,False
apps/arda-hud/src/assets/scene/materials/desk_left_surface/desk_left_surface_desk_left_surface_inner_magenta_trace_albedo.png,True,309500,,config_asset_or_other,False,False
apps/arda-hud/src/assets/scene/materials/desk_left_surface/desk_left_surface_desk_left_surface_inner_magenta_trace_emit.png,True,309503,,config_asset_or_other,False,False
apps/arda-hud/src/assets/scene/materials/desk_left_surface/desk_left_surface_desk_left_surface_inner_magenta_trace_normal.png,True,304630,,config_asset_or_other,False,False
apps/arda-hud/src/assets/scene/materials/desk_left_surface/desk_left_surface_desk_left_surface_inner_magenta_trace_roughness.png,True,309412,,config_asset_or_other,False,False
apps/arda-hud/src/assets/scene/materials/desk_left_surface/desk_left_surface_desk_left_surface_lower_shadow_base_albedo.png,True,335009,,config_asset_or_other,False,False
apps/arda-hud/src/assets/scene/materials/desk_left_surface/desk_left_surface_desk_left_surface_lower_shadow_base_emit.png,True,304633,,config_asset_or_other,False,False
apps/arda-hud/src/assets/scene/materials/desk_left_surface/desk_left_surface_desk_left_surface_lower_shadow_base_normal.png,True,304630,,config_asset_or_other,False,False
apps/arda-hud/src/assets/scene/materials/desk_left_surface/desk_left_surface_desk_left_surface_lower_shadow_base_roughness.png,True,331813,,config_asset_or_other,False,False
apps/arda-hud/src/assets/scene/materials/desk_left_surface/desk_left_surface_desk_left_surface_main_trapezoid_shell_albedo.png,True,334100,,config_asset_or_other,False,False
apps/arda-hud/src/assets/scene/materials/desk_left_surface/desk_left_surface_desk_left_surface_main_trapezoid_shell_emit.png,True,304633,,config_asset_or_other,False,False
apps/arda-hud/src/assets/scene/materials/desk_left_surface/desk_left_surface_desk_left_surface_main_trapezoid_shell_normal.png,True,304630,,config_asset_or_other,False,False
apps/arda-hud/src/assets/scene/materials/desk_left_surface/desk_left_surface_desk_left_surface_main_trapezoid_shell_roughness.png,True,333069,,config_asset_or_other,False,False
apps/arda-hud/src/assets/scene/materials/desk_left_surface/desk_left_surface_desk_left_surface_smoked_glass_insert_albedo.png,True,308735,,config_asset_or_other,False,False
apps/arda-hud/src/assets/scene/materials/desk_left_surface/desk_left_surface_desk_left_surface_smoked_glass_insert_emit.png,True,304633,,config_asset_or_other,False,False
apps/arda-hud/src/assets/scene/materials/desk_left_surface/desk_left_surface_desk_left_surface_smoked_glass_insert_normal.png,True,304630,,config_asset_or_other,False,False
apps/arda-hud/src/assets/scene/materials/desk_left_surface/desk_left_surface_desk_left_surface_smoked_glass_insert_roughness.png,True,309217,,config_asset_or_other,False,False
apps/arda-hud/src/assets/scene/materials/desk_left_surface/desk_left_surface_desk_left_surface_warm_trim_rear_albedo.png,True,308663,,config_asset_or_other,False,False
apps/arda-hud/src/assets/scene/materials/desk_left_surface/desk_left_surface_desk_left_surface_warm_trim_rear_emit.png,True,307515,,config_asset_or_other,False,False
apps/arda-hud/src/assets/scene/materials/desk_left_surface/desk_left_surface_desk_left_surface_warm_trim_rear_normal.png,True,304630,,config_asset_or_other,False,False
apps/arda-hud/src/assets/scene/materials/desk_left_surface/desk_left_surface_desk_left_surface_warm_trim_rear_roughness.png,True,308011,,config_asset_or_other,False,False
apps/arda-hud/src/assets/scene/materials/world_atmosphere_plate/metadata.json,True,554,,config_asset_or_other,False,False
apps/arda-hud/src/assets/scene/materials/world_atmosphere_plate/world_atmosphere_plate_albedo.png,True,873257,,config_asset_or_other,False,False
apps/arda-hud/src/assets/scene/materials/world_atmosphere_plate/world_atmosphere_plate_emissive.png,True,7972,,config_asset_or_other,False,False
apps/arda-hud/src/assets/scene/materials/world_atmosphere_plate/world_atmosphere_plate_normal.png,True,5710,,config_asset_or_other,False,False
apps/arda-hud/src/assets/scene/materials/world_atmosphere_plate/world_atmosphere_plate_roughness.png,True,643762,,config_asset_or_other,False,False
apps/arda-hud/src/assets/scene/materials/world_district_structure/metadata.json,True,563,,config_asset_or_other,False,False
apps/arda-hud/src/assets/scene/materials/world_district_structure/world_district_structure_albedo.png,True,846221,,config_asset_or_other,False,False
apps/arda-hud/src/assets/scene/materials/world_district_structure/world_district_structure_metalness.png,True,3158,,config_asset_or_other,False,False
apps/arda-hud/src/assets/scene/materials/world_district_structure/world_district_structure_normal.png,True,5710,,config_asset_or_other,False,False
apps/arda-hud/src/assets/scene/materials/world_district_structure/world_district_structure_roughness.png,True,643467,,config_asset_or_other,False,False
apps/arda-hud/src/assets/scene/materials/world_ground_plate/metadata.json,True,591,,config_asset_or_other,False,False
apps/arda-hud/src/assets/scene/materials/world_ground_plate/world_ground_plate_albedo.png,True,839396,,config_asset_or_other,False,False
apps/arda-hud/src/assets/scene/materials/world_ground_plate/world_ground_plate_emissive.png,True,6983,,config_asset_or_other,False,False
apps/arda-hud/src/assets/scene/materials/world_ground_plate/world_ground_plate_metalness.png,True,3158,,config_asset_or_other,False,False
apps/arda-hud/src/assets/scene/materials/world_ground_plate/world_ground_plate_normal.png,True,6011,,config_asset_or_other,False,False
apps/arda-hud/src/assets/scene/materials/world_ground_plate/world_ground_plate_roughness.png,True,643736,,config_asset_or_other,False,False
apps/arda-hud/src/assets/scene/materials/world_route_marker/metadata.json,True,529,,config_asset_or_other,False,False
apps/arda-hud/src/assets/scene/materials/world_route_marker/world_route_marker_albedo.png,True,989654,,config_asset_or_other,False,False
apps/arda-hud/src/assets/scene/materials/world_route_marker/world_route_marker_emissive.png,True,7282,,config_asset_or_other,False,False
apps/arda-hud/src/assets/scene/materials/world_route_marker/world_route_marker_normal.png,True,6011,,config_asset_or_other,False,False
apps/arda-hud/src/assets/scene/materials/world_route_marker/world_route_marker_roughness.png,True,644065,,config_asset_or_other,False,False
apps/arda-hud/src/assets/scene/materials/world_terminal_housing/metadata.json,True,650,,config_asset_or_other,False,False
apps/arda-hud/src/assets/scene/materials/world_terminal_housing/world_terminal_housing_albedo.png,True,939186,,config_asset_or_other,False,False
apps/arda-hud/src/assets/scene/materials/world_terminal_housing/world_terminal_housing_emissive.png,True,7539,,config_asset_or_other,False,False
apps/arda-hud/src/assets/scene/materials/world_terminal_housing/world_terminal_housing_metalness.png,True,3158,,config_asset_or_other,False,False
apps/arda-hud/src/assets/scene/materials/world_terminal_housing/world_terminal_housing_normal.png,True,5710,,config_asset_or_other,False,False
apps/arda-hud/src/assets/scene/materials/world_terminal_housing/world_terminal_housing_roughness.png,True,643550,,config_asset_or_other,False,False
apps/arda-hud/src/assets/scene/systems/sceneMaterials.ts,True,1317,45,source,False,False
apps/arda-hud/src/assets/scene/window/boardroom_environment/boardroom_environment.hdr,True,2097202,,config_asset_or_other,False,False
apps/arda-hud/src/assets/scene/window/boardroom_environment/boardroom_environment_preview.jpg,True,59809,,config_asset_or_other,False,False
apps/arda-hud/src/assets/scene/window/boardroom_environment/metadata.json,True,220,,config_asset_or_other,False,False
apps/arda-hud/src/assets/scene/window/boardroom_reference_atmosphere/boardroom_reference_atmosphere.jpg,True,232372,,config_asset_or_other,False,False
apps/arda-hud/src/assets/scene/window/boardroom_reference_atmosphere/metadata.json,True,525,,config_asset_or_other,False,False
apps/arda-hud/src/assets/scene/window/boardroom_skyline_plate/boardroom_skyline_plate.jpg,True,163650,,config_asset_or_other,False,False
apps/arda-hud/src/assets/scene/window/boardroom_skyline_plate/metadata.json,True,226,,config_asset_or_other,False,False
apps/arda-hud/src/assets/scene/world/.gitkeep,True,1,,config_asset_or_other,False,False
apps/arda-hud/src/assets/scene/world/boardroom_composite_iter01/boardroom_composite_iter01.glb,True,984888,,config_asset_or_other,False,False
apps/arda-hud/src/assets/scene/world/boardroom_composite_iter01/metadata.json,True,2511,,config_asset_or_other,False,False
apps/arda-hud/src/assets/scene/world/boardroom_composite_iter02/boardroom_composite_iter02.glb,True,1529968,,config_asset_or_other,False,False
apps/arda-hud/src/assets/scene/world/boardroom_composite_iter02/metadata.json,True,3938,,config_asset_or_other,False,False
apps/arda-hud/src/assets/scene/world/boardroom_desk_shell/boardroom_desk_shell.glb,True,11532,,config_asset_or_other,False,False
apps/arda-hud/src/assets/scene/world/boardroom_desk_shell/metadata.json,True,2116,,config_asset_or_other,False,False
apps/arda-hud/src/assets/scene/world/boardroom_main_desk/boardroom_main_desk.glb,True,29575352,,config_asset_or_other,False,False
apps/arda-hud/src/assets/scene/world/boardroom_main_desk/boardroom_main_desk_reference.png,True,1152627,,config_asset_or_other,False,False
apps/arda-hud/src/assets/scene/world/boardroom_main_desk/metadata.json,True,802,,config_asset_or_other,False,False
apps/arda-hud/src/assets/scene/world/boardroom_main_desk_flux2/boardroom_main_desk_flux2.glb,True,22105868,,config_asset_or_other,False,False
apps/arda-hud/src/assets/scene/world/boardroom_main_desk_flux2/boardroom_main_desk_flux2_reference.png,True,662064,,config_asset_or_other,False,False
apps/arda-hud/src/assets/scene/world/boardroom_main_desk_flux2/metadata.json,True,897,,config_asset_or_other,False,False
apps/arda-hud/src/assets/scene/world/boardroom_physical_stage/boardroom_physical_stage.blend,True,122936,,config_asset_or_other,False,False
apps/arda-hud/src/assets/scene/world/boardroom_physical_stage/boardroom_physical_stage.glb,True,832640,,config_asset_or_other,False,False
apps/arda-hud/src/assets/scene/world/boardroom_physical_stage/boardroom_physical_stage_reference.png,True,932962,,config_asset_or_other,False,False
apps/arda-hud/src/assets/scene/world/boardroom_physical_stage/metadata.json,True,1827,,config_asset_or_other,False,False
apps/arda-hud/src/assets/scene/world/center_console/center_console.glb,True,2586524,,config_asset_or_other,False,False
apps/arda-hud/src/assets/scene/world/center_console/metadata.json,True,315,,config_asset_or_other,False,False
apps/arda-hud/src/assets/scene/world/controlled_arda_workstation/controlled_arda_workstation.glb,True,97016,,config_asset_or_other,False,False
apps/arda-hud/src/assets/scene/world/controlled_arda_workstation/metadata.json,True,1475,,config_asset_or_other,False,False
apps/arda-hud/src/assets/scene/world/desk_left_surface/desk_left_surface.glb,True,11256,,config_asset_or_other,False,False
apps/arda-hud/src/assets/scene/world/desk_left_surface/metadata.json,True,316,,config_asset_or_other,False,False
apps/arda-hud/src/assets/scene/world/desk_right_surface/desk_right_surface.glb,True,85928,,config_asset_or_other,False,False
apps/arda-hud/src/assets/scene/world/desk_right_surface/metadata.json,True,323,,config_asset_or_other,False,False
apps/arda-hud/src/assets/scene/world/district_command/district_command.glb,True,39260,,config_asset_or_other,False,False
apps/arda-hud/src/assets/scene/world/district_command/metadata.json,True,234,,config_asset_or_other,False,False
apps/arda-hud/src/assets/scene/world/district_communications/district_communications.glb,True,45920,,config_asset_or_other,False,False
apps/arda-hud/src/assets/scene/world/district_communications/metadata.json,True,248,,config_asset_or_other,False,False
apps/arda-hud/src/assets/scene/world/district_finance/district_finance.glb,True,20420,,config_asset_or_other,False,False
apps/arda-hud/src/assets/scene/world/district_finance/metadata.json,True,234,,config_asset_or_other,False,False
apps/arda-hud/src/assets/scene/world/district_governance/district_governance.glb,True,21428,,config_asset_or_other,False,False
apps/arda-hud/src/assets/scene/world/district_governance/metadata.json,True,240,,config_asset_or_other,False,False
apps/arda-hud/src/assets/scene/world/district_knowledge/district_knowledge.glb,True,41844,,config_asset_or_other,False,False
apps/arda-hud/src/assets/scene/world/district_knowledge/metadata.json,True,238,,config_asset_or_other,False,False
apps/arda-hud/src/assets/scene/world/district_monitoring/district_monitoring.glb,True,33748,,config_asset_or_other,False,False
apps/arda-hud/src/assets/scene/world/district_monitoring/metadata.json,True,240,,config_asset_or_other,False,False
apps/arda-hud/src/assets/scene/world/district_operations/district_operations.glb,True,24188,,config_asset_or_other,False,False
apps/arda-hud/src/assets/scene/world/district_operations/metadata.json,True,240,,config_asset_or_other,False,False
apps/arda-hud/src/assets/scene/world/governance_control/governance_control.glb,True,8188,,config_asset_or_other,False,False
apps/arda-hud/src/assets/scene/world/governance_control/metadata.json,True,236,,config_asset_or_other,False,False
apps/arda-hud/src/assets/scene/world/human_control/human_control.glb,True,8020,,config_asset_or_other,False,False
apps/arda-hud/src/assets/scene/world/human_control/metadata.json,True,226,,config_asset_or_other,False,False
apps/arda-hud/src/assets/scene/world/network_control/metadata.json,True,230,,config_asset_or_other,False,False
apps/arda-hud/src/assets/scene/world/network_control/network_control.glb,True,8100,,config_asset_or_other,False,False
apps/arda-hud/src/assets/scene/world/settings_control/metadata.json,True,232,,config_asset_or_other,False,False
apps/arda-hud/src/assets/scene/world/settings_control/settings_control.glb,True,8128,,config_asset_or_other,False,False
apps/arda-hud/src/assets/scene/world/systems_control/metadata.json,True,230,,config_asset_or_other,False,False
apps/arda-hud/src/assets/scene/world/systems_control/systems_control.glb,True,8080,,config_asset_or_other,False,False
apps/arda-hud/src/assets/scene/world/upper_monitor_1/fidelity_renders/front.png,True,977105,,config_asset_or_other,False,False
apps/arda-hud/src/assets/scene/world/upper_monitor_1/fidelity_renders/rear.png,True,960053,,config_asset_or_other,False,False
apps/arda-hud/src/assets/scene/world/upper_monitor_1/fidelity_renders/side.png,True,896475,,config_asset_or_other,False,False
apps/arda-hud/src/assets/scene/world/upper_monitor_1/fidelity_renders/three_quarter.png,True,975877,,config_asset_or_other,False,False
apps/arda-hud/src/assets/scene/world/upper_monitor_1/iterate_summary.json,True,15418,,config_asset_or_other,False,False
apps/arda-hud/src/assets/scene/world/upper_monitor_1/iterations/iter01/iter01.glb,True,5494680,,config_asset_or_other,False,False
apps/arda-hud/src/assets/scene/world/upper_monitor_1/iterations/iter01/iter01_front.png,True,372416,,config_asset_or_other,False,False
apps/arda-hud/src/assets/scene/world/upper_monitor_1/iterations/iter01/iter01_reference.png,True,550200,,config_asset_or_other,False,False
apps/arda-hud/src/assets/scene/world/upper_monitor_1/iterations/iter01/iter01_side.png,True,335299,,config_asset_or_other,False,False
apps/arda-hud/src/assets/scene/world/upper_monitor_1/iterations/iter01/iter01_three_quarter.png,True,354262,,config_asset_or_other,False,False
apps/arda-hud/src/assets/scene/world/upper_monitor_1/iterations/iter01/iteration.json,True,4580,,config_asset_or_other,False,False
apps/arda-hud/src/assets/scene/world/upper_monitor_1/iterations/iter01/metadata.json,True,1213,,config_asset_or_other,False,False
apps/arda-hud/src/assets/scene/world/upper_monitor_1/iterations/iter02/iter02.glb,True,4523556,,config_asset_or_other,False,False
apps/arda-hud/src/assets/scene/world/upper_monitor_1/iterations/iter02/iter02_front.png,True,359814,,config_asset_or_other,False,False
apps/arda-hud/src/assets/scene/world/upper_monitor_1/iterations/iter02/iter02_reference.png,True,385463,,config_asset_or_other,False,False
apps/arda-hud/src/assets/scene/world/upper_monitor_1/iterations/iter02/iter02_side.png,True,334806,,config_asset_or_other,False,False
apps/arda-hud/src/assets/scene/world/upper_monitor_1/iterations/iter02/iter02_three_quarter.png,True,350723,,config_asset_or_other,False,False
apps/arda-hud/src/assets/scene/world/upper_monitor_1/iterations/iter02/iteration.json,True,4379,,config_asset_or_other,False,False
apps/arda-hud/src/assets/scene/world/upper_monitor_1/iterations/iter02/metadata.json,True,1159,,config_asset_or_other,False,False
apps/arda-hud/src/assets/scene/world/upper_monitor_1/iterations/iter03/iter03.glb,True,4523556,,config_asset_or_other,False,False
apps/arda-hud/src/assets/scene/world/upper_monitor_1/iterations/iter03/iter03_front.png,True,359814,,config_asset_or_other,False,False
apps/arda-hud/src/assets/scene/world/upper_monitor_1/iterations/iter03/iter03_reference.png,True,385463,,config_asset_or_other,False,False
apps/arda-hud/src/assets/scene/world/upper_monitor_1/iterations/iter03/iter03_side.png,True,334806,,config_asset_or_other,False,False
apps/arda-hud/src/assets/scene/world/upper_monitor_1/iterations/iter03/iter03_three_quarter.png,True,350723,,config_asset_or_other,False,False
apps/arda-hud/src/assets/scene/world/upper_monitor_1/iterations/iter03/iteration.json,True,5112,,config_asset_or_other,False,False
apps/arda-hud/src/assets/scene/world/upper_monitor_1/iterations/iter03/metadata.json,True,1159,,config_asset_or_other,False,False
apps/arda-hud/src/assets/scene/world/upper_monitor_1/metadata.json,True,12323,,config_asset_or_other,False,False
apps/arda-hud/src/assets/scene/world/upper_monitor_1/reference_fidelity_report.json,True,1570,,config_asset_or_other,False,False
apps/arda-hud/src/assets/scene/world/upper_monitor_1/upper_monitor_1.glb,True,86348,,config_asset_or_other,False,False
apps/arda-hud/src/assets/scene/world/upper_monitor_1/upper_monitor_1_preview.png,True,977105,,config_asset_or_other,False,False
apps/arda-hud/src/assets/scene/world/upper_monitor_1/upper_monitor_1_scene_inspection.json,True,16997,,config_asset_or_other,False,False
apps/arda-hud/src/assets/scene/world/upper_monitor_2/metadata.json,True,3742,,config_asset_or_other,False,False
apps/arda-hud/src/assets/scene/world/upper_monitor_2/upper_monitor_2.glb,True,338400,,config_asset_or_other,False,False
apps/arda-hud/src/assets/scene/world/upper_monitor_3/metadata.json,True,3742,,config_asset_or_other,False,False
apps/arda-hud/src/assets/scene/world/upper_monitor_3/upper_monitor_3.glb,True,336500,,config_asset_or_other,False,False
apps/arda-hud/src/assets/scene/world/upper_monitor_4/metadata.json,True,3742,,config_asset_or_other,False,False
apps/arda-hud/src/assets/scene/world/upper_monitor_4/upper_monitor_4.glb,True,338400,,config_asset_or_other,False,False
apps/arda-hud/src/assets/scene/world/world_ground_plate/metadata.json,True,232,,config_asset_or_other,False,False
apps/arda-hud/src/assets/scene/world/world_ground_plate/world_ground_plate.glb,True,11156,,config_asset_or_other,False,False
apps/arda-hud/src/components/INDEX.md,True,333,,documentation,False,False
apps/arda-hud/src/components/arda/BoardroomEditOverlay.tsx,True,2808,78,source,False,False
apps/arda-hud/src/components/arda/GlobalRapidCapture.test.tsx,True,2706,60,source,False,False
apps/arda-hud/src/components/arda/GlobalRapidCapture.tsx,True,5049,145,source,False,False
apps/arda-hud/src/components/arda/ModuleCard.tsx,True,1313,45,source,False,False
apps/arda-hud/src/components/arda/SectionRail.tsx,True,904,29,source,False,False
apps/arda-hud/src/components/arda/ThemeSwitcher.tsx,True,666,29,source,False,False
apps/arda-hud/src/components/arda/WindowControls.tsx,True,882,25,source,False,False
apps/arda-hud/src/components/arda/WorkstationDock.tsx,True,1491,49,source,False,False
apps/arda-hud/src/components/arda/core/ArdaErrorBoundary.tsx,True,1692,60,source,False,False
apps/arda-hud/src/components/arda/core/ArdaHeader.tsx,True,3414,102,source,False,False
apps/arda-hud/src/components/arda/core/LayoutEditor.tsx,True,1399,42,source,False,False
apps/arda-hud/src/components/arda/core/OperatingSurfaceRail.tsx,True,4163,139,source,False,False
apps/arda-hud/src/components/arda/core/PanelWorkspace.tsx,True,3559,102,source,False,False
apps/arda-hud/src/components/arda/core/PresencePanel.tsx,True,867,33,source,False,False
apps/arda-hud/src/components/arda/core/RuntimeModeBadge.tsx,True,447,17,source,False,False
apps/arda-hud/src/components/arda/core/SceneBackdrop.tsx,True,502,16,source,False,False
apps/arda-hud/src/components/arda/core/SceneTransitionOverlay.tsx,True,649,19,source,False,False
apps/arda-hud/src/components/arda/core/SceneWorkstation.test.tsx,True,953,32,source,False,False
apps/arda-hud/src/components/arda/core/SceneWorkstation.tsx,True,10904,327,source,False,False
apps/arda-hud/src/components/arda/core/SignalField.tsx,True,1341,46,source,False,False
apps/arda-hud/src/components/arda/core/types.ts,True,1386,58,source,False,False
apps/arda-hud/src/components/arda/floatingWorkstationFocus.test.ts,True,1488,41,source,False,False
apps/arda-hud/src/components/arda/floatingWorkstationFocus.ts,True,1031,32,source,False,False
apps/arda-hud/src/components/arda/hooks/boardroomPollingIsolation.test.tsx,True,1092,30,source,False,False
apps/arda-hud/src/components/arda/hooks/useArdaActionAdapters.ts,True,4340,104,source,False,False
apps/arda-hud/src/components/arda/hooks/useArdaBundle.test.tsx,True,1418,37,source,False,False
apps/arda-hud/src/components/arda/hooks/useArdaBundle.ts,True,3478,112,source,False,False
apps/arda-hud/src/components/arda/hooks/useArdaPanelUpdates.ts,True,3331,112,source,False,False
apps/arda-hud/src/components/arda/hooks/useArdaRuntimePulse.ts,True,1431,48,source,False,False
apps/arda-hud/src/components/arda/hooks/useArdaWindowControls.ts,True,856,28,source,False,False
apps/arda-hud/src/components/arda/hooks/useBoardroomSlotAssignments.ts,True,9437,242,source,False,False
apps/arda-hud/src/components/arda/hooks/useLearningLoopData.test.ts,True,2807,88,source,False,False
apps/arda-hud/src/components/arda/hooks/useLearningLoopData.ts,True,1692,62,source,False,False
apps/arda-hud/src/components/arda/hooks/useManweLiveSnapshot.ts,True,1579,51,source,False,False
apps/arda-hud/src/components/arda/hooks/useMonitorFocusWindow.ts,True,3602,102,source,False,False
apps/arda-hud/src/components/arda/hooks/useWorldSurfaceAssignments.ts,True,4368,118,source,False,False
apps/arda-hud/src/components/arda/index.ts,True,5016,64,source,False,False
apps/arda-hud/src/components/arda/modules/ArandurApprovalWorkstation.test.tsx,True,7700,209,source,False,False
apps/arda-hud/src/components/arda/modules/ArandurApprovalWorkstation.tsx,True,11490,263,source,False,False
apps/arda-hud/src/components/arda/modules/BusinessModule.test.tsx,True,2825,37,source,False,False
apps/arda-hud/src/components/arda/modules/BusinessModule.tsx,True,6201,161,source,False,False
apps/arda-hud/src/components/arda/modules/DataFreshnessBadge.test.tsx,True,2634,74,source,False,False
apps/arda-hud/src/components/arda/modules/DataFreshnessBadge.tsx,True,1693,58,source,False,False
apps/arda-hud/src/components/arda/modules/DataSourceDetailsPanel.tsx,True,4586,122,source,False,False
apps/arda-hud/src/components/arda/modules/ExecutiveOverviewModule.tsx,True,1944,65,source,False,False
apps/arda-hud/src/components/arda/modules/GovernanceGuardhouseWorkstation.test.tsx,True,6120,148,source,False,False
apps/arda-hud/src/components/arda/modules/GovernanceGuardhouseWorkstation.tsx,True,13702,318,source,False,False
apps/arda-hud/src/components/arda/modules/HermesDashboardModule.test.tsx,True,3983,106,source,False,False
apps/arda-hud/src/components/arda/modules/HermesDashboardModule.tsx,True,13089,333,source,False,False
apps/arda-hud/src/components/arda/modules/HumanRealmModule.test.tsx,True,720,21,source,False,False
apps/arda-hud/src/components/arda/modules/HumanRealmModule.tsx,True,3648,107,source,False,False
apps/arda-hud/src/components/arda/modules/LearningLoopSurface.module.css,True,4145,,config_asset_or_other,False,False
apps/arda-hud/src/components/arda/modules/LearningLoopSurface.test.tsx,True,3717,129,source,False,False
apps/arda-hud/src/components/arda/modules/LearningLoopSurface.tsx,True,4343,136,source,False,False
apps/arda-hud/src/components/arda/modules/LearningLoopSurfaceWrapper.test.tsx,True,4856,140,source,False,False
apps/arda-hud/src/components/arda/modules/LearningLoopSurfaceWrapper.tsx,True,936,39,source,False,False
apps/arda-hud/src/components/arda/modules/LowerTrafficCoverageBadges.test.tsx,True,3761,100,source,False,False
apps/arda-hud/src/components/arda/modules/MediaLibraryModule.tsx,True,10078,257,source,False,False
apps/arda-hud/src/components/arda/modules/OperatingSurfacePlanModule.test.tsx,True,13037,326,source,False,False
apps/arda-hud/src/components/arda/modules/OperatingSurfacePlanModule.tsx,True,26627,541,source,False,False
apps/arda-hud/src/components/arda/modules/OperationsActionContractPanel.test.tsx,True,3376,70,source,False,False
apps/arda-hud/src/components/arda/modules/OperationsActionContractPanel.tsx,True,5993,138,source,False,False
apps/arda-hud/src/components/arda/modules/PersonalGrowthModule.tsx,True,3553,114,source,False,False
apps/arda-hud/src/components/arda/modules/PersonalOperationsModule.test.tsx,True,11453,231,source,False,False
apps/arda-hud/src/components/arda/modules/PersonalOperationsModule.tsx,True,18391,453,source,False,False
apps/arda-hud/src/components/arda/modules/PlanningActionContractPanel.test.tsx,True,3008,66,source,False,False
apps/arda-hud/src/components/arda/modules/PlanningActionContractPanel.tsx,True,6873,149,source,False,False
apps/arda-hud/src/components/arda/modules/QueueProvenancePanel.test.tsx,True,2796,74,source,False,False
apps/arda-hud/src/components/arda/modules/QueueProvenancePanel.tsx,True,3948,98,source,False,False
apps/arda-hud/src/components/arda/modules/ResearchCitationDrawer.test.tsx,True,1192,19,source,False,False
apps/arda-hud/src/components/arda/modules/ResearchCitationDrawer.tsx,True,2443,34,source,False,False
apps/arda-hud/src/components/arda/modules/ResearchModule.test.tsx,True,5551,116,source,False,False
apps/arda-hud/src/components/arda/modules/ResearchModule.tsx,True,12822,135,source,False,False
apps/arda-hud/src/components/arda/modules/ReviewGateWorkstation.test.tsx,True,5836,150,source,False,False
apps/arda-hud/src/components/arda/modules/ReviewGateWorkstation.tsx,True,11666,267,source,False,False
apps/arda-hud/src/components/arda/modules/SectionFocusModule.test.tsx,True,1940,58,source,False,False
apps/arda-hud/src/components/arda/modules/SectionFocusModule.tsx,True,3296,92,source,False,False
apps/arda-hud/src/components/arda/modules/ServiceEmbedModule.tsx,True,3654,87,source,False,False
apps/arda-hud/src/components/arda/modules/SettingsModule.test.tsx,True,2915,76,source,False,False
apps/arda-hud/src/components/arda/modules/SettingsModule.tsx,True,39594,887,source,False,False
apps/arda-hud/src/components/arda/modules/SourceActionContractPanel.test.tsx,True,1832,47,source,False,False
apps/arda-hud/src/components/arda/modules/SourceActionContractPanel.tsx,True,4353,110,source,False,False
apps/arda-hud/src/components/arda/modules/SourceCoverageBadge.tsx,True,697,25,source,False,False
apps/arda-hud/src/components/arda/modules/SourceFreshnessStrip.tsx,True,1548,48,source,False,False
apps/arda-hud/src/components/arda/modules/SourceRefreshAffordance.test.tsx,True,1976,57,source,False,False
apps/arda-hud/src/components/arda/modules/SourceRefreshAffordance.tsx,True,1715,53,source,False,False
apps/arda-hud/src/components/arda/modules/SystemsModule.tsx,True,7450,228,source,False,False
apps/arda-hud/src/components/arda/modules/WorkbenchModule.accessibility.test.tsx,True,4290,87,source,False,False
apps/arda-hud/src/components/arda/modules/WorkbenchModule.test.tsx,True,9682,136,source,False,False
apps/arda-hud/src/components/arda/modules/WorkbenchModule.tsx,True,21311,353,source,False,False
apps/arda-hud/src/components/arda/modules/WorldTerminalActionContractPanel.test.tsx,True,4654,98,source,False,False
apps/arda-hud/src/components/arda/modules/WorldTerminalActionContractPanel.tsx,True,9097,206,source,False,False
apps/arda-hud/src/components/arda/modules/__snapshots__/DataFreshnessBadge.test.tsx.snap,True,427,,config_asset_or_other,False,False
apps/arda-hud/src/components/arda/modules/fleet/focusedWorkstationModuleHelpers.ts,True,371,12,source,False,False
apps/arda-hud/src/components/arda/modules/systems/AgentRosterPanel.tsx,True,1131,38,source,False,False
apps/arda-hud/src/components/arda/modules/systems/AuditReadinessPanel.test.tsx,True,1539,30,source,False,False
apps/arda-hud/src/components/arda/modules/systems/AuditReadinessPanel.tsx,True,4454,90,source,False,False
apps/arda-hud/src/components/arda/modules/systems/AutomationStatusPanel.tsx,True,3910,97,source,False,False
apps/arda-hud/src/components/arda/modules/systems/FleetHealthPanel.tsx,True,3224,81,source,False,False
apps/arda-hud/src/components/arda/modules/systems/KnowledgeActionContractPanel.test.tsx,True,3462,69,source,False,False
apps/arda-hud/src/components/arda/modules/systems/KnowledgeActionContractPanel.tsx,True,6143,142,source,False,False
apps/arda-hud/src/components/arda/modules/systems/KnowledgeMapPanel.test.tsx,True,4245,115,source,False,False
apps/arda-hud/src/components/arda/modules/systems/KnowledgeMapPanel.tsx,True,7822,218,source,False,False
apps/arda-hud/src/components/arda/modules/systems/LaneFitnessPanel.tsx,True,1752,49,source,False,False
apps/arda-hud/src/components/arda/modules/systems/LaneHeadroomPanel.tsx,True,1797,44,source,False,False
apps/arda-hud/src/components/arda/modules/systems/ManweCapabilityPanel.test.tsx,True,4551,125,source,False,False
apps/arda-hud/src/components/arda/modules/systems/ManweCapabilityPanel.tsx,True,10293,179,source,False,False
apps/arda-hud/src/components/arda/modules/systems/OperatorCockpitPanel.test.tsx,True,3874,96,source,False,False
apps/arda-hud/src/components/arda/modules/systems/OperatorCockpitPanel.tsx,True,13607,266,source,False,False
apps/arda-hud/src/components/arda/modules/systems/RoutableProvidersPanel.test.tsx,True,1678,45,source,False,False
apps/arda-hud/src/components/arda/modules/systems/RoutableProvidersPanel.tsx,True,2478,67,source,False,False
apps/arda-hud/src/components/arda/modules/systems/RoutingActionContractPanel.test.tsx,True,2545,57,source,False,False
apps/arda-hud/src/components/arda/modules/systems/RoutingActionContractPanel.tsx,True,4219,103,source,False,False
apps/arda-hud/src/components/arda/modules/systems/RoutingOwnershipPanel.tsx,True,1353,39,source,False,False
apps/arda-hud/src/components/arda/modules/systems/RuntimeDriftPanel.tsx,True,3428,80,source,False,False
apps/arda-hud/src/components/arda/modules/systems/SetupConsoleReadinessPanel.test.tsx,True,1695,45,source,False,False
apps/arda-hud/src/components/arda/modules/systems/SetupConsoleReadinessPanel.tsx,True,7978,169,source,False,False
apps/arda-hud/src/components/arda/modules/systems/SourceTrustPanel.test.tsx,True,1593,44,source,False,False
apps/arda-hud/src/components/arda/modules/systems/SourceTrustPanel.tsx,True,3062,91,source,False,False
apps/arda-hud/src/components/arda/modules/systems/TaskListViewer.test.tsx,True,2884,70,source,False,False
apps/arda-hud/src/components/arda/modules/systems/TaskListViewer.tsx,True,6777,161,source,False,False
apps/arda-hud/src/components/arda/primitives/LineList.tsx,True,458,22,source,False,False
apps/arda-hud/src/components/arda/primitives/MetricPill.tsx,True,334,14,source,False,False
apps/arda-hud/src/components/arda/types.ts,True,785,25,source,False,False
apps/arda-hud/src/components/business/CommitmentLedger.tsx,True,769,8,source,False,False
apps/arda-hud/src/components/business/ExperimentPanel.tsx,True,699,7,source,False,False
apps/arda-hud/src/components/business/OpportunityBoard.tsx,True,1082,12,source,False,False
apps/arda-hud/src/components/business/ValueEvidencePanel.tsx,True,916,12,source,False,False
apps/arda-hud/src/components/hud/HudChip.tsx,True,557,27,source,False,False
apps/arda-hud/src/components/hud/HudFrame.tsx,True,3637,155,source,False,False
apps/arda-hud/src/components/hud/HudPanel.tsx,True,1258,52,source,False,False
apps/arda-hud/src/components/hud/index.ts,True,254,6,source,False,False
apps/arda-hud/src/components/kit/A2AFeed.tsx,True,1880,79,source,False,False
apps/arda-hud/src/components/kit/AlertBanner.tsx,True,948,34,source,False,False
apps/arda-hud/src/components/kit/CommandFeed.tsx,True,3395,120,source,False,False
apps/arda-hud/src/components/kit/CyberButton.tsx,True,1917,57,source,False,False
apps/arda-hud/src/components/kit/CyberInput.tsx,True,3098,93,source,False,False
apps/arda-hud/src/components/kit/DataTable.tsx,True,1920,64,source,False,False
apps/arda-hud/src/components/kit/Divider.tsx,True,1014,32,source,False,False
apps/arda-hud/src/components/kit/JouleWorkCard.tsx,True,3384,95,source,False,False
apps/arda-hud/src/components/kit/MeterBar.tsx,True,870,34,source,False,False
apps/arda-hud/src/components/kit/NavList.tsx,True,1580,49,source,False,False
apps/arda-hud/src/components/kit/PanelShell.tsx,True,1557,52,source,False,False
apps/arda-hud/src/components/kit/SectionHeader.tsx,True,699,22,source,False,False
apps/arda-hud/src/components/kit/StatBlock.tsx,True,1087,42,source,False,False
apps/arda-hud/src/components/kit/StatusBadge.test.tsx,True,490,15,source,False,False
apps/arda-hud/src/components/kit/StatusBadge.tsx,True,791,25,source,False,False
apps/arda-hud/src/components/kit/Tag.tsx,True,822,30,source,False,False
apps/arda-hud/src/components/workbench/ApprovalPanel.test.tsx,True,1304,20,source,False,False
apps/arda-hud/src/components/workbench/ApprovalPanel.tsx,True,1358,30,source,False,False
apps/arda-hud/src/components/workbench/ChangeReview.test.tsx,True,2073,24,source,False,False
apps/arda-hud/src/components/workbench/ChangeReview.tsx,True,3203,28,source,False,False
apps/arda-hud/src/components/workbench/RunGraphView.test.tsx,True,1299,17,source,False,False
apps/arda-hud/src/components/workbench/RunGraphView.tsx,True,1375,26,source,False,False
apps/arda-hud/src/components/workbench/RunTimeline.test.tsx,True,1996,23,source,False,False
apps/arda-hud/src/components/workbench/RunTimeline.tsx,True,2551,43,source,False,False
apps/arda-hud/src/features/mirromere/INTEGRATION.md,True,6598,,documentation,False,False
apps/arda-hud/src/features/mirromere/MirromereAperture.test.tsx,True,3088,67,source,False,False
apps/arda-hud/src/features/mirromere/MirromereAperture.tsx,True,3650,106,source,False,False
apps/arda-hud/src/features/mirromere/fixtures.ts,True,697,9,source,False,False
apps/arda-hud/src/features/mirromere/sceneRegistry.test.ts,True,4983,123,source,False,False
apps/arda-hud/src/features/mirromere/sceneRegistry.ts,True,903,32,source,False,False
apps/arda-hud/src/features/mirromere/source.test.ts,True,1159,25,source,False,False
apps/arda-hud/src/features/mirromere/source.ts,True,665,16,source,False,False
apps/arda-hud/src/features/mirromere/types.test.ts,True,4590,106,source,False,False
apps/arda-hud/src/features/mirromere/types.ts,True,35,1,source,False,False
apps/arda-hud/src/index.css,True,32035,,config_asset_or_other,False,False
apps/arda-hud/src/lib/INDEX.md,True,1083,,documentation,False,False
apps/arda-hud/src/lib/adapters/diffStreamAdapter.test.ts,True,3529,108,source,False,False
apps/arda-hud/src/lib/adapters/diffStreamAdapter.ts,True,4276,140,source,False,False
apps/arda-hud/src/lib/adapters/toolCallStreamAdapter.test.ts,True,3308,113,source,False,False
apps/arda-hud/src/lib/adapters/toolCallStreamAdapter.ts,True,5653,167,source,False,False
apps/arda-hud/src/lib/ardaBundleTypes.ts,True,5493,170,source,False,False
apps/arda-hud/src/lib/ardaHudSettings.ts,True,6814,155,source,False,False
apps/arda-hud/src/lib/ardaPanelWatch.ts,True,5154,187,source,False,False
apps/arda-hud/src/lib/ardaPresenceSchema.test.ts,True,6793,232,source,False,False
apps/arda-hud/src/lib/ardaPresenceSchema.ts,True,9595,280,source,False,False
apps/arda-hud/src/lib/ardaProvenance.test.ts,True,5097,146,source,False,False
apps/arda-hud/src/lib/ardaProvenance.ts,True,8025,220,source,False,False
apps/arda-hud/src/lib/ardaReaders.ts,True,4609,136,source,False,False
apps/arda-hud/src/lib/ardaRuntimeMode.ts,True,1001,45,source,False,False
apps/arda-hud/src/lib/ardaSource.operatorProjection.test.ts,True,3135,59,source,False,False
apps/arda-hud/src/lib/ardaSource.remoteConfidence.test.ts,True,5436,161,source,False,False
apps/arda-hud/src/lib/ardaSource.ts,True,49729,1271,source,False,False
apps/arda-hud/src/lib/ardaSurfaces.ts,True,35656,806,source,False,False
apps/arda-hud/src/lib/ardaTypes.ts,True,4686,193,source,False,False
apps/arda-hud/src/lib/automationStatus.test.ts,True,2099,56,source,False,False
apps/arda-hud/src/lib/automationStatus.ts,True,4178,121,source,False,False
apps/arda-hud/src/lib/avatarPersona.ts,True,6053,131,source,False,False
apps/arda-hud/src/lib/boardroomRenderContent.ts,True,852,40,source,False,False
apps/arda-hud/src/lib/boardroomSessionRegistry.test.ts,True,3138,77,source,False,False
apps/arda-hud/src/lib/boardroomSessionRegistry.ts,True,6142,164,source,False,False
apps/arda-hud/src/lib/boardroomSessionRegistryPersistence.test.ts,True,2916,53,source,False,False
apps/arda-hud/src/lib/boardroomSessionRegistryPersistence.ts,True,2286,58,source,False,False
apps/arda-hud/src/lib/boardroomSlotSettings.test.ts,True,26777,589,source,False,False
apps/arda-hud/src/lib/boardroomSlotSettings.ts,True,50881,1256,source,False,False
apps/arda-hud/src/lib/browserMonitorSession.test.ts,True,4131,106,source,False,False
apps/arda-hud/src/lib/browserMonitorSession.ts,True,7210,243,source,False,False
apps/arda-hud/src/lib/bundleDerivation.ts,True,4628,108,source,False,False
apps/arda-hud/src/lib/businessReferenceTruth.test.ts,True,1575,39,source,False,False
apps/arda-hud/src/lib/businessReferenceTruth.ts,True,1611,38,source,False,False
apps/arda-hud/src/lib/companyOps.test.ts,True,2174,27,source,False,False
apps/arda-hud/src/lib/companyOps.ts,True,8443,182,source,False,False
apps/arda-hud/src/lib/configWalkthrough.ts,True,10705,308,source,False,False
apps/arda-hud/src/lib/continuity.test.ts,True,4078,110,source,False,False
apps/arda-hud/src/lib/continuity.ts,True,4961,119,source,False,False
apps/arda-hud/src/lib/endpointConfig.test.ts,True,1045,24,source,False,False
apps/arda-hud/src/lib/endpointConfig.ts,True,850,27,source,False,False
apps/arda-hud/src/lib/firstLevelTerminalContracts.test.ts,True,1985,53,source,False,False
apps/arda-hud/src/lib/firstLevelTerminalContracts.ts,True,1319,25,source,False,False
apps/arda-hud/src/lib/hermesDashboardLauncher.ts,True,1590,42,source,False,False
apps/arda-hud/src/lib/hudConvergenceContract.test.ts,True,2384,65,source,False,False
apps/arda-hud/src/lib/hudEventSchema.ts,True,4963,148,source,False,False
apps/arda-hud/src/lib/ingest/examples.ts,True,2505,93,source,False,False
apps/arda-hud/src/lib/ingest/index.ts,True,102,4,source,False,False
apps/arda-hud/src/lib/ingest/parser.ts,True,14398,458,source,False,False
apps/arda-hud/src/lib/ingest/registry.ts,True,2626,119,source,False,False
apps/arda-hud/src/lib/ingest/sources.test.ts,True,495,12,source,False,False
apps/arda-hud/src/lib/ingest/sources.ts,True,4114,143,source,False,False
apps/arda-hud/src/lib/ingest/types.ts,True,3478,208,source,False,False
apps/arda-hud/src/lib/jsonParse.test.ts,True,1244,34,source,False,False
apps/arda-hud/src/lib/jsonParse.ts,True,1531,53,source,False,False
apps/arda-hud/src/lib/learningLoopLoader.test.ts,True,2896,93,source,False,False
apps/arda-hud/src/lib/learningLoopLoader.ts,True,3083,126,source,False,False
apps/arda-hud/src/lib/manweLive.test.ts,True,1475,39,source,False,False
apps/arda-hud/src/lib/manweLive.ts,True,6126,197,source,False,False
apps/arda-hud/src/lib/mediaLibrarySurface.test.ts,True,2781,83,source,False,False
apps/arda-hud/src/lib/mediaLibrarySurface.ts,True,4066,131,source,False,False
apps/arda-hud/src/lib/monitorSurfaceContract.test.ts,True,5536,119,source,False,False
apps/arda-hud/src/lib/monitorSurfaceContract.ts,True,11841,382,source,False,False
apps/arda-hud/src/lib/monitorSurfacePersistence.test.ts,True,4290,106,source,False,False
apps/arda-hud/src/lib/monitorSurfacePlaybackBridge.test.ts,True,2235,68,source,False,False
apps/arda-hud/src/lib/monitorSurfaceRegistryBridge.test.ts,True,6502,164,source,False,False
apps/arda-hud/src/lib/monitorSurfaceRegistryBridge.ts,True,6560,186,source,False,False
apps/arda-hud/src/lib/operatingSurfaceDerivation.ts,True,13332,245,source,False,False
apps/arda-hud/src/lib/operatorProjection.test.ts,True,2955,70,source,False,False
apps/arda-hud/src/lib/operatorProjection.ts,True,11677,278,source,False,False
apps/arda-hud/src/lib/operatorStore.test.ts,True,1323,34,source,False,False
apps/arda-hud/src/lib/operatorStore.ts,True,2655,105,source,False,False
apps/arda-hud/src/lib/orderedProjection.ts,True,234,7,source,False,False
apps/arda-hud/src/lib/personalOps.test.ts,True,1873,44,source,False,False
apps/arda-hud/src/lib/personalOps.ts,True,9182,267,source,False,False
apps/arda-hud/src/lib/ptyMonitorSession.ts,True,1321,43,source,False,False
apps/arda-hud/src/lib/queueHealthProjection.ts,True,5377,154,source,False,False
apps/arda-hud/src/lib/research.test.ts,True,1362,28,source,False,False
apps/arda-hud/src/lib/research.ts,True,9895,241,source,False,False
apps/arda-hud/src/lib/reviewGateDerivation.test.ts,True,2678,81,source,False,False
apps/arda-hud/src/lib/reviewGateDerivation.ts,True,28373,541,source,False,False
apps/arda-hud/src/lib/serviceLibraryBooks.test.ts,True,1343,35,source,False,False
apps/arda-hud/src/lib/serviceLibraryBooks.ts,True,3586,86,source,False,False
apps/arda-hud/src/lib/settingsLayout.ts,True,5960,145,source,False,False
apps/arda-hud/src/lib/soterionRender.ts,True,3355,94,source,False,False
apps/arda-hud/src/lib/sourceActionContract.test.ts,True,1640,40,source,False,False
apps/arda-hud/src/lib/sourceActionContract.ts,True,1946,63,source,False,False
apps/arda-hud/src/lib/statefulPersona.test.ts,True,2793,86,source,False,False
apps/arda-hud/src/lib/statefulPersona.ts,True,4164,131,source,False,False
apps/arda-hud/src/lib/surfaceAdapterManifests.test.ts,True,2659,69,source,False,False
apps/arda-hud/src/lib/surfaceAdapterManifests.ts,True,12179,254,source,False,False
apps/arda-hud/src/lib/systemActionBus.test.ts,True,29563,730,source,False,False
apps/arda-hud/src/lib/systemActionBus.ts,True,43519,1123,source,False,False
apps/arda-hud/src/lib/tauriGuard.test.ts,True,1526,41,source,False,False
apps/arda-hud/src/lib/tauriGuard.ts,True,1335,47,source,False,False
apps/arda-hud/src/lib/weathertop.test.ts,True,852,28,source,False,False
apps/arda-hud/src/lib/weathertop.ts,True,6535,234,source,False,False
apps/arda-hud/src/lib/workbench.test.ts,True,1579,38,source,False,False
apps/arda-hud/src/lib/workbench.ts,True,5656,163,source,False,False
apps/arda-hud/src/lib/workstationComposition.test.ts,True,3109,69,source,False,False
apps/arda-hud/src/lib/workstationComposition.ts,True,6334,182,source,False,False
apps/arda-hud/src/lib/worldSurfaceSettings.test.ts,True,6131,167,source,False,False
apps/arda-hud/src/lib/worldSurfaceSettings.ts,True,18376,406,source,False,False
apps/arda-hud/src/main.tsx,True,374,14,source,False,False
apps/arda-hud/src/phase9OrphanRetirementContract.test.ts,True,1483,29,source,False,False
apps/arda-hud/src/scene/ARDA_SCENE_CONTRACTS.md,True,5456,,documentation,False,False
apps/arda-hud/src/scene/BoardroomMermaidExample.tsx,True,1645,52,source,False,False
apps/arda-hud/src/scene/INDEX.md,True,376,,documentation,False,False
apps/arda-hud/src/scene/MermaidMonitorSurface.tsx,True,5538,163,source,False,False
apps/arda-hud/src/scene/README.md,True,948,,documentation,False,False
apps/arda-hud/src/scene/boardroom/AgentPresenceOrbit.tsx,True,3786,105,source,False,False
apps/arda-hud/src/scene/boardroom/AvatarPresenceLayer.tsx,True,6388,189,source,False,False
apps/arda-hud/src/scene/boardroom/BOARDROOM_CONTRACT.md,True,5892,,documentation,False,False
apps/arda-hud/src/scene/boardroom/BOARDROOM_TUNING.md,True,3479,,documentation,False,False
apps/arda-hud/src/scene/boardroom/BoardroomAccessibilityControls.test.tsx,True,4664,116,source,False,False
apps/arda-hud/src/scene/boardroom/BoardroomAccessibilityControls.tsx,True,3702,91,source,False,False
apps/arda-hud/src/scene/boardroom/BoardroomApertureSurface.tsx,True,22506,613,source,False,False
apps/arda-hud/src/scene/boardroom/BoardroomInstrumentScreen.test.ts,True,1799,40,source,False,False
apps/arda-hud/src/scene/boardroom/BoardroomInstrumentScreen.tsx,True,8142,264,source,False,False
apps/arda-hud/src/scene/boardroom/BoardroomMissionCue.test.ts,True,1508,43,source,False,False
apps/arda-hud/src/scene/boardroom/BoardroomMissionCue.tsx,True,2625,78,source,False,False
apps/arda-hud/src/scene/boardroom/BoardroomViewport.tsx,True,54153,1489,source,False,False
apps/arda-hud/src/scene/boardroom/CommandCoreInstrumentScreen.tsx,True,9534,263,source,False,False
apps/arda-hud/src/scene/boardroom/LowerInstrumentScreen.tsx,True,15812,442,source,False,False
apps/arda-hud/src/scene/boardroom/MonitorOwnershipRail.tsx,True,5788,165,source,False,False
apps/arda-hud/src/scene/boardroom/MonitorSessionWorkstation.tsx,True,10830,316,source,False,False
apps/arda-hud/src/scene/boardroom/MonitorSurfaceNativeAcceptance.tsx,True,41589,859,source,False,False
apps/arda-hud/src/scene/boardroom/ParticleOrb.tsx,True,6279,174,source,False,False
apps/arda-hud/src/scene/boardroom/PresenceAvatar.tsx,True,5418,157,source,False,False
apps/arda-hud/src/scene/boardroom/PresenceParticleSystem.tsx,True,5955,152,source,False,False
apps/arda-hud/src/scene/boardroom/README.md,True,5505,,documentation,False,False
apps/arda-hud/src/scene/boardroom/UpperAmbientMonitorScreen.tsx,True,13799,372,source,False,False
apps/arda-hud/src/scene/boardroom/__visual_baselines__/boardroom-default-web.png,True,665734,,config_asset_or_other,False,False
apps/arda-hud/src/scene/boardroom/__visual_baselines__/boardroom-degraded-web.png,True,665640,,config_asset_or_other,False,False
apps/arda-hud/src/scene/boardroom/boardroomComposition.test.ts,True,2002,40,source,False,False
apps/arda-hud/src/scene/boardroom/boardroomComposition.ts,True,858,32,source,False,False
apps/arda-hud/src/scene/boardroom/boardroomConsoleSegments.test.ts,True,4281,94,source,False,False
apps/arda-hud/src/scene/boardroom/boardroomConsoleSegments.ts,True,5316,167,source,False,False
apps/arda-hud/src/scene/boardroom/boardroomHudInstruments.test.ts,True,10396,275,source,False,False
apps/arda-hud/src/scene/boardroom/boardroomHudInstruments.ts,True,15869,468,source,False,False
apps/arda-hud/src/scene/boardroom/boardroomHudSourceAdapters.test.ts,True,4745,131,source,False,False
apps/arda-hud/src/scene/boardroom/boardroomHudSourceAdapters.ts,True,4922,134,source,False,False
apps/arda-hud/src/scene/boardroom/boardroomMonitorFocus.test.ts,True,4714,109,source,False,False
apps/arda-hud/src/scene/boardroom/boardroomMonitorModels.test.ts,True,1796,48,source,False,False
apps/arda-hud/src/scene/boardroom/boardroomMonitorModels.ts,True,677,23,source,False,False
apps/arda-hud/src/scene/boardroom/boardroomPerformance.test.ts,True,2760,95,source,False,False
apps/arda-hud/src/scene/boardroom/boardroomPerformance.ts,True,1904,69,source,False,False
apps/arda-hud/src/scene/boardroom/boardroomPhysicalControls.test.ts,True,5999,147,source,False,False
apps/arda-hud/src/scene/boardroom/boardroomPhysicalControls.ts,True,6510,218,source,False,False
apps/arda-hud/src/scene/boardroom/boardroomPresenceStatus.test.ts,True,2813,69,source,False,False
apps/arda-hud/src/scene/boardroom/boardroomPresenceStatus.ts,True,1632,47,source,False,False
apps/arda-hud/src/scene/boardroom/boardroomSpatialLayout.test.ts,True,7881,174,source,False,False
apps/arda-hud/src/scene/boardroom/boardroomSpatialLayout.ts,True,9017,271,source,False,False
apps/arda-hud/src/scene/boardroom/boardroomSurfacePreviewModel.test.ts,True,4042,93,source,False,False
apps/arda-hud/src/scene/boardroom/boardroomSurfacePreviewModel.ts,True,7978,216,source,False,False
apps/arda-hud/src/scene/boardroom/boardroomVisualRefinement.test.ts,True,1563,31,source,False,False
apps/arda-hud/src/scene/boardroom/boardroomVisualRefinement.ts,True,3026,75,source,False,False
apps/arda-hud/src/scene/boardroom/boardroomVisualRegression.test.ts,True,2066,40,source,False,False
apps/arda-hud/src/scene/boardroom/boardroomVisualRegression.ts,True,1438,45,source,False,False
apps/arda-hud/src/scene/boardroom/boardroomVisualizationPresets.test.ts,True,1820,54,source,False,False
apps/arda-hud/src/scene/boardroom/boardroomVisualizationPresets.ts,True,6346,181,source,False,False
apps/arda-hud/src/scene/boardroom/browserMonitorWorkstationModel.test.ts,True,1323,35,source,False,False
apps/arda-hud/src/scene/boardroom/browserMonitorWorkstationModel.ts,True,1664,43,source,False,False
apps/arda-hud/src/scene/boardroom/commandCoreSignal.test.ts,True,2394,57,source,False,False
apps/arda-hud/src/scene/boardroom/commandCoreSignal.ts,True,2475,67,source,False,False
apps/arda-hud/src/scene/boardroom/hermesDashboardMonitorSurface.test.ts,True,4752,122,source,False,False
apps/arda-hud/src/scene/boardroom/instrumentFrameCadence.test.ts,True,488,11,source,False,False
apps/arda-hud/src/scene/boardroom/instrumentFrameCadence.ts,True,220,5,source,False,False
apps/arda-hud/src/scene/boardroom/lowerInstrumentSignal.test.ts,True,2695,70,source,False,False
apps/arda-hud/src/scene/boardroom/lowerInstrumentSignal.ts,True,3420,75,source,False,False
apps/arda-hud/src/scene/boardroom/mirromereBoardroomIntegration.test.ts,True,2070,35,source,False,False
apps/arda-hud/src/scene/boardroom/mirromereInteractionWiring.test.ts,True,1933,58,source,False,False
apps/arda-hud/src/scene/boardroom/monitorApertureDescriptorState.test.ts,True,2633,69,source,False,False
apps/arda-hud/src/scene/boardroom/monitorApertureDescriptorState.ts,True,1457,43,source,False,False
apps/arda-hud/src/scene/boardroom/monitorApertureGeometry.ts,True,722,31,source,False,False
apps/arda-hud/src/scene/boardroom/monitorApertureProjection.test.ts,True,1415,30,source,False,False
apps/arda-hud/src/scene/boardroom/monitorMediaLifecycle.test.ts,True,1528,46,source,False,False
apps/arda-hud/src/scene/boardroom/monitorMediaLifecycle.ts,True,2808,105,source,False,False
apps/arda-hud/src/scene/boardroom/monitorMediaRuntime.test.ts,True,4585,141,source,False,False
apps/arda-hud/src/scene/boardroom/monitorMediaRuntime.ts,True,4301,125,source,False,False
apps/arda-hud/src/scene/boardroom/monitorOwnershipRailModel.test.ts,True,2981,72,source,False,False
apps/arda-hud/src/scene/boardroom/monitorOwnershipRailModel.ts,True,2685,82,source,False,False
apps/arda-hud/src/scene/boardroom/monitorSessionWorkstationRoute.test.ts,True,2111,47,source,False,False
apps/arda-hud/src/scene/boardroom/monitorSessionWorkstationRoute.ts,True,1402,35,source,False,False
apps/arda-hud/src/scene/boardroom/monitorSurfaceRuntime.test.ts,True,2440,55,source,False,False
apps/arda-hud/src/scene/boardroom/monitorSurfaceRuntime.ts,True,2166,72,source,False,False
apps/arda-hud/src/scene/boardroom/monitorSurfaceTopology.test.ts,True,2142,58,source,False,False
apps/arda-hud/src/scene/boardroom/monitorSurfaceTopology.ts,True,1948,56,source,False,False
apps/arda-hud/src/scene/boardroom/nativeMonitorAcceptanceModel.test.ts,True,3035,82,source,False,False
apps/arda-hud/src/scene/boardroom/nativeMonitorAcceptanceModel.ts,True,3630,120,source,False,False
apps/arda-hud/src/scene/boardroom/operatorProjectionMonitorRenderer.test.ts,True,1344,37,source,False,False
apps/arda-hud/src/scene/boardroom/operatorProjectionMonitorRenderer.ts,True,1742,47,source,False,False
apps/arda-hud/src/scene/boardroom/p9CalmOperationContract.test.ts,True,2198,55,source,False,False
apps/arda-hud/src/scene/boardroom/particlePresence.test.ts,True,3673,110,source,False,False
apps/arda-hud/src/scene/boardroom/particlePresence.ts,True,2201,82,source,False,False
apps/arda-hud/src/scene/boardroom/renderers/monitorRendererRegistry.test.ts,True,6376,189,source,False,False
apps/arda-hud/src/scene/boardroom/renderers/monitorRendererRegistry.ts,True,8890,251,source,False,False
apps/arda-hud/src/scene/boardroom/universalMonitorAcceptance.test.ts,True,4349,123,source,False,False
apps/arda-hud/src/scene/boardroom/upperAmbientSignal.test.ts,True,1853,48,source,False,False
apps/arda-hud/src/scene/boardroom/upperAmbientSignal.ts,True,2383,64,source,False,False
apps/arda-hud/src/scene/mermaidCanvasRenderer.ts,True,5822,185,source,False,False
apps/arda-hud/src/scene/shaders/SHADER_CONTRACT.md,True,3729,,documentation,False,False
apps/arda-hud/src/scene/systems/ATMOSPHERE_CONTRACT.md,True,3593,,documentation,False,False
apps/arda-hud/src/scene/systems/CAMERA_CONTRACT.md,True,1089,,documentation,False,False
apps/arda-hud/src/scene/systems/CONTRACTS.md,True,8163,,documentation,False,False
apps/arda-hud/src/scene/systems/INTERACTION_CONTRACT.md,True,1258,,documentation,False,False
apps/arda-hud/src/scene/systems/LIGHTING_CONTRACT.md,True,3729,,documentation,False,False
apps/arda-hud/src/scene/systems/MATERIAL_CONTRACT.md,True,4241,,documentation,False,False
apps/arda-hud/src/scene/systems/PRESENCE_CONTRACT.md,True,6044,,documentation,False,False
apps/arda-hud/src/scene/systems/SCENE_RUNTIME_CONTRACT.md,True,2414,,documentation,False,False
apps/arda-hud/src/scene/systems/SceneRuntimeCard.tsx,True,1576,60,source,False,False
apps/arda-hud/src/scene/systems/assetPerformanceBudget.test.ts,True,3165,76,source,False,False
apps/arda-hud/src/scene/systems/assetPerformanceBudget.ts,True,4406,138,source,False,False
apps/arda-hud/src/scene/systems/companionDisplayState.test.ts,True,5433,158,source,False,False
apps/arda-hud/src/scene/systems/companionDisplayState.ts,True,4752,126,source,False,False
apps/arda-hud/src/scene/systems/companionHandoffFixture.ts,True,925,32,source,False,False
apps/arda-hud/src/scene/systems/presenceState.test.ts,True,13242,362,source,False,False
apps/arda-hud/src/scene/systems/presenceState.ts,True,17795,486,source,False,False
apps/arda-hud/src/scene/systems/presenceTypes.ts,True,2031,97,source,False,False
apps/arda-hud/src/scene/systems/runtimeTypes.ts,True,1353,62,source,False,False
apps/arda-hud/src/scene/systems/sceneAssets.test.ts,True,576,14,source,False,False
apps/arda-hud/src/scene/systems/sceneAssets.ts,True,2408,80,source,False,False
apps/arda-hud/src/scene/systems/sceneMaterials.ts,True,4859,161,source,False,False
apps/arda-hud/src/scene/workstations/SLOT_COMPONENT_CONTRACT.md,True,2835,,documentation,False,False
apps/arda-hud/src/scene/workstations/WORKSTATION_CONTRACT.md,True,1898,,documentation,False,False
apps/arda-hud/src/scene/workstations/adapters/ardaAdapter.test.ts,True,10599,227,source,False,False
apps/arda-hud/src/scene/workstations/adapters/ardaAdapter.ts,True,32017,667,source,False,False
apps/arda-hud/src/scene/workstations/continuityWorkstationView.test.tsx,True,3740,69,source,False,False
apps/arda-hud/src/scene/workstations/continuityWorkstationView.tsx,True,5740,107,source,False,False
apps/arda-hud/src/scene/workstations/fleetWorkstationView.test.tsx,True,3070,54,source,False,False
apps/arda-hud/src/scene/workstations/fleetWorkstationView.tsx,True,5013,86,source,False,False
apps/arda-hud/src/scene/workstations/routingWorkstationView.test.tsx,True,3883,62,source,False,False
apps/arda-hud/src/scene/workstations/routingWorkstationView.tsx,True,5635,106,source,False,False
apps/arda-hud/src/scene/workstations/sceneSlotWorkstationTemplates.test.ts,True,2534,52,source,False,False
apps/arda-hud/src/scene/workstations/sceneSlotWorkstationTemplates.ts,True,4825,123,source,False,False
apps/arda-hud/src/scene/workstations/viewModels.test.ts,True,1626,48,source,False,False
apps/arda-hud/src/scene/workstations/viewModels.ts,True,11738,398,source,False,False
apps/arda-hud/src/scene/workstations/workstationRoles.test.ts,True,1803,51,source,False,False
apps/arda-hud/src/scene/workstations/workstationRoles.ts,True,6843,194,source,False,False
apps/arda-hud/src/scene/world/README.md,True,371,,documentation,False,False
apps/arda-hud/src/scene/world/WORLD_CONTRACT.md,True,2512,,documentation,False,False
apps/arda-hud/src/scene/world/WorldDistrictPresenceCue.test.ts,True,2938,97,source,False,False
apps/arda-hud/src/scene/world/WorldDistrictPresenceCue.tsx,True,3812,115,source,False,False
apps/arda-hud/src/scene/world/WorldTerminalSurfacePreview.test.tsx,True,749,22,source,False,False
apps/arda-hud/src/scene/world/WorldTerminalSurfacePreview.tsx,True,2495,75,source,False,False
apps/arda-hud/src/scene/world/WorldViewport.tsx,True,8226,220,source,False,False
apps/arda-hud/src/scene/world/worldDistrictContracts.test.ts,True,1125,28,source,False,False
apps/arda-hud/src/scene/world/worldDistrictContracts.ts,True,12458,210,source,False,False
apps/arda-hud/src/scene/world/worldDistrictPresentation.test.ts,True,1935,52,source,False,False
apps/arda-hud/src/scene/world/worldDistrictPresentation.ts,True,1380,45,source,False,False
apps/arda-hud/src/scene/world/worldDistrictUrgency.test.ts,True,3425,88,source,False,False
apps/arda-hud/src/scene/world/worldDistrictUrgency.ts,True,4915,123,source,False,False
apps/arda-hud/src/scene/world/worldDistrictWorkflows.test.ts,True,2991,84,source,False,False
apps/arda-hud/src/scene/world/worldDistrictWorkflows.ts,True,2985,79,source,False,False
apps/arda-hud/src/scene/world/worldTerminalSurfacePreviewModel.test.ts,True,2153,59,source,False,False
apps/arda-hud/src/scene/world/worldTerminalSurfacePreviewModel.ts,True,2397,73,source,False,False
apps/arda-hud/src/styles/INDEX.md,True,2845,,documentation,False,False
apps/arda-hud/src/styles/TREE.json,True,2566,,config_asset_or_other,False,False
apps/arda-hud/src/styles/TREE.md,True,2110,,documentation,False,False
apps/arda-hud/src/styles/adapters/continuity.css,True,3039,,config_asset_or_other,False,False
apps/arda-hud/src/styles/adapters/convergence.css,True,4038,,config_asset_or_other,False,False
apps/arda-hud/src/styles/adapters/fleet.css,True,6188,,config_asset_or_other,False,False
apps/arda-hud/src/styles/adapters/routing.css,True,3724,,config_asset_or_other,False,False
apps/arda-hud/src/styles/components/cards.css,True,3405,,config_asset_or_other,False,False
apps/arda-hud/src/styles/components/controls.css,True,7950,,config_asset_or_other,False,False
apps/arda-hud/src/styles/components/data-display.css,True,1408,,config_asset_or_other,False,False
apps/arda-hud/src/styles/components/hermes-dashboard.css,True,3785,,config_asset_or_other,False,False
apps/arda-hud/src/styles/components/hud-kit.css,True,2586,,config_asset_or_other,False,False
apps/arda-hud/src/styles/components/media-library.css,True,2322,,config_asset_or_other,False,False
apps/arda-hud/src/styles/components/modules.css,True,19163,,config_asset_or_other,False,False
apps/arda-hud/src/styles/components/research.css,True,4476,,config_asset_or_other,False,False
apps/arda-hud/src/styles/components/service-surfaces.css,True,3207,,config_asset_or_other,False,False
apps/arda-hud/src/styles/foundation/base.css,True,1779,,config_asset_or_other,False,False
apps/arda-hud/src/styles/foundation/keyframes.css,True,2918,,config_asset_or_other,False,False
apps/arda-hud/src/styles/foundation/themes.css,True,1382,,config_asset_or_other,False,False
apps/arda-hud/src/styles/foundation/tokens.css,True,2368,,config_asset_or_other,False,False
apps/arda-hud/src/styles/foundation/utilities.css,True,1345,,config_asset_or_other,False,False
apps/arda-hud/src/styles/layout/app-shell.css,True,4519,,config_asset_or_other,False,False
apps/arda-hud/src/styles/layout/panels.css,True,2099,,config_asset_or_other,False,False
apps/arda-hud/src/styles/layout/workspace.css,True,6826,,config_asset_or_other,False,False
apps/arda-hud/src/styles/phase8VisualConvergenceContract.test.ts,True,3800,86,source,False,False
apps/arda-hud/src/styles/scene/boardroom.css,True,37099,,config_asset_or_other,False,False
apps/arda-hud/src/styles/scene/hud-instruments.css,True,16447,,config_asset_or_other,False,False
apps/arda-hud/src/styles/scene/scene-stage.css,True,11328,,config_asset_or_other,False,False
apps/arda-hud/src/styles/scene/terminal-surfaces.css,True,0,,config_asset_or_other,False,False
apps/arda-hud/src/styles/scene/workstations.css,True,7168,,config_asset_or_other,False,False
apps/arda-hud/src/styles/scene/world.css,True,14198,,config_asset_or_other,False,False
apps/arda-hud/src/styles/tokens/nightcity.tokens.ts,True,810,29,source,False,False
apps/arda-hud/src/terminal.tsx,True,2246,92,source,False,False
apps/arda-hud/src/terminalCapability.test.ts,True,339,9,source,False,False
apps/arda-hud/src/terminalStartup.test.ts,True,882,31,source,False,False
apps/arda-hud/src/terminalStartup.ts,True,789,38,source,False,False
apps/arda-hud/src/test/INDEX.md,True,323,,documentation,False,False
apps/arda-hud/src/test/setup.smoke.test.ts,True,404,12,source,False,False
apps/arda-hud/src/test/setup.ts,True,59,2,source,False,False
apps/arda-hud/src/types/constants.ts,True,0,0,source,False,False
apps/arda-hud/src/utils/INDEX.md,True,330,,documentation,False,False
apps/arda-hud/src/utils/constants.ts,True,146,3,source,False,False
apps/arda-hud/src/utils/multiWindow.test.ts,True,2449,79,source,False,False
apps/arda-hud/src/utils/multiWindow.ts,True,15712,552,source,False,False
apps/arda-hud/src/visualizations/VisualizationRenderer.tsx,True,1448,52,source,False,False
apps/arda-hud/src/visualizations/index.ts,True,256,9,source,False,False
apps/arda-hud/src/visualizations/register.ts,True,256,9,source,False,False
apps/arda-hud/src/visualizations/registry.ts,True,946,27,source,False,False
apps/arda-hud/src/visualizations/templates/CyberMatrixTemplate.tsx,True,0,0,source,False,False
apps/arda-hud/src/visualizations/templates/GraphTemplate.tsx,True,0,0,source,False,False
apps/arda-hud/src/visualizations/templates/StatusGridTemplate.tsx,True,0,0,source,False,False
apps/arda-hud/src/visualizations/templates/StructuredTemplate.tsx,True,911,35,source,False,False
apps/arda-hud/src/visualizations/types.ts,True,679,24,source,False,False
apps/arda-hud/src/vite-env.d.ts,True,55,2,source,False,False
apps/arda-hud/src/workstations/adapters/genericControlSystemAdapter.test.ts,True,5993,139,source,False,False
apps/arda-hud/src/workstations/adapters/genericControlSystemAdapter.ts,True,10681,296,source,False,False
apps/arda-hud/terminal.html,True,631,,config_asset_or_other,False,False
apps/arda-hud/tools/blender/build_boardroom_physical_stage.py,True,22384,568,source,False,False
apps/arda-hud/tools/blender/build_presence_cortana.py,True,6981,193,source,False,False
apps/arda-hud/tsconfig.json,True,1270,,config_asset_or_other,False,False
apps/arda-hud/tsconfig.node.json,True,213,,config_asset_or_other,False,False
apps/arda-hud/vite.config.ts,True,2989,99,source,False,False
apps/arda-launcher/.gitignore,True,332,,config_asset_or_other,False,False
apps/arda-launcher/.vscode/extensions.json,True,80,,config_asset_or_other,False,False
apps/arda-launcher/BREAKDOWN.md,True,6726,,documentation,False,False
apps/arda-launcher/INDEX.md,True,4156,,documentation,False,False
apps/arda-launcher/OWNERSHIP.md,True,1912,,documentation,False,False
apps/arda-launcher/README.md,True,7872,,documentation,False,False
apps/arda-launcher/STATUS.md,True,3385,,documentation,False,False
apps/arda-launcher/index.html,True,376,,config_asset_or_other,False,False
apps/arda-launcher/package.json,True,1043,,config_asset_or_other,False,False
apps/arda-launcher/packaging/linux/io.arda.Launcher.desktop,True,270,,config_asset_or_other,False,False
apps/arda-launcher/pnpm-lock.yaml,True,67465,,config_asset_or_other,False,False
apps/arda-launcher/public/artifacts/bg-ground.png,True,608487,,config_asset_or_other,False,False
apps/arda-launcher/public/smoke/smoke1.png,True,16384,,config_asset_or_other,False,False
apps/arda-launcher/public/smoke/smoke2.png,True,16384,,config_asset_or_other,False,False
apps/arda-launcher/public/smoke/smoke3.png,True,16384,,config_asset_or_other,False,False
apps/arda-launcher/public/smoke/smoke4.png,True,16384,,config_asset_or_other,False,False
apps/arda-launcher/public/smoke/smoke5.png,True,16384,,config_asset_or_other,False,False
apps/arda-launcher/src-tauri/Cargo.toml,True,686,,config_asset_or_other,False,False
apps/arda-launcher/src-tauri/README.md,True,1921,,documentation,False,False
apps/arda-launcher/src-tauri/build.rs,True,39,3,source,False,False
apps/arda-launcher/src-tauri/capabilities/default.json,True,220,,config_asset_or_other,False,False
apps/arda-launcher/src-tauri/gen/schemas/acl-manifests.json,True,69499,,config_asset_or_other,False,False
apps/arda-launcher/src-tauri/gen/schemas/capabilities.json,True,163,,config_asset_or_other,False,False
apps/arda-launcher/src-tauri/gen/schemas/desktop-schema.json,True,129129,,config_asset_or_other,False,False
apps/arda-launcher/src-tauri/gen/schemas/linux-schema.json,True,129129,,config_asset_or_other,False,False
apps/arda-launcher/src-tauri/icons/128x128.png,True,1593,,config_asset_or_other,False,False
apps/arda-launcher/src-tauri/icons/128x128@2x.png,True,2861,,config_asset_or_other,False,False
apps/arda-launcher/src-tauri/icons/32x32.png,True,567,,config_asset_or_other,False,False
apps/arda-launcher/src-tauri/icons/Square107x107Logo.png,True,1340,,config_asset_or_other,False,False
apps/arda-launcher/src-tauri/icons/Square142x142Logo.png,True,1691,,config_asset_or_other,False,False
apps/arda-launcher/src-tauri/icons/Square150x150Logo.png,True,1738,,config_asset_or_other,False,False
apps/arda-launcher/src-tauri/icons/Square284x284Logo.png,True,3115,,config_asset_or_other,False,False
apps/arda-launcher/src-tauri/icons/Square30x30Logo.png,True,536,,config_asset_or_other,False,False
apps/arda-launcher/src-tauri/icons/Square310x310Logo.png,True,3447,,config_asset_or_other,False,False
apps/arda-launcher/src-tauri/icons/Square44x44Logo.png,True,777,,config_asset_or_other,False,False
apps/arda-launcher/src-tauri/icons/Square71x71Logo.png,True,1020,,config_asset_or_other,False,False
apps/arda-launcher/src-tauri/icons/Square89x89Logo.png,True,1181,,config_asset_or_other,False,False
apps/arda-launcher/src-tauri/icons/StoreLogo.png,True,848,,config_asset_or_other,False,False
apps/arda-launcher/src-tauri/icons/icon.icns,True,98451,,config_asset_or_other,False,False
apps/arda-launcher/src-tauri/icons/icon.ico,True,37710,,config_asset_or_other,False,False
apps/arda-launcher/src-tauri/icons/icon.png,True,5664,,config_asset_or_other,False,False
apps/arda-launcher/src-tauri/src/lib.rs,True,8139,262,source,False,False
apps/arda-launcher/src-tauri/src/lifecycle/commands.rs,True,16460,497,source,False,False
apps/arda-launcher/src-tauri/src/lifecycle/health.rs,True,9133,317,source,False,False
apps/arda-launcher/src-tauri/src/lifecycle/mod.rs,True,15628,475,source,False,False
apps/arda-launcher/src-tauri/src/lifecycle/systemd.rs,True,13308,418,source,False,False
apps/arda-launcher/src-tauri/src/lifecycle/types.rs,True,12293,403,source,False,False
apps/arda-launcher/src-tauri/src/main.rs,True,188,6,source,False,False
apps/arda-launcher/src-tauri/src/onboarding/INDEX.md,True,814,,documentation,False,False
apps/arda-launcher/src-tauri/src/onboarding/README.md,True,397,,documentation,False,False
apps/arda-launcher/src-tauri/src/onboarding/console.rs,True,7294,178,source,False,False
apps/arda-launcher/src-tauri/src/onboarding/constants.rs,True,791,10,source,False,False
apps/arda-launcher/src-tauri/src/onboarding/device.rs,True,6668,141,source,False,False
apps/arda-launcher/src-tauri/src/onboarding/environment.rs,True,10908,305,source,False,False
apps/arda-launcher/src-tauri/src/onboarding/first_run.rs,True,9147,238,source,False,False
apps/arda-launcher/src-tauri/src/onboarding/guided.rs,True,9381,226,source,False,False
apps/arda-launcher/src-tauri/src/onboarding/helpers.rs,True,12981,412,source,False,False
apps/arda-launcher/src-tauri/src/onboarding/io.rs,True,5095,158,source,False,False
apps/arda-launcher/src-tauri/src/onboarding/mod.rs,True,1213,41,source,False,False
apps/arda-launcher/src-tauri/src/onboarding/prerequisites.rs,True,6705,214,source,False,False
apps/arda-launcher/src-tauri/src/onboarding/private_config.rs,True,11560,339,source,False,False
apps/arda-launcher/src-tauri/src/onboarding/provider.rs,True,10903,259,source,False,False
apps/arda-launcher/src-tauri/src/onboarding/readiness.rs,True,9225,244,source,False,False
apps/arda-launcher/src-tauri/src/onboarding/registry.rs,True,3867,138,source,False,False
apps/arda-launcher/src-tauri/src/onboarding/service_plan.rs,True,19210,454,source,False,False
apps/arda-launcher/src-tauri/src/onboarding/tests.rs,True,4786,138,source,False,False
apps/arda-launcher/src-tauri/src/onboarding/types.rs,True,12875,429,source,False,False
apps/arda-launcher/src-tauri/src/tauri-api-ambient.d.ts,True,738,24,source,False,False
apps/arda-launcher/src-tauri/src/tauri-core-types.d.ts,True,127,3,source,False,False
apps/arda-launcher/src-tauri/tauri.conf.json,True,1038,,config_asset_or_other,False,False
apps/arda-launcher/src/.gitignore,True,253,,config_asset_or_other,False,False
apps/arda-launcher/src/.oxlintrc.json,True,245,,config_asset_or_other,False,False
apps/arda-launcher/src/App.tsx,True,6806,230,source,False,False
apps/arda-launcher/src/assets/react.svg,True,4126,,config_asset_or_other,False,False
apps/arda-launcher/src/components/ArdaLogo.tsx,True,1039,28,source,False,False
apps/arda-launcher/src/components/LifecyclePanel.tsx,True,3644,76,source,False,False
apps/arda-launcher/src/components/OnboardingPanel.tsx,True,14045,290,source,False,False
apps/arda-launcher/src/components/ParticleSmoke.tsx,True,4953,165,source,False,False
apps/arda-launcher/src/lib/first-run-orientation.test.ts,True,4426,114,source,False,False
apps/arda-launcher/src/lib/first-run-orientation.ts,True,3230,60,source,False,False
apps/arda-launcher/src/lib/lifecycle.test.ts,True,2635,36,source,False,False
apps/arda-launcher/src/lib/lifecycle.ts,True,2931,55,source,False,False
apps/arda-launcher/src/lib/readiness-gate.test.ts,True,3489,119,source,False,False
apps/arda-launcher/src/lib/readiness-gate.ts,True,1468,57,source,False,False
apps/arda-launcher/src/lib/security-config.test.ts,True,575,16,source,False,False
apps/arda-launcher/src/lib/tauri-core-compat.test.ts,True,3054,105,source,False,False
apps/arda-launcher/src/lib/tauri-core-compat.ts,True,3392,148,source,False,False
apps/arda-launcher/src/main.tsx,True,237,10,source,False,False
apps/arda-launcher/src/scenes/Background.tsx,True,993,32,source,False,False
apps/arda-launcher/src/scenes/components/WorldTree.tsx,True,2648,72,source,False,False
apps/arda-launcher/src/scenes/state/OnboardingText.tsx,True,1882,59,source,False,False
apps/arda-launcher/src/styles/base.css,True,159,,config_asset_or_other,False,False
apps/arda-launcher/src/styles/colors.ts,True,98,3,source,False,False
apps/arda-launcher/src/styles/theme.css,True,178,,config_asset_or_other,False,False
apps/arda-launcher/src/tauri-core-types.d.ts,True,273,10,source,False,False
apps/arda-launcher/src/vite-env.d.ts,True,38,1,source,False,False
apps/arda-launcher/tsconfig.json,True,589,,config_asset_or_other,False,False
apps/arda-launcher/tsconfig.node.json,True,213,,config_asset_or_other,False,False
apps/arda-launcher/tsconfig.node.tsbuildinfo,True,54327,,config_asset_or_other,False,False
apps/arda-launcher/tsconfig.tsbuildinfo,True,700,,config_asset_or_other,False,False
apps/arda-launcher/vite.config.d.ts,True,84,2,source,False,False
apps/arda-launcher/vite.config.ts,True,508,24,source,False,False
apps/arda-mirromere/README.md,True,1810,,documentation,False,False
apps/arda-mirromere/index.html,True,258,,config_asset_or_other,False,False
apps/arda-mirromere/package.json,True,619,,config_asset_or_other,False,False
apps/arda-mirromere/pnpm-lock.yaml,True,49088,,config_asset_or_other,False,False
apps/arda-mirromere/src-tauri/Cargo.toml,True,734,,config_asset_or_other,False,False
apps/arda-mirromere/src-tauri/build.rs,True,39,3,source,False,False
apps/arda-mirromere/src-tauri/capabilities/default.json,True,208,,config_asset_or_other,False,False
apps/arda-mirromere/src-tauri/gen/schemas/acl-manifests.json,True,65934,,config_asset_or_other,False,False
apps/arda-mirromere/src-tauri/gen/schemas/capabilities.json,True,148,,config_asset_or_other,False,False
apps/arda-mirromere/src-tauri/gen/schemas/desktop-schema.json,True,116049,,config_asset_or_other,False,False
apps/arda-mirromere/src-tauri/gen/schemas/linux-schema.json,True,116049,,config_asset_or_other,False,False
apps/arda-mirromere/src-tauri/src/display.rs,True,11098,334,source,False,False
apps/arda-mirromere/src-tauri/src/lib.rs,True,8195,243,source,False,False
apps/arda-mirromere/src-tauri/src/main.rs,True,44,3,source,False,False
apps/arda-mirromere/src-tauri/tauri.conf.json,True,785,,config_asset_or_other,False,False
apps/arda-mirromere/src/App.tsx,True,3437,90,source,False,False
apps/arda-mirromere/src/main.tsx,True,214,6,source,False,False
apps/arda-mirromere/src/projectionState.test.ts,True,1434,37,source,False,False
apps/arda-mirromere/src/projectionState.ts,True,761,28,source,False,False
apps/arda-mirromere/src/styles.css,True,891,,config_asset_or_other,False,False
apps/arda-mirromere/src/vite-env.d.ts,True,38,1,source,False,False
apps/arda-mirromere/tsconfig.json,True,559,,config_asset_or_other,False,False
apps/arda-mirromere/vite.config.ts,True,199,8,source,False,False
audit/hades-queue-compaction-runs/20260805T201411Z_queue_compaction_receipt.json,True,1227,,config_asset_or_other,False,False
audit/portability-audit-runs/2026-07-27/portability-audit-20260727T001807Z/active-blockers.jsonl,True,76873,,config_asset_or_other,False,False
audit/portability-audit-runs/2026-07-27/portability-audit-20260727T001807Z/findings.jsonl,True,3496666,,config_asset_or_other,False,False
audit/portability-audit-runs/2026-07-27/portability-audit-20260727T001807Z/ignored.jsonl,True,3419793,,config_asset_or_other,False,False
audit/portability-audit-runs/2026-07-27/portability-audit-20260727T001807Z/summary.json,True,3820,,config_asset_or_other,False,False
audit/portability-audit-runs/2026-07-27/portability-audit-20260727T001807Z/summary.md,True,11135,,documentation,False,False
audit/repeated-audit-runs/2026-07-26/repeated-audit-20260726T055735Z/SUMMARY.md,True,3126,,documentation,False,False
audit/repeated-audit-runs/2026-07-26/repeated-audit-20260726T055735Z/regressions.jsonl,True,259,,config_asset_or_other,False,False
audit/repeated-audit-runs/2026-07-26/repeated-audit-20260726T055735Z/summary.json,True,15738,,config_asset_or_other,False,False
audit/repeated-audit-runs/2026-07-26/repeated-audit-20260726T055735Z/tasks-candidate.jsonl,True,3707,,config_asset_or_other,False,False
audit/repeated-audit-runs/2026-07-27/repeated-audit-20260727T001807Z/SUMMARY.md,True,3651,,documentation,False,False
audit/repeated-audit-runs/2026-07-27/repeated-audit-20260727T001807Z/regressions.jsonl,True,0,,config_asset_or_other,False,False
audit/repeated-audit-runs/2026-07-27/repeated-audit-20260727T001807Z/summary.json,True,19855,,config_asset_or_other,False,False
audit/repeated-audit-runs/2026-07-27/repeated-audit-20260727T001807Z/tasks-candidate.jsonl,True,4746,,config_asset_or_other,False,False
audit/setup-console-runs/2026-07-26/setup-console-20260726T055735Z/SUMMARY.md,True,2763,,documentation,False,False
audit/setup-console-runs/2026-07-26/setup-console-20260726T055735Z/setup_console_readiness_receipt.json,True,3626,,config_asset_or_other,False,False
audit/setup-console-runs/2026-07-27/setup-console-20260727T001807Z/SUMMARY.md,True,3592,,documentation,False,False
audit/setup-console-runs/2026-07-27/setup-console-20260727T001807Z/setup_console_readiness_receipt.json,True,4625,,config_asset_or_other,False,False
audit/system-audit-runs/2026-07-26/system-audit-20260726T055735Z/INDEX.md,True,1464,,documentation,False,False
audit/system-audit-runs/2026-07-26/system-audit-20260726T055735Z/agent-scores.json,True,7099,,config_asset_or_other,False,False
audit/system-audit-runs/2026-07-26/system-audit-20260726T055735Z/crates/ARDA-AULE.json,True,3708,,config_asset_or_other,False,False
audit/system-audit-runs/2026-07-26/system-audit-20260726T055735Z/crates/ARDA-AULE.md,True,1800,,documentation,False,False
audit/system-audit-runs/2026-07-26/system-audit-20260726T055735Z/crates/ARDA-BARROW-WIGHT.json,True,2431,,config_asset_or_other,False,False
audit/system-audit-runs/2026-07-26/system-audit-20260726T055735Z/crates/ARDA-BARROW-WIGHT.md,True,1265,,documentation,False,False
audit/system-audit-runs/2026-07-26/system-audit-20260726T055735Z/crates/ARDA-CORE.json,True,2358,,config_asset_or_other,False,False
audit/system-audit-runs/2026-07-26/system-audit-20260726T055735Z/crates/ARDA-CORE.md,True,1249,,documentation,False,False
audit/system-audit-runs/2026-07-26/system-audit-20260726T055735Z/crates/ARDA-HADHAFANG.json,True,2408,,config_asset_or_other,False,False
audit/system-audit-runs/2026-07-26/system-audit-20260726T055735Z/crates/ARDA-HADHAFANG.md,True,1274,,documentation,False,False
audit/system-audit-runs/2026-07-26/system-audit-20260726T055735Z/crates/ARDA-LORIEN.json,True,2359,,config_asset_or_other,False,False
audit/system-audit-runs/2026-07-26/system-audit-20260726T055735Z/crates/ARDA-LORIEN.md,True,1244,,documentation,False,False
audit/system-audit-runs/2026-07-26/system-audit-20260726T055735Z/crates/ARDA-MANDOS.json,True,2359,,config_asset_or_other,False,False
audit/system-audit-runs/2026-07-26/system-audit-20260726T055735Z/crates/ARDA-MANDOS.md,True,1244,,documentation,False,False
audit/system-audit-runs/2026-07-26/system-audit-20260726T055735Z/crates/ARDA-MANWE.json,True,3994,,config_asset_or_other,False,False
audit/system-audit-runs/2026-07-26/system-audit-20260726T055735Z/crates/ARDA-MANWE.md,True,1909,,documentation,False,False
audit/system-audit-runs/2026-07-26/system-audit-20260726T055735Z/crates/ARDA-OROME.json,True,3949,,config_asset_or_other,False,False
audit/system-audit-runs/2026-07-26/system-audit-20260726T055735Z/crates/ARDA-OROME.md,True,1856,,documentation,False,False
audit/system-audit-runs/2026-07-26/system-audit-20260726T055735Z/crates/ARDA-ULE.json,True,2388,,config_asset_or_other,False,False
audit/system-audit-runs/2026-07-26/system-audit-20260726T055735Z/crates/ARDA-ULE.md,True,1264,,documentation,False,False
audit/system-audit-runs/2026-07-26/system-audit-20260726T055735Z/crates/ARDA-VARDA.json,True,3817,,config_asset_or_other,False,False
audit/system-audit-runs/2026-07-26/system-audit-20260726T055735Z/crates/ARDA-VARDA.md,True,1687,,documentation,False,False
audit/system-audit-runs/2026-07-26/system-audit-20260726T055735Z/findings.jsonl,True,7810,,config_asset_or_other,False,False
audit/system-audit-runs/2026-07-26/system-audit-20260726T055735Z/folders/FOLDER-APPS.json,True,3870,,config_asset_or_other,False,False
audit/system-audit-runs/2026-07-26/system-audit-20260726T055735Z/folders/FOLDER-APPS.md,True,1867,,documentation,False,False
audit/system-audit-runs/2026-07-26/system-audit-20260726T055735Z/folders/FOLDER-ARCHIVE.json,True,2268,,config_asset_or_other,False,False
audit/system-audit-runs/2026-07-26/system-audit-20260726T055735Z/folders/FOLDER-ARCHIVE.md,True,1357,,documentation,False,False
audit/system-audit-runs/2026-07-26/system-audit-20260726T055735Z/folders/FOLDER-ARCHIVED-SCRIPTS.json,True,2294,,config_asset_or_other,False,False
audit/system-audit-runs/2026-07-26/system-audit-20260726T055735Z/folders/FOLDER-ARCHIVED-SCRIPTS.md,True,1358,,documentation,False,False
audit/system-audit-runs/2026-07-26/system-audit-20260726T055735Z/folders/FOLDER-AUDIT.json,True,2263,,config_asset_or_other,False,False
audit/system-audit-runs/2026-07-26/system-audit-20260726T055735Z/folders/FOLDER-AUDIT.md,True,1379,,documentation,False,False
audit/system-audit-runs/2026-07-26/system-audit-20260726T055735Z/folders/FOLDER-CONFIG.json,True,3360,,config_asset_or_other,False,False
audit/system-audit-runs/2026-07-26/system-audit-20260726T055735Z/folders/FOLDER-CONFIG.md,True,1636,,documentation,False,False
audit/system-audit-runs/2026-07-26/system-audit-20260726T055735Z/folders/FOLDER-CORE.json,True,3258,,config_asset_or_other,False,False
audit/system-audit-runs/2026-07-26/system-audit-20260726T055735Z/folders/FOLDER-CORE.md,True,1539,,documentation,False,False
audit/system-audit-runs/2026-07-26/system-audit-20260726T055735Z/folders/FOLDER-CRATES.json,True,3942,,config_asset_or_other,False,False
audit/system-audit-runs/2026-07-26/system-audit-20260726T055735Z/folders/FOLDER-CRATES.md,True,1842,,documentation,False,False
audit/system-audit-runs/2026-07-26/system-audit-20260726T055735Z/folders/FOLDER-DATA.json,True,3322,,config_asset_or_other,False,False
audit/system-audit-runs/2026-07-26/system-audit-20260726T055735Z/folders/FOLDER-DATA.md,True,1653,,documentation,False,False
audit/system-audit-runs/2026-07-26/system-audit-20260726T055735Z/folders/FOLDER-DOCS.json,True,3352,,config_asset_or_other,False,False
audit/system-audit-runs/2026-07-26/system-audit-20260726T055735Z/folders/FOLDER-DOCS.md,True,1569,,documentation,False,False
audit/system-audit-runs/2026-07-26/system-audit-20260726T055735Z/folders/FOLDER-HUMAN.json,True,2232,,config_asset_or_other,False,False
audit/system-audit-runs/2026-07-26/system-audit-20260726T055735Z/folders/FOLDER-HUMAN.md,True,1339,,documentation,False,False
audit/system-audit-runs/2026-07-26/system-audit-20260726T055735Z/folders/FOLDER-SCRIPTS.json,True,2517,,config_asset_or_other,False,False
audit/system-audit-runs/2026-07-26/system-audit-20260726T055735Z/folders/FOLDER-SCRIPTS.md,True,1395,,documentation,False,False
audit/system-audit-runs/2026-07-26/system-audit-20260726T055735Z/folders/FOLDER-TESTS.json,True,2254,,config_asset_or_other,False,False
audit/system-audit-runs/2026-07-26/system-audit-20260726T055735Z/folders/FOLDER-TESTS.md,True,1366,,documentation,False,False
audit/system-audit-runs/2026-07-26/system-audit-20260726T055735Z/summary.json,True,8684,,config_asset_or_other,False,False
audit/system-audit-runs/2026-07-26/system-audit-20260726T055735Z/system-summary.md,True,949,,documentation,False,False
audit/system-audit-runs/2026-07-26/system-audit-20260726T055735Z/targets/HADES.json,True,3971,,config_asset_or_other,False,False
audit/system-audit-runs/2026-07-26/system-audit-20260726T055735Z/targets/HADES.md,True,1737,,documentation,False,False
audit/system-audit-runs/2026-07-26/system-audit-20260726T055735Z/targets/MANWE.json,True,4334,,config_asset_or_other,False,False
audit/system-audit-runs/2026-07-26/system-audit-20260726T055735Z/targets/MANWE.md,True,1887,,documentation,False,False
audit/system-audit-runs/2026-07-26/system-audit-20260726T055735Z/targets/PROMETHEUS.json,True,3795,,config_asset_or_other,False,False
audit/system-audit-runs/2026-07-26/system-audit-20260726T055735Z/targets/PROMETHEUS.md,True,1702,,documentation,False,False
audit/system-audit-runs/2026-07-26/system-audit-20260726T055735Z/tasks-candidate.jsonl,True,3990,,config_asset_or_other,False,False
audit/workbench-queue/queue-operator-objective-78370a00190fd9b8-validated-plan-v1/execution_receipt.json,True,923,,config_asset_or_other,False,False
audit/workbench-queue/queue-operator-objective-78370a00190fd9b8/execution_receipt.json,True,851,,config_asset_or_other,False,False
audit/workbench-queue/queue-operator-objective-t2-t5-live-20260827-v1/objective_plan_receipt.json,True,6503,,config_asset_or_other,False,False
audit/workbench-queue/queue-operator-objective-t2-t5-live-20260827-v2/objective_plan_receipt.json,True,6661,,config_asset_or_other,False,False
audit/workbench-queue/queue-operator-task-020fddb7c36065cf/objective_plan_receipt.json,True,7824,,config_asset_or_other,False,False
audit/workbench-queue/queue-operator-task-1389c248267db28a/execution_receipt.json,True,762,,config_asset_or_other,False,False
audit/workbench-queue/queue-operator-task-1389c248267db28a/objective_plan_receipt.json,True,7842,,config_asset_or_other,False,False
audit/workbench-queue/queue-operator-task-1389c248267db28a__recover-context--72c74f087b0e953f/execution_receipt.json,True,902,,config_asset_or_other,False,False
audit/workbench-queue/queue-operator-task-148efdb337964c6a-attempt-2/execution_receipt.json,True,783,,config_asset_or_other,False,False
audit/workbench-queue/queue-operator-task-148efdb337964c6a-attempt-2/objective_plan_receipt.json,True,6716,,config_asset_or_other,False,False
audit/workbench-queue/queue-operator-task-148efdb337964c6a/execution_receipt.json,True,819,,config_asset_or_other,False,False
audit/workbench-queue/queue-operator-task-148efdb337964c6a/objective_plan_receipt.json,True,6706,,config_asset_or_other,False,False
audit/workbench-queue/queue-operator-task-218b6be4e50c73d8-attempt-2/execution_receipt.json,True,855,,config_asset_or_other,False,False
audit/workbench-queue/queue-operator-task-218b6be4e50c73d8-attempt-2/objective_plan_receipt.json,True,6716,,config_asset_or_other,False,False
audit/workbench-queue/queue-operator-task-218b6be4e50c73d8/execution_receipt.json,True,819,,config_asset_or_other,False,False
audit/workbench-queue/queue-operator-task-218b6be4e50c73d8/objective_plan_receipt.json,True,6706,,config_asset_or_other,False,False
audit/workbench-queue/queue-operator-task-296ca07a057e05a5/execution_receipt.json,True,828,,config_asset_or_other,False,False
audit/workbench-queue/queue-operator-task-296ca07a057e05a5/objective_plan_receipt.json,True,6538,,config_asset_or_other,False,False
audit/workbench-queue/queue-operator-task-2d67eac585a9b02b/execution_receipt.json,True,762,,config_asset_or_other,False,False
audit/workbench-queue/queue-operator-task-2d67eac585a9b02b/objective_plan_receipt.json,True,8205,,config_asset_or_other,False,False
audit/workbench-queue/queue-operator-task-2d67eac585a9b02b__recover-context--9bc9293e379f9b8f-attempt-2/execution_receipt.json,True,932,,config_asset_or_other,False,False
audit/workbench-queue/queue-operator-task-2d67eac585a9b02b__recover-context--9bc9293e379f9b8f/execution_receipt.json,True,899,,config_asset_or_other,False,False
audit/workbench-queue/queue-operator-task-2ffe262e0d949b4d-attempt-3/objective_plan_receipt.json,True,7944,,config_asset_or_other,False,False
audit/workbench-queue/queue-operator-task-2ffe262e0d949b4d/execution_receipt.json,True,762,,config_asset_or_other,False,False
audit/workbench-queue/queue-operator-task-2ffe262e0d949b4d/objective_plan_receipt.json,True,7934,,config_asset_or_other,False,False
audit/workbench-queue/queue-operator-task-2ffe262e0d949b4d__recover-context--930d807bb84be110-attempt-2/execution_receipt.json,True,998,,config_asset_or_other,False,False
audit/workbench-queue/queue-operator-task-2ffe262e0d949b4d__recover-context--930d807bb84be110/execution_receipt.json,True,899,,config_asset_or_other,False,False
audit/workbench-queue/queue-operator-task-35bff5edbfff65a8-attempt-3/objective_plan_receipt.json,True,8699,,config_asset_or_other,False,False
audit/workbench-queue/queue-operator-task-35bff5edbfff65a8/execution_receipt.json,True,760,,config_asset_or_other,False,False
audit/workbench-queue/queue-operator-task-35bff5edbfff65a8/objective_plan_receipt.json,True,8689,,config_asset_or_other,False,False
audit/workbench-queue/queue-operator-task-35bff5edbfff65a8__recover-context--fcd5dc58b3703c99-attempt-2/execution_receipt.json,True,927,,config_asset_or_other,False,False
audit/workbench-queue/queue-operator-task-35bff5edbfff65a8__recover-context--fcd5dc58b3703c99/execution_receipt.json,True,897,,config_asset_or_other,False,False
audit/workbench-queue/queue-operator-task-38ef7fd8a2b84e5e/execution_receipt.json,True,750,,config_asset_or_other,False,False
audit/workbench-queue/queue-operator-task-41160eaa64c479fe/execution_receipt.json,True,729,,config_asset_or_other,False,False
audit/workbench-queue/queue-operator-task-4d29e778c62417a9/execution_receipt.json,True,762,,config_asset_or_other,False,False
audit/workbench-queue/queue-operator-task-4d29e778c62417a9/objective_plan_receipt.json,True,7903,,config_asset_or_other,False,False
audit/workbench-queue/queue-operator-task-4d29e778c62417a9__inspect-authorities-project-1--6d105d1cfa482d03/execution_receipt.json,True,1030,,config_asset_or_other,False,False
audit/workbench-queue/queue-operator-task-4d29e778c62417a9__inspect-authorities-project-2--24911b9c57d2b864/execution_receipt.json,True,1030,,config_asset_or_other,False,False
audit/workbench-queue/queue-operator-task-4d29e778c62417a9__produce-outcome--a19cf8e8b8c16514/execution_receipt.json,True,902,,config_asset_or_other,False,False
audit/workbench-queue/queue-operator-task-4d29e778c62417a9__recover-context--2119e58061724a2a/execution_receipt.json,True,974,,config_asset_or_other,False,False
audit/workbench-queue/queue-operator-task-4d29e778c62417a9__synthesize-findings--1fe2f1a471530d7b-attempt-2/execution_receipt.json,True,1020,,config_asset_or_other,False,False
audit/workbench-queue/queue-operator-task-4d29e778c62417a9__synthesize-findings--1fe2f1a471530d7b/execution_receipt.json,True,984,,config_asset_or_other,False,False
audit/workbench-queue/queue-operator-task-531e73cbdf313f0f-attempt-3/objective_plan_receipt.json,True,7852,,config_asset_or_other,False,False
audit/workbench-queue/queue-operator-task-531e73cbdf313f0f/execution_receipt.json,True,762,,config_asset_or_other,False,False
audit/workbench-queue/queue-operator-task-531e73cbdf313f0f/objective_plan_receipt.json,True,7842,,config_asset_or_other,False,False
audit/workbench-queue/queue-operator-task-531e73cbdf313f0f__recover-context--f270f3a8709b239c-attempt-2/execution_receipt.json,True,929,,config_asset_or_other,False,False
audit/workbench-queue/queue-operator-task-531e73cbdf313f0f__recover-context--f270f3a8709b239c/execution_receipt.json,True,968,,config_asset_or_other,False,False
audit/workbench-queue/queue-operator-task-55966be7f0832d0b-attempt-3/objective_plan_receipt.json,True,7823,,config_asset_or_other,False,False
audit/workbench-queue/queue-operator-task-55966be7f0832d0b/execution_receipt.json,True,762,,config_asset_or_other,False,False
audit/workbench-queue/queue-operator-task-55966be7f0832d0b/objective_plan_receipt.json,True,7813,,config_asset_or_other,False,False
audit/workbench-queue/queue-operator-task-55966be7f0832d0b__recover-context--2d5b8f106b076a64-attempt-2/execution_receipt.json,True,998,,config_asset_or_other,False,False
audit/workbench-queue/queue-operator-task-55966be7f0832d0b__recover-context--2d5b8f106b076a64/execution_receipt.json,True,968,,config_asset_or_other,False,False
audit/workbench-queue/queue-operator-task-60881bb5b2df61f8/execution_receipt.json,True,762,,config_asset_or_other,False,False
audit/workbench-queue/queue-operator-task-60881bb5b2df61f8/objective_plan_receipt.json,True,7746,,config_asset_or_other,False,False
audit/workbench-queue/queue-operator-task-60881bb5b2df61f8__inspect-authorities-project-1--a993f45c7c98efcb-attempt-2/execution_receipt.json,True,1054,,config_asset_or_other,False,False
audit/workbench-queue/queue-operator-task-60881bb5b2df61f8__inspect-authorities-project-1--a993f45c7c98efcb/execution_receipt.json,True,1024,,config_asset_or_other,False,False
audit/workbench-queue/queue-operator-task-60881bb5b2df61f8__inspect-authorities-project-2--5afd4ba60aae317d-attempt-2/execution_receipt.json,True,988,,config_asset_or_other,False,False
audit/workbench-queue/queue-operator-task-60881bb5b2df61f8__inspect-authorities-project-2--5afd4ba60aae317d/execution_receipt.json,True,1024,,config_asset_or_other,False,False
audit/workbench-queue/queue-operator-task-60881bb5b2df61f8__recover-context--d5666fcf424d8e0b/execution_receipt.json,True,974,,config_asset_or_other,False,False
audit/workbench-queue/queue-operator-task-61ee02628ec4191b/execution_receipt.json,True,762,,config_asset_or_other,False,False
audit/workbench-queue/queue-operator-task-61ee02628ec4191b/objective_plan_receipt.json,True,8073,,config_asset_or_other,False,False
audit/workbench-queue/queue-operator-task-61ee02628ec4191b__recover-context--d59be9d0a74beef3-attempt-2/execution_receipt.json,True,932,,config_asset_or_other,False,False
audit/workbench-queue/queue-operator-task-61ee02628ec4191b__recover-context--d59be9d0a74beef3/execution_receipt.json,True,968,,config_asset_or_other,False,False
audit/workbench-queue/queue-operator-task-63ae7b0b11c40da1/execution_receipt.json,True,762,,config_asset_or_other,False,False
audit/workbench-queue/queue-operator-task-63ae7b0b11c40da1/objective_plan_receipt.json,True,7934,,config_asset_or_other,False,False
audit/workbench-queue/queue-operator-task-63ae7b0b11c40da1__recover-context--5e3ea68d74b4b0b7-attempt-2/execution_receipt.json,True,932,,config_asset_or_other,False,False
audit/workbench-queue/queue-operator-task-63ae7b0b11c40da1__recover-context--5e3ea68d74b4b0b7/execution_receipt.json,True,968,,config_asset_or_other,False,False
audit/workbench-queue/queue-operator-task-6d28d86a5f57e5d5-attempt-3/objective_plan_receipt.json,True,7852,,config_asset_or_other,False,False
audit/workbench-queue/queue-operator-task-6d28d86a5f57e5d5/execution_receipt.json,True,762,,config_asset_or_other,False,False
audit/workbench-queue/queue-operator-task-6d28d86a5f57e5d5/objective_plan_receipt.json,True,7842,,config_asset_or_other,False,False
audit/workbench-queue/queue-operator-task-6d28d86a5f57e5d5__recover-context--b8fd75b501e09699-attempt-2/execution_receipt.json,True,998,,config_asset_or_other,False,False
audit/workbench-queue/queue-operator-task-6d28d86a5f57e5d5__recover-context--b8fd75b501e09699/execution_receipt.json,True,968,,config_asset_or_other,False,False
audit/workbench-queue/queue-operator-task-787062e30c691ecc/execution_receipt.json,True,753,,config_asset_or_other,False,False
audit/workbench-queue/queue-operator-task-787062e30c691ecc/objective_plan_receipt.json,True,6734,,config_asset_or_other,False,False
audit/workbench-queue/queue-operator-task-7f6aba1ec3ee5f9a/execution_receipt.json,True,754,,config_asset_or_other,False,False
audit/workbench-queue/queue-operator-task-7f6aba1ec3ee5f9a/objective_plan_receipt.json,True,7702,,config_asset_or_other,False,False
audit/workbench-queue/queue-operator-task-7f6aba1ec3ee5f9a__recover-context--678f7e9c6c2b3a54/execution_receipt.json,True,894,,config_asset_or_other,False,False
audit/workbench-queue/queue-operator-task-82ff7992dda58091/execution_receipt.json,True,762,,config_asset_or_other,False,False
audit/workbench-queue/queue-operator-task-82ff7992dda58091/objective_plan_receipt.json,True,7842,,config_asset_or_other,False,False
audit/workbench-queue/queue-operator-task-82ff7992dda58091__recover-context--b3aeb6b310d50f6d/execution_receipt.json,True,902,,config_asset_or_other,False,False
audit/workbench-queue/queue-operator-task-85655dd7da764354-attempt-2/execution_receipt.json,True,807,,config_asset_or_other,False,False
audit/workbench-queue/queue-operator-task-85655dd7da764354-attempt-2/objective_plan_receipt.json,True,7700,,config_asset_or_other,False,False
audit/workbench-queue/queue-operator-task-85655dd7da764354/execution_receipt.json,True,843,,config_asset_or_other,False,False
audit/workbench-queue/queue-operator-task-85655dd7da764354/objective_plan_receipt.json,True,7690,,config_asset_or_other,False,False
audit/workbench-queue/queue-operator-task-9162d70462cc17b6/execution_receipt.json,True,754,,config_asset_or_other,False,False
audit/workbench-queue/queue-operator-task-9162d70462cc17b6/objective_plan_receipt.json,True,7702,,config_asset_or_other,False,False
audit/workbench-queue/queue-operator-task-9162d70462cc17b6__recover-context--54d10d804e52f878-attempt-2/execution_receipt.json,True,924,,config_asset_or_other,False,False
audit/workbench-queue/queue-operator-task-9162d70462cc17b6__recover-context--54d10d804e52f878/execution_receipt.json,True,960,,config_asset_or_other,False,False
audit/workbench-queue/queue-operator-task-9c2dbf0767b48237/execution_receipt.json,True,769,,config_asset_or_other,False,False
audit/workbench-queue/queue-operator-task-9c2dbf0767b48237/objective_plan_receipt.json,True,8536,,config_asset_or_other,False,False
audit/workbench-queue/queue-operator-task-9c2dbf0767b48237__recover-context--a36766902c197577/execution_receipt.json,True,909,,config_asset_or_other,False,False
audit/workbench-queue/queue-operator-task-9f2bbd5a676a199b/execution_receipt.json,True,758,,config_asset_or_other,False,False
audit/workbench-queue/queue-operator-task-9f2bbd5a676a199b/objective_plan_receipt.json,True,8242,,config_asset_or_other,False,False
audit/workbench-queue/queue-operator-task-9f2bbd5a676a199b__recover-context--7e7e91b31ed1de77/execution_receipt.json,True,898,,config_asset_or_other,False,False
audit/workbench-queue/queue-operator-task-a09e6df5f34364aa/execution_receipt.json,True,762,,config_asset_or_other,False,False
audit/workbench-queue/queue-operator-task-a09e6df5f34364aa/objective_plan_receipt.json,True,7934,,config_asset_or_other,False,False
audit/workbench-queue/queue-operator-task-a09e6df5f34364aa__recover-context--21bc1099420edc45/execution_receipt.json,True,902,,config_asset_or_other,False,False
audit/workbench-queue/queue-operator-task-bd535dcce23f7a73-attempt-3/objective_plan_receipt.json,True,8030,,config_asset_or_other,False,False
audit/workbench-queue/queue-operator-task-bd535dcce23f7a73/execution_receipt.json,True,762,,config_asset_or_other,False,False
audit/workbench-queue/queue-operator-task-bd535dcce23f7a73/objective_plan_receipt.json,True,8020,,config_asset_or_other,False,False
audit/workbench-queue/queue-operator-task-bd535dcce23f7a73__inspect-authorities-project-1--94562e2c6c0f74a4-attempt-2/execution_receipt.json,True,1054,,config_asset_or_other,False,False
audit/workbench-queue/queue-operator-task-bd535dcce23f7a73__inspect-authorities-project-1--94562e2c6c0f74a4/execution_receipt.json,True,1024,,config_asset_or_other,False,False
audit/workbench-queue/queue-operator-task-bd535dcce23f7a73__inspect-authorities-project-2--3f7237b61742f1fb/execution_receipt.json,True,1030,,config_asset_or_other,False,False
audit/workbench-queue/queue-operator-task-bd535dcce23f7a73__recover-context--5c647ae4e0911080/execution_receipt.json,True,974,,config_asset_or_other,False,False
audit/workbench-queue/queue-operator-task-be75219e89eea616/execution_receipt.json,True,828,,config_asset_or_other,False,False
audit/workbench-queue/queue-operator-task-be75219e89eea616/objective_plan_receipt.json,True,6534,,config_asset_or_other,False,False
audit/workbench-queue/queue-operator-task-c1ee5a9685571df1-attempt-2/execution_receipt.json,True,791,,config_asset_or_other,False,False
audit/workbench-queue/queue-operator-task-c1ee5a9685571df1-attempt-2/objective_plan_receipt.json,True,8261,,config_asset_or_other,False,False
audit/workbench-queue/queue-operator-task-c1ee5a9685571df1/execution_receipt.json,True,830,,config_asset_or_other,False,False
audit/workbench-queue/queue-operator-task-c1ee5a9685571df1/objective_plan_receipt.json,True,8251,,config_asset_or_other,False,False
audit/workbench-queue/queue-operator-task-c490e577b5d3cf9b/execution_receipt.json,True,762,,config_asset_or_other,False,False
audit/workbench-queue/queue-operator-task-c490e577b5d3cf9b/objective_plan_receipt.json,True,8644,,config_asset_or_other,False,False
audit/workbench-queue/queue-operator-task-c490e577b5d3cf9b__recover-context--3f1db244f4f568a1-attempt-2/execution_receipt.json,True,929,,config_asset_or_other,False,False
audit/workbench-queue/queue-operator-task-c490e577b5d3cf9b__recover-context--3f1db244f4f568a1/execution_receipt.json,True,899,,config_asset_or_other,False,False
audit/workbench-queue/queue-operator-task-c9db73e585d95b4c-attempt-3/objective_plan_receipt.json,True,7852,,config_asset_or_other,False,False
audit/workbench-queue/queue-operator-task-c9db73e585d95b4c/execution_receipt.json,True,762,,config_asset_or_other,False,False
audit/workbench-queue/queue-operator-task-c9db73e585d95b4c/objective_plan_receipt.json,True,7842,,config_asset_or_other,False,False
audit/workbench-queue/queue-operator-task-c9db73e585d95b4c__recover-context--d22ebfa1c8e6c4c7-attempt-2/execution_receipt.json,True,998,,config_asset_or_other,False,False
audit/workbench-queue/queue-operator-task-c9db73e585d95b4c__recover-context--d22ebfa1c8e6c4c7/execution_receipt.json,True,968,,config_asset_or_other,False,False
audit/workbench-queue/queue-operator-task-d2bc36a08b64fb26/execution_receipt.json,True,762,,config_asset_or_other,False,False
audit/workbench-queue/queue-operator-task-d2bc36a08b64fb26/objective_plan_receipt.json,True,8082,,config_asset_or_other,False,False
audit/workbench-queue/queue-operator-task-d2bc36a08b64fb26__recover-context--37ce90829c296fc4/execution_receipt.json,True,902,,config_asset_or_other,False,False
audit/workbench-queue/queue-operator-task-d8a16a9ec8678cc4-attempt-3/objective_plan_receipt.json,True,7944,,config_asset_or_other,False,False
audit/workbench-queue/queue-operator-task-d8a16a9ec8678cc4/execution_receipt.json,True,762,,config_asset_or_other,False,False
audit/workbench-queue/queue-operator-task-d8a16a9ec8678cc4/objective_plan_receipt.json,True,7934,,config_asset_or_other,False,False
audit/workbench-queue/queue-operator-task-d8a16a9ec8678cc4__recover-context--2a17e20fddc1e3d1-attempt-2/execution_receipt.json,True,998,,config_asset_or_other,False,False
audit/workbench-queue/queue-operator-task-d8a16a9ec8678cc4__recover-context--2a17e20fddc1e3d1/execution_receipt.json,True,968,,config_asset_or_other,False,False
audit/workbench-queue/queue-operator-task-db3ce87ce2704e18-attempt-3/objective_plan_receipt.json,True,7960,,config_asset_or_other,False,False
audit/workbench-queue/queue-operator-task-db3ce87ce2704e18/execution_receipt.json,True,762,,config_asset_or_other,False,False
audit/workbench-queue/queue-operator-task-db3ce87ce2704e18/objective_plan_receipt.json,True,7950,,config_asset_or_other,False,False
audit/workbench-queue/queue-operator-task-db3ce87ce2704e18__recover-context--a30c6e03a1e84760-attempt-2/execution_receipt.json,True,929,,config_asset_or_other,False,False
audit/workbench-queue/queue-operator-task-db3ce87ce2704e18__recover-context--a30c6e03a1e84760/execution_receipt.json,True,899,,config_asset_or_other,False,False
audit/workbench-queue/queue-operator-task-f231fac75bdb793f/execution_receipt.json,True,754,,config_asset_or_other,False,False
audit/workbench-queue/queue-operator-task-f231fac75bdb793f/objective_plan_receipt.json,True,7702,,config_asset_or_other,False,False
audit/workbench-queue/queue-operator-task-f231fac75bdb793f__recover-context--cd0118393538abb5-attempt-2/execution_receipt.json,True,924,,config_asset_or_other,False,False
audit/workbench-queue/queue-operator-task-f231fac75bdb793f__recover-context--cd0118393538abb5/execution_receipt.json,True,960,,config_asset_or_other,False,False
audit/workbench-queue/queue-operator-task-f6426b0cd4b718e8-attempt-2/execution_receipt.json,True,801,,config_asset_or_other,False,False
audit/workbench-queue/queue-operator-task-f6426b0cd4b718e8-attempt-2/objective_plan_receipt.json,True,7745,,config_asset_or_other,False,False
audit/workbench-queue/queue-operator-task-f6426b0cd4b718e8/execution_receipt.json,True,837,,config_asset_or_other,False,False
audit/workbench-queue/queue-operator-task-f6426b0cd4b718e8/objective_plan_receipt.json,True,7735,,config_asset_or_other,False,False
audit/workbench-queue/queue-operator-task-fb5a52e3a268ec2d/objective_plan_receipt.json,True,8004,,config_asset_or_other,False,False
audit/workbench-queue/queue-operator-task-fb5a52e3a268ec2d__inspect-authorities-project-1--c0bd75351425b508/execution_receipt.json,True,1030,,config_asset_or_other,False,False
audit/workbench-queue/queue-operator-task-fb5a52e3a268ec2d__inspect-authorities-project-2--a3d067604f2755dd/execution_receipt.json,True,1030,,config_asset_or_other,False,False
audit/workbench-queue/queue-operator-task-fb5a52e3a268ec2d__produce-outcome--55ed3afcf9d067f6/execution_receipt.json,True,974,,config_asset_or_other,False,False
audit/workbench-queue/queue-operator-task-fb5a52e3a268ec2d__recover-context--2ebdf1bbdc9629d9/execution_receipt.json,True,974,,config_asset_or_other,False,False
audit/workbench-queue/queue-operator-task-fb5a52e3a268ec2d__synthesize-findings--8406daa654288fc0-attempt-2/execution_receipt.json,True,1020,,config_asset_or_other,False,False
audit/workbench-queue/queue-operator-task-fb5a52e3a268ec2d__synthesize-findings--8406daa654288fc0/execution_receipt.json,True,984,,config_asset_or_other,False,False
audit/workbench-queue/queue-tsk_20260826T081230Z_completion_loop_acceptance/execution_receipt.json,True,895,,config_asset_or_other,False,False
audit/workbench-queue/queue-tsk_20260826T082300Z_completion_loop_restart_acceptance/execution_receipt.json,True,927,,config_asset_or_other,False,False
audit/workbench-queue/queue-tsk_20260826T090051Z_completion_loop_acceptance_v2/execution_receipt.json,True,889,,config_asset_or_other,False,False
audit/workbench-queue/queue-tsk_20260827T075204Z_arda-governed-audit-20260827__gather/execution_receipt.json,True,1079,,config_asset_or_other,False,False
audit/workbench-queue/queue-tsk_20260827T075204Z_arda-governed-audit-20260827__scope/execution_receipt.json,True,1075,,config_asset_or_other,False,False
audit/workbench-queue/queue-tsk_20260827T075204Z_arda-governed-audit-20260827__synthesize/execution_receipt.json,True,1095,,config_asset_or_other,False,False
audit/workbench-queue/queue-tsk_20260827T154942Z_arda-receipt-acceptance-20260827__gather/execution_receipt.json,True,1111,,config_asset_or_other,False,False
audit/workbench-queue/queue-tsk_20260827T154942Z_arda-receipt-acceptance-20260827__gather/objective_plan_receipt.json,True,4248,,config_asset_or_other,False,False
audit/workbench-queue/queue-tsk_20260827T154942Z_arda-receipt-acceptance-20260827__scope/execution_receipt.json,True,1107,,config_asset_or_other,False,False
audit/workbench-queue/queue-tsk_20260827T154942Z_arda-receipt-acceptance-20260827__scope/objective_plan_receipt.json,True,4499,,config_asset_or_other,False,False
audit/workbench-queue/queue-tsk_20260827T154942Z_arda-receipt-acceptance-20260827__synthesize/execution_receipt.json,True,1127,,config_asset_or_other,False,False
audit/workbench-queue/queue-tsk_20260827T154942Z_arda-receipt-acceptance-20260827__synthesize/objective_plan_receipt.json,True,4268,,config_asset_or_other,False,False
audit/workbench-queue/queue-tsk_20260827T235626Z_operator-objective-t2-t5-live-20260827-v2__recover-context__plan/execution_receipt.json,True,1137,,config_asset_or_other,False,False
audit/workbench-queue/queue-tsk_20260827T235626Z_operator-objective-t2-t5-live-20260827-v2__recover-context__plan/objective_plan_receipt.json,True,6511,,config_asset_or_other,False,False
audit/workbench-queue/queue-tsk_20260828T000640Z_operator-objective-t2-t5-live-20260827-v2__recover-context__plan/execution_receipt.json,True,1137,,config_asset_or_other,False,False
audit/workbench-queue/queue-tsk_20260828T000640Z_operator-objective-t2-t5-live-20260827-v2__recover-context__plan/objective_plan_receipt.json,True,6511,,config_asset_or_other,False,False
audit/workbench-queue/reconciled-terminal-task/execution_receipt.json,True,724,,config_asset_or_other,False,False
audit/workbench-queue/stage7-living-mesh-20260823/execution_receipt.json,True,778,,config_asset_or_other,False,False
benchmarks/hades/INDEX.md,True,595,,documentation,False,False
benchmarks/hades/README.md,True,419,,documentation,False,False
benchmarks/hades/hades_benchmarks.rs,True,16296,467,source,False,False
benchmarks/prometheus/INDEX.md,True,611,,documentation,False,False
benchmarks/prometheus/README.md,True,424,,documentation,False,False
benchmarks/prometheus/prometheus.rs,True,8520,226,source,False,False
config/INDEX.jsonl,True,4693,,config_asset_or_other,False,False
config/INDEX.md,True,1625,,documentation,False,False
config/README.md,True,415,,documentation,False,False
config/adapters/arda-jsonl-project.external-capability.json,True,2182,,config_asset_or_other,False,False
config/adapters/arda-otlp-sidecar.external-capability.json,True,2351,,config_asset_or_other,False,False
config/adapters/calendar.toml.example,True,798,,config_asset_or_other,False,False
config/adapters/hermes-operator-session.toml.example,True,1322,,config_asset_or_other,False,False
config/adapters/hermes-workbench.external-capability.json,True,2492,,config_asset_or_other,False,False
config/adapters/hermes-workbench.toml,True,1029,,config_asset_or_other,False,False
config/adapters/voice-capture.toml.example,True,949,,config_asset_or_other,False,False
config/benchmarks/model-shootout-beelink.json,True,2114,,config_asset_or_other,False,False
config/benchmarks/model-shootout-core.json,True,1967,,config_asset_or_other,False,False
config/business/business.toml,True,653,,config_asset_or_other,False,False
config/business/ceo_startup.yaml,True,2467,,config_asset_or_other,False,False
config/business/company-operations.toml,True,1010,,config_asset_or_other,False,False
config/business/federated_comms.toml,True,869,,config_asset_or_other,False,False
config/business/goals_seed.json,True,2092,,config_asset_or_other,False,False
config/business/matrix_boardrooms.toml,True,2117,,config_asset_or_other,False,False
config/business/operator_profile.json,True,3230,,config_asset_or_other,False,False
config/charon.providers.toml.bak,True,34620,,config_asset_or_other,False,False
config/fleet.toml,True,10974,,config_asset_or_other,False,False
config/gen_keys.rs,True,254,7,source,False,False
config/governance/INDEX.md,True,460,,documentation,False,False
config/governance/README.md,True,703,,documentation,False,False
config/governance/autonomy_operating_loop.toml,True,14640,,config_asset_or_other,False,False
config/governance/chains.toml,True,703,,config_asset_or_other,False,False
config/governance/governance_gates.yaml,True,3387,,config_asset_or_other,False,False
config/governance/joule_tariffs.toml,True,567,,config_asset_or_other,False,False
config/governance/philosophers.toml,True,4985,,config_asset_or_other,False,False
config/governance/realm_policies.toml,True,1810,,config_asset_or_other,False,False
config/integrations/chronos/chronos_audit_tasks.json,True,3575,,config_asset_or_other,False,False
config/integrations/hermes/hermes_agent_bridge.example.toml,True,1144,,config_asset_or_other,False,False
config/integrations/hermes/hermes_agent_bridge.toml,True,1159,,config_asset_or_other,False,False
config/integrations/hermes/hermes_agent_gateway_arda.example.yaml,True,1789,,config_asset_or_other,False,False
config/integrations/litellm/litellm.proxy.yaml,True,955,,config_asset_or_other,False,False
config/integrations/litellm/llm_usage_limits.yaml,True,818,,config_asset_or_other,False,False
config/manwe.providers.toml,True,32400,,config_asset_or_other,False,False
config/monitoring-setup/INDEX.md,True,1158,,documentation,False,False
config/monitoring-setup/MONITORING_STATUS_REPORT.md,True,5059,,documentation,False,False
config/monitoring-setup/README.md,True,1521,,documentation,False,False
config/monitoring-setup/centralized-monitoring-config.md,True,3876,,documentation,False,False
config/monitoring-setup/grafana-dashboards/INDEX.md,True,412,,documentation,False,False
config/monitoring-setup/grafana-dashboards/README.md,True,779,,documentation,False,False
config/monitoring-setup/grafana-dashboards/annunimas-fleet-overview.json,True,10148,,config_asset_or_other,False,False
config/monitoring-setup/grafana-dashboards/charon-routing.json,True,4337,,config_asset_or_other,False,False
config/monitoring-setup/grafana-dashboards/cluster-health.json,True,5745,,config_asset_or_other,False,False
config/monitoring-setup/prometheus-central.yml,True,2423,,config_asset_or_other,False,False
config/monitoring-setup/prometheus-rules/INDEX.md,True,354,,documentation,False,False
config/monitoring-setup/prometheus-rules/README.md,True,557,,documentation,False,False
config/monitoring-setup/prometheus-rules/health-alerts.yml,True,3938,,config_asset_or_other,False,False
config/offsite_operator.env,True,1415,,config_asset_or_other,True,False
config/organism.toml,True,1321,,config_asset_or_other,False,False
config/outposts/access.toml,True,427,,config_asset_or_other,False,False
config/outposts/warden/research-topics.json,True,973,,config_asset_or_other,False,False
config/outposts/warden/searxng/settings.yml,True,282,,config_asset_or_other,False,False
config/personal_ops.toml,True,285,,config_asset_or_other,False,False
config/retained/hermes-profile.json,True,947,,config_asset_or_other,False,False
config/routing/candidates/charon.provider_candidates.toml,True,7457,,config_asset_or_other,False,False
config/routing/local_voice_model_lanes.toml,True,4237,,config_asset_or_other,False,False
config/routing/model_route_matrix.toml,True,1269,,config_asset_or_other,False,False
config/routing/opencode_agent_routes.toml,True,799,,config_asset_or_other,False,False
config/routing/registry/model_registry.toml,True,9809,,config_asset_or_other,False,False
config/runtime/default.toml,True,802,,config_asset_or_other,False,False
config/runtime/runtime_governor_budget.toml,True,1553,,config_asset_or_other,False,False
config/runtime/selinux_runtime_contract.yaml,True,3325,,config_asset_or_other,False,False
config/runtime/worker_orchestration.toml,True,592,,config_asset_or_other,False,False
config/systemd/INDEX.md,True,1108,,documentation,False,False
config/systemd/README.md,True,2493,,documentation,False,False
config/systemd/annunimas-mesh-llm.service,True,763,,config_asset_or_other,False,False
config/systemd/arda-aule-autopilot-read-only.service,True,562,,config_asset_or_other,False,False
config/systemd/arda-aule-autopilot-read-only.timer,True,237,,config_asset_or_other,False,False
config/systemd/arda-aule-autopilot.service,True,1134,,config_asset_or_other,False,False
config/systemd/arda-aule-autopilot.timer,True,264,,config_asset_or_other,False,False
config/systemd/arda-crawl4ai.service,True,304,,config_asset_or_other,False,False
config/systemd/arda-hud.service,True,736,,config_asset_or_other,False,False
config/systemd/arda-manwe-inference-probe.service,True,274,,config_asset_or_other,False,False
config/systemd/arda-manwe-inference-probe.timer,True,203,,config_asset_or_other,False,False
config/systemd/arda-metrics-exporter.service,True,459,,config_asset_or_other,False,False
config/systemd/arda-mirromere.service,True,571,,config_asset_or_other,False,False
config/systemd/arda-queue-hygiene-monitor.service,True,250,,config_asset_or_other,False,False
config/systemd/arda-queue-hygiene-monitor.timer,True,140,,config_asset_or_other,False,False
config/systemd/arda-relic-bridge.service,True,397,,config_asset_or_other,False,False
config/systemd/arda-session.target,True,191,,config_asset_or_other,False,False
config/systemd/arda-snapshot-keeper.service,True,680,,config_asset_or_other,False,False
config/systemd/arda-varda-external-lane.env.example,True,293,,config_asset_or_other,True,False
config/systemd/arda-varda-external-lane.service,True,420,,config_asset_or_other,False,False
config/systemd/arda-varda-external-lane.timer,True,232,,config_asset_or_other,False,False
config/systemd/arda-varda.service,True,489,,config_asset_or_other,False,False
config/systemd/arda-warden-research.service,True,392,,config_asset_or_other,False,False
config/systemd/arda-warden-research.timer,True,212,,config_asset_or_other,False,False
config/systemd/arda-warden-scout.service,True,572,,config_asset_or_other,False,False
config/systemd/arda-warden-searxng.service,True,566,,config_asset_or_other,False,False
config/systemd/arda-warden-survey.service,True,385,,config_asset_or_other,False,False
config/systemd/arda-warden-survey.timer,True,202,,config_asset_or_other,False,False
config/systemd/arda.service,True,1119,,config_asset_or_other,False,False
config/systemd/arda.service.d/retained-execution.conf,True,458,,config_asset_or_other,False,False
config/systemd/hermes-gateway.service.d/arda-operator-bridge.conf,True,110,,config_asset_or_other,False,False
config/systemd/llama-server-bonsai-q1-start.sh,True,814,27,source,False,False
config/systemd/llama-server-bonsai-q1.service,True,820,,config_asset_or_other,False,False
config/systemd/llama-server-nanbeige-start.sh,True,832,27,source,False,False
config/systemd/llama-server-nanbeige.service,True,810,,config_asset_or_other,False,False
config/templates/arda.env.template,True,1244,,config_asset_or_other,True,False
config/templates/arda.local.profile.toml,True,1250,,config_asset_or_other,False,False
core/Beren/.obsidian/app.json,True,2,,runtime_or_personal_data,False,False
core/Beren/.obsidian/appearance.json,True,2,,runtime_or_personal_data,False,False
core/Beren/.obsidian/core-plugins.json,True,696,,runtime_or_personal_data,False,False
core/Beren/.obsidian/graph.json,True,493,,runtime_or_personal_data,False,False
core/Beren/.obsidian/workspace.json,True,5183,,runtime_or_personal_data,False,False
core/Beren/Info from X bookmarks.md,False,0,,runtime_or_personal_data,False,False
core/Beren/Welcome.md,True,203,,runtime_or_personal_data,False,False
core/Beren/create a link.md,False,0,,runtime_or_personal_data,False,False
core/INDEX.jsonl,True,175399,,runtime_or_personal_data,False,False
core/INDEX.md,True,65606,,runtime_or_personal_data,False,False
core/README.md,True,565,,runtime_or_personal_data,False,False
core/knowledge/actionable_review_queue.jsonl,True,8583,,runtime_or_personal_data,False,False
core/knowledge/clients/INDEX.md,True,319,,runtime_or_personal_data,False,False
core/knowledge/clients/README.md,True,1158,,runtime_or_personal_data,False,False
core/knowledge/clients/_registry.toml,True,4058,,runtime_or_personal_data,False,False
core/knowledge/edge/INDEX.jsonl,True,526,,runtime_or_personal_data,False,False
core/knowledge/edge/INDEX.md,True,379,,runtime_or_personal_data,False,False
core/knowledge/edge/README.md,True,691,,runtime_or_personal_data,False,False
core/knowledge/edge/model_profiles.toml,True,4445,,runtime_or_personal_data,False,False
core/knowledge/edge/targets.example.toml,True,361,,runtime_or_personal_data,False,False
core/knowledge/edge/targets.toml,True,4542,,runtime_or_personal_data,False,False
core/knowledge/metrics/INDEX.jsonl,True,327,,runtime_or_personal_data,False,False
core/knowledge/metrics/INDEX.md,True,381,,runtime_or_personal_data,False,False
core/knowledge/metrics/README.md,True,1156,,runtime_or_personal_data,False,False
core/knowledge/metrics/by_crate/INDEX.md,True,469,,runtime_or_personal_data,False,False
core/knowledge/metrics/by_crate/README.md,True,416,,runtime_or_personal_data,False,False
core/knowledge/metrics/by_crate/apollo/INDEX.md,True,347,,runtime_or_personal_data,False,False
core/knowledge/metrics/by_crate/apollo/README.md,True,421,,runtime_or_personal_data,False,False
core/knowledge/metrics/by_crate/apollo/queue.json,True,207,,runtime_or_personal_data,False,False
core/knowledge/metrics/by_crate/apollo/status.json,True,1227,,runtime_or_personal_data,False,False
core/knowledge/metrics/by_crate/athena/INDEX.md,True,384,,runtime_or_personal_data,False,False
core/knowledge/metrics/by_crate/athena/README.md,True,421,,runtime_or_personal_data,False,False
core/knowledge/metrics/by_crate/athena/imported_capability_roadmap.json,True,1481,,runtime_or_personal_data,False,False
core/knowledge/metrics/by_crate/athena/queue.json,True,8379,,runtime_or_personal_data,False,False
core/knowledge/metrics/by_crate/athena/status.json,True,1551,,runtime_or_personal_data,False,False
core/knowledge/metrics/by_crate/ceo/INDEX.md,True,364,,runtime_or_personal_data,False,False
core/knowledge/metrics/by_crate/ceo/README.md,True,415,,runtime_or_personal_data,False,False
core/knowledge/metrics/by_crate/ceo/beliefs.json,True,859,,runtime_or_personal_data,False,False
core/knowledge/metrics/by_crate/ceo/status.json,True,695,,runtime_or_personal_data,False,False
core/knowledge/metrics/by_crate/ceo/thoughts.json,True,607,,runtime_or_personal_data,False,False
core/knowledge/metrics/by_crate/charon/INDEX.md,True,366,,runtime_or_personal_data,False,False
core/knowledge/metrics/by_crate/charon/README.md,True,421,,runtime_or_personal_data,False,False
core/knowledge/metrics/by_crate/charon/providers.json,True,162852,,runtime_or_personal_data,False,False
core/knowledge/metrics/by_crate/charon/state.json,True,104001,,runtime_or_personal_data,False,False
core/knowledge/metrics/by_crate/charon/status.json,True,4343,,runtime_or_personal_data,False,False
core/knowledge/metrics/by_crate/core/INDEX.md,True,330,,runtime_or_personal_data,False,False
core/knowledge/metrics/by_crate/core/README.md,True,417,,runtime_or_personal_data,False,False
core/knowledge/metrics/by_crate/core/status.json,True,217,,runtime_or_personal_data,False,False
core/knowledge/metrics/by_crate/counsel/INDEX.md,True,371,,runtime_or_personal_data,False,False
core/knowledge/metrics/by_crate/counsel/README.md,True,423,,runtime_or_personal_data,False,False
core/knowledge/metrics/by_crate/counsel/advisories.json,True,702,,runtime_or_personal_data,False,False
core/knowledge/metrics/by_crate/counsel/status.json,True,929,,runtime_or_personal_data,False,False
core/knowledge/metrics/by_crate/counsel/thoughts.json,True,724,,runtime_or_personal_data,False,False
core/knowledge/metrics/by_crate/governance/INDEX.md,True,431,,runtime_or_personal_data,False,False
core/knowledge/metrics/by_crate/governance/README.md,True,429,,runtime_or_personal_data,False,False
core/knowledge/metrics/by_crate/governance/gate_matrix.json,True,76153,,runtime_or_personal_data,False,False
core/knowledge/metrics/by_crate/governance/signals.json,True,84,,runtime_or_personal_data,False,False
core/knowledge/metrics/by_crate/governance/signals_history.jsonl,True,23779,,runtime_or_personal_data,False,False
core/knowledge/metrics/by_crate/governance/signals_history.jsonl.bak.20260310T200851Z,True,330982,,runtime_or_personal_data,False,False
core/knowledge/metrics/by_crate/hades/INDEX.md,True,425,,runtime_or_personal_data,False,False
core/knowledge/metrics/by_crate/hades/README.md,True,419,,runtime_or_personal_data,False,False
core/knowledge/metrics/by_crate/hades/cto_audit_latest.json,True,958,,runtime_or_personal_data,False,False
core/knowledge/metrics/by_crate/hades/joulework.jsonl,True,3111977,,runtime_or_personal_data,False,False
core/knowledge/metrics/by_crate/hades/queue.json,True,7645,,runtime_or_personal_data,False,False
core/knowledge/metrics/by_crate/hades/queue_validation_latest.json,True,568,,runtime_or_personal_data,False,False
core/knowledge/metrics/by_crate/hades/status.json,True,600,,runtime_or_personal_data,False,False
core/knowledge/metrics/by_crate/hermes/INDEX.md,True,451,,runtime_or_personal_data,False,False
core/knowledge/metrics/by_crate/hermes/README.md,True,421,,runtime_or_personal_data,False,False
core/knowledge/metrics/by_crate/hermes/discord_runtime.json,True,1015,,runtime_or_personal_data,False,False
core/knowledge/metrics/by_crate/hermes/imported_capability_roadmap.json,True,2109,,runtime_or_personal_data,False,False
core/knowledge/metrics/by_crate/hermes/providers.json,True,144,,runtime_or_personal_data,False,False
core/knowledge/metrics/by_crate/hermes/queue.json,True,601,,runtime_or_personal_data,False,False
core/knowledge/metrics/by_crate/hermes/status.json,True,1720,,runtime_or_personal_data,False,False
core/knowledge/metrics/by_crate/hermes/subcomponents.json,True,269,,runtime_or_personal_data,False,False
core/knowledge/metrics/by_crate/mnemosyne/INDEX.md,True,350,,runtime_or_personal_data,False,False
core/knowledge/metrics/by_crate/mnemosyne/README.md,True,427,,runtime_or_personal_data,False,False
core/knowledge/metrics/by_crate/mnemosyne/stats.json,True,832,,runtime_or_personal_data,False,False
core/knowledge/metrics/by_crate/mnemosyne/status.json,True,924,,runtime_or_personal_data,False,False
core/knowledge/metrics/by_crate/oracle/INDEX.md,True,370,,runtime_or_personal_data,False,False
core/knowledge/metrics/by_crate/oracle/README.md,True,421,,runtime_or_personal_data,False,False
core/knowledge/metrics/by_crate/oracle/governance.json,True,313,,runtime_or_personal_data,False,False
core/knowledge/metrics/by_crate/oracle/status.json,True,1954,,runtime_or_personal_data,False,False
core/knowledge/metrics/by_crate/oracle/verdicts.json,True,902,,runtime_or_personal_data,False,False
core/knowledge/metrics/by_crate/plutus/INDEX.md,True,351,,runtime_or_personal_data,False,False
core/knowledge/metrics/by_crate/plutus/README.md,True,421,,runtime_or_personal_data,False,False
core/knowledge/metrics/by_crate/plutus/economics.json,True,428,,runtime_or_personal_data,False,False
core/knowledge/metrics/by_crate/plutus/status.json,True,45060,,runtime_or_personal_data,False,False
core/knowledge/metrics/by_crate/prometheus/INDEX.md,True,634,,runtime_or_personal_data,False,False
core/knowledge/metrics/by_crate/prometheus/README.md,True,429,,runtime_or_personal_data,False,False
core/knowledge/metrics/by_crate/prometheus/fleet_connections_clean.json,True,14476,,runtime_or_personal_data,False,False
core/knowledge/metrics/by_crate/prometheus/fleet_control.json,True,68971,,runtime_or_personal_data,False,False
core/knowledge/metrics/by_crate/prometheus/fleet_status.json,True,338,,runtime_or_personal_data,False,False
core/knowledge/metrics/by_crate/prometheus/imported_tool_fit_decision_memo.json,True,1747,,runtime_or_personal_data,False,False
core/knowledge/metrics/by_crate/prometheus/intake_governance.json,True,2258,,runtime_or_personal_data,False,False
core/knowledge/metrics/by_crate/prometheus/ops_dashboard.json,True,163553,,runtime_or_personal_data,False,False
core/knowledge/metrics/by_crate/prometheus/optimization_backlog.json,True,2476,,runtime_or_personal_data,False,False
core/knowledge/metrics/by_crate/prometheus/package_health.json,True,11476,,runtime_or_personal_data,False,False
core/knowledge/metrics/by_crate/prometheus/queue_observability.json,True,989,,runtime_or_personal_data,False,False
core/knowledge/metrics/by_crate/prometheus/queue_reconciliation.json,True,770,,runtime_or_personal_data,False,False
core/knowledge/metrics/by_crate/prometheus/roster.json,True,925,,runtime_or_personal_data,False,False
core/knowledge/metrics/by_crate/prometheus/status.json,True,697,,runtime_or_personal_data,False,False
core/knowledge/metrics/by_crate/warden/INDEX.md,True,347,,runtime_or_personal_data,False,False
core/knowledge/metrics/by_crate/warden/README.md,True,421,,runtime_or_personal_data,False,False
core/knowledge/metrics/by_crate/warden/queue.json,True,8043,,runtime_or_personal_data,False,False
core/knowledge/metrics/by_crate/warden/status.json,True,52634,,runtime_or_personal_data,False,False
core/knowledge/metrics/manifest.json,True,709,,runtime_or_personal_data,False,False
core/knowledge/realm/agents.toml,True,37661,,runtime_or_personal_data,False,False
core/knowledge/realm/arda.toml,True,6389,,runtime_or_personal_data,False,False
core/knowledge/realm/boot.toml,True,5038,,runtime_or_personal_data,False,False
core/knowledge/source_inventory.jsonl,True,190493,,runtime_or_personal_data,False,False
core/knowledge/triage_registry.jsonl,True,865502,,runtime_or_personal_data,False,False
core/metrics/by_crate/mnemosyne/observability.json,True,620,,runtime_or_personal_data,False,False
core/projects/objectives/inbox.jsonl,True,0,,runtime_or_personal_data,False,False
core/projects/tasks/.workbench-executor-locks/read-slot-06d90cbc9092185bb9d034e151936387b1ec14577cfd3ed623b6599e3d129c9e-0.lock,True,0,,runtime_or_personal_data,False,False
core/projects/tasks/.workbench-executor-locks/read-slot-b4c0aad2c522f1ff21988fe08af1434ef1523c4f24a4d568c2265398f41d3467-0.lock,True,0,,runtime_or_personal_data,False,False
core/projects/tasks/.workbench-executor-locks/read-slot-d67fce26578245fdb985c4a2b70a4e303bc3955208daf2431fb53ed46dab883a-0.lock,True,0,,runtime_or_personal_data,False,False
core/projects/tasks/.workbench-executor-locks/target-06d90cbc9092185bb9d034e151936387b1ec14577cfd3ed623b6599e3d129c9e.lock,True,0,,runtime_or_personal_data,False,False
core/projects/tasks/.workbench-executor-locks/target-63d4fab3ae578c1ca598dfa55cf6e32cc56b0c7896b7c0ce872e99d0fe9cda3d.lock,True,0,,runtime_or_personal_data,False,False
core/projects/tasks/.workbench-executor-locks/target-6f67cfeee9347dc7af30fb6588be6d896fee212d69a2abc12619b0932677ea27.lock,True,0,,runtime_or_personal_data,False,False
core/projects/tasks/.workbench-executor-locks/target-79d1945d93a05084f73efdf0cbbf42f2459cf4e0b174b623d15e985250a4cebb.lock,True,0,,runtime_or_personal_data,False,False
core/projects/tasks/.workbench-executor-locks/target-b4c0aad2c522f1ff21988fe08af1434ef1523c4f24a4d568c2265398f41d3467.lock,True,0,,runtime_or_personal_data,False,False
core/projects/tasks/.workbench-executor-locks/target-d67fce26578245fdb985c4a2b70a4e303bc3955208daf2431fb53ed46dab883a.lock,True,0,,runtime_or_personal_data,False,False
core/projects/tasks/.workbench-executor-locks/task-0115cde1c7c6b2709308766d62711cef8569e3ce42b3a507fef24ca66c9dccd8.lock,True,0,,runtime_or_personal_data,False,False
core/projects/tasks/.workbench-executor-locks/task-06ba1d2b2231b18e47a11ad5e0a77f14cd6ca4b4335e68236ffc082d470087ba.lock,True,0,,runtime_or_personal_data,False,False
core/projects/tasks/.workbench-executor-locks/task-07a402522ad0d91ce93f39eb18ea1ee1e5a620d990973b14ca47bee5464a496c.lock,True,0,,runtime_or_personal_data,False,False
core/projects/tasks/.workbench-executor-locks/task-0ec4621c429c2e59a4ebd81e671f3a732eea14022125c14b3072824997b7cdd0.lock,True,0,,runtime_or_personal_data,False,False
core/projects/tasks/.workbench-executor-locks/task-0fe0fc0f56d708b5d205768af942cbb773bab57dfa8c7f5328f977a7e85e8004.lock,True,0,,runtime_or_personal_data,False,False
core/projects/tasks/.workbench-executor-locks/task-112509c0627eae332f21b1c0f2a836c7addb277b6f323a4bccbc1aa9f6f57984.lock,True,0,,runtime_or_personal_data,False,False
core/projects/tasks/.workbench-executor-locks/task-13eb0da04658b654dd4485184672c2b84256611fb3608fca317e4474f49e90b5.lock,True,0,,runtime_or_personal_data,False,False
core/projects/tasks/.workbench-executor-locks/task-1af3ccfa8b0e06b0cf34324db9dffc15c1959b62fc5dea5746f3bb8135cdbfbb.lock,True,0,,runtime_or_personal_data,False,False
core/projects/tasks/.workbench-executor-locks/task-1b4fc954a5e56ef542e3de88fb7452ed128ac7f78e456f3b6f6653f0a8a7a933.lock,True,0,,runtime_or_personal_data,False,False
core/projects/tasks/.workbench-executor-locks/task-1f439fa1050a5aabeed2f3d64c1551faaf9215372dfded44b4b2cd0736d8d4ae.lock,True,0,,runtime_or_personal_data,False,False
core/projects/tasks/.workbench-executor-locks/task-1f68c15f961419ea29b1dfc3b18c5b4caa1d07f3274c0be755f97ef2a15af29f.lock,True,0,,runtime_or_personal_data,False,False
core/projects/tasks/.workbench-executor-locks/task-2352d2a09af40dd666bad6d89ea4f7b69fe603205504feabd871f8fedb98d1a3.lock,True,0,,runtime_or_personal_data,False,False
core/projects/tasks/.workbench-executor-locks/task-244779d698e18677b717d1615a40a2e15e527d401b1b9d644bd2639ec81352e0.lock,True,0,,runtime_or_personal_data,False,False
core/projects/tasks/.workbench-executor-locks/task-259b06ffdaa53f59857397bdf34058e47739084a16780decdc77712b5411d792.lock,True,0,,runtime_or_personal_data,False,False
core/projects/tasks/.workbench-executor-locks/task-284b30c4d5bb5a1bd80856ea45b08f03f9fe28a7cb1023675d283519568d583e.lock,True,0,,runtime_or_personal_data,False,False
core/projects/tasks/.workbench-executor-locks/task-2dc5bc86796c54f84c60d5d69dd1d35b35a21347e613c73abf68addc8d1c5b44.lock,True,0,,runtime_or_personal_data,False,False
core/projects/tasks/.workbench-executor-locks/task-345a060626bf31cd9fa952598b10b4b5d885746492312c27aed39e1cc1593f56.lock,True,0,,runtime_or_personal_data,False,False
core/projects/tasks/.workbench-executor-locks/task-3515c0d6626542874e6ca0becad95e398aa20d847fcd1d11ae31aa445c215f9a.lock,True,0,,runtime_or_personal_data,False,False
core/projects/tasks/.workbench-executor-locks/task-379159ebe0eb8eb2aba70af9490261a603755829a71fbc35d2dcceccd4149b50.lock,True,0,,runtime_or_personal_data,False,False
core/projects/tasks/.workbench-executor-locks/task-3dd949a8a1ff81879378ea79f8a85658d05eea476cefcdd770cdfb753d2d8be5.lock,True,0,,runtime_or_personal_data,False,False
core/projects/tasks/.workbench-executor-locks/task-43cb4d360fb9a3599d8a55b311d6c946d3dea5b0b1d54c1cad2eef6c09ec641f.lock,True,0,,runtime_or_personal_data,False,False
core/projects/tasks/.workbench-executor-locks/task-442dd979280c56e04295d50a8e662bd307405548122b9db54c574a3f8dfd44e9.lock,True,0,,runtime_or_personal_data,False,False
core/projects/tasks/.workbench-executor-locks/task-4b9b8ba4f8fc255d7f0f446f444c26e4deb901662a5cd208d5bb0cde1be59dc0.lock,True,0,,runtime_or_personal_data,False,False
core/projects/tasks/.workbench-executor-locks/task-4c615cc25240d3e8d5aa6d4e48b7a762dcf956b947ebca9f53646df89dc98541.lock,True,0,,runtime_or_personal_data,False,False
core/projects/tasks/.workbench-executor-locks/task-52d34758de3f06570ef0a0b0b5fe78fc62cbca52bf91a7a45029ee8a8b72d2ce.lock,True,0,,runtime_or_personal_data,False,False
core/projects/tasks/.workbench-executor-locks/task-53c212535bca5737a76461ba813fb5b20761c4b578d959f28978947e62e37046.lock,True,0,,runtime_or_personal_data,False,False
core/projects/tasks/.workbench-executor-locks/task-56e167496ac30b9a7dccaf3dc686d9978c2225292865d6e913d006c02493541d.lock,True,0,,runtime_or_personal_data,False,False
core/projects/tasks/.workbench-executor-locks/task-6776b9fd6b0e31d2037806295fac5aa96c684ddd8d4cf7e4c389e106d3a8efcb.lock,True,0,,runtime_or_personal_data,False,False
core/projects/tasks/.workbench-executor-locks/task-6bd8b8d1d830faa0e6e41b33e8350d908953d11cfb4d3487f35d35924c1550f4.lock,True,0,,runtime_or_personal_data,False,False
core/projects/tasks/.workbench-executor-locks/task-6e08a2c166dc814b59b34b73d75b779b61078386e6af71d673d6cbe2082941fb.lock,True,0,,runtime_or_personal_data,False,False
core/projects/tasks/.workbench-executor-locks/task-7296f924adc4b25aebca95b2f1e409cd2223e9cae2bf2c076e80ba5eb3e87f7b.lock,True,0,,runtime_or_personal_data,False,False
core/projects/tasks/.workbench-executor-locks/task-73f1c0f427f985ef8aedea0d263dcc7920cd19746327f43b41234be336afeb79.lock,True,0,,runtime_or_personal_data,False,False
core/projects/tasks/.workbench-executor-locks/task-747a1c988224899d33d04263048385e1f0fa64ccfc2d449bb15d9be43fc4228c.lock,True,0,,runtime_or_personal_data,False,False
core/projects/tasks/.workbench-executor-locks/task-798811b226c0f69454a9c27eb6c7c7e59a8b90ef97c3cec998bd86b25c544cd1.lock,True,0,,runtime_or_personal_data,False,False
core/projects/tasks/.workbench-executor-locks/task-7a9fa1b487d6c33247f03da3b5585209692bb375afb0b420dba63b077d2fcfc2.lock,True,0,,runtime_or_personal_data,False,False
core/projects/tasks/.workbench-executor-locks/task-7af54159b7721fdefb3a75bcba68b67fa9ae97af5a85b28f097e43558d8d0bbf.lock,True,0,,runtime_or_personal_data,False,False
core/projects/tasks/.workbench-executor-locks/task-7eb2011c8eb1ad3b01c4f65e74589095de34277c1d25e39a006ca387b05420d4.lock,True,0,,runtime_or_personal_data,False,False
core/projects/tasks/.workbench-executor-locks/task-803e297d8849ebde1cdf3b5e311863e40a241c1749b31d18e95a15f54b4beb08.lock,True,0,,runtime_or_personal_data,False,False
core/projects/tasks/.workbench-executor-locks/task-83fd41428b309026aabb739625a2d1ae8014b5e443c35b8f9245ca134dab5af7.lock,True,0,,runtime_or_personal_data,False,False
core/projects/tasks/.workbench-executor-locks/task-887016db31623254a4d91f6e05471c27537a427c6484f653974d1a01940f52ed.lock,True,0,,runtime_or_personal_data,False,False
core/projects/tasks/.workbench-executor-locks/task-88e5d115332d944792170c09c5ba8265d2c999be995fddad11a0ae0dab766f38.lock,True,0,,runtime_or_personal_data,False,False
core/projects/tasks/.workbench-executor-locks/task-8c77152b6ca09522eab92d2fd74787d655e14b4795c28eddec932978e263134f.lock,True,0,,runtime_or_personal_data,False,False
core/projects/tasks/.workbench-executor-locks/task-900e6bde2d969470f8352c86c718961083458fad16a9b1fdd493a44ebb4ce74f.lock,True,0,,runtime_or_personal_data,False,False
core/projects/tasks/.workbench-executor-locks/task-917ab6fdfa85015cd7505a24d819040df17a14597fe01ef88146209c5236ae8e.lock,True,0,,runtime_or_personal_data,False,False
core/projects/tasks/.workbench-executor-locks/task-934cb08f39209a0cd2e96076a0c417a69b4a17ab4fb4418f5ed1ff674ef716cb.lock,True,0,,runtime_or_personal_data,False,False
core/projects/tasks/.workbench-executor-locks/task-965df19082fce1295adfe9fe5a28857bf1f43b95dd34820a6b73f69809d40712.lock,True,0,,runtime_or_personal_data,False,False
core/projects/tasks/.workbench-executor-locks/task-9bacebaa3caa530393fed4df6bb6709200da72b1aab4c84bb2a91cdfd8dd2849.lock,True,0,,runtime_or_personal_data,False,False
core/projects/tasks/.workbench-executor-locks/task-a0d6703b285df1fedb7347289435c05edcdf791859bf3dcd45a20ea920431384.lock,True,0,,runtime_or_personal_data,False,False
core/projects/tasks/.workbench-executor-locks/task-a77fbc0605796f42d9ee7b1d57343c855999a0955258ee2d1fe1abb44df9a9a5.lock,True,0,,runtime_or_personal_data,False,False
core/projects/tasks/.workbench-executor-locks/task-a9967bb69176e00b5c7147757df3541a96d4f06b0098370ae6f824b16d7e4719.lock,True,0,,runtime_or_personal_data,False,False
core/projects/tasks/.workbench-executor-locks/task-ad329c48af8c954630a1cbabafaf82ab6fc8451bb75042877a3485227799697d.lock,True,0,,runtime_or_personal_data,False,False
core/projects/tasks/.workbench-executor-locks/task-ad6e474f01d379967f0b03344b16d66489cd8fd0e8b1dc528ca0f35dc3505856.lock,True,0,,runtime_or_personal_data,False,False
core/projects/tasks/.workbench-executor-locks/task-b105cdaaadf906c0cf6edc0bef8c5f2f1447d777b8c0da35fa0afe6d0982993a.lock,True,0,,runtime_or_personal_data,False,False
core/projects/tasks/.workbench-executor-locks/task-b6081e2a3e167f725c36b90f25c1a1bb171f3f0f8c38e9125d066637dfe46bb4.lock,True,0,,runtime_or_personal_data,False,False
core/projects/tasks/.workbench-executor-locks/task-b64c411796e5a854314f087507e697c92447fda97e007606a59df2e8b09203fc.lock,True,0,,runtime_or_personal_data,False,False
core/projects/tasks/.workbench-executor-locks/task-b71de21aebbb14109e982970f245dd2a6e42ee616406aa519c8d70be67cf9565.lock,True,0,,runtime_or_personal_data,False,False
core/projects/tasks/.workbench-executor-locks/task-c1a6ec4a730280c993ef2cce175c9b45c6d328b17e594646bb4e58a006e2c563.lock,True,0,,runtime_or_personal_data,False,False
core/projects/tasks/.workbench-executor-locks/task-c351693855cbe257e2d695f632f7f911ebb8fad0f31e2856d3a56275d26a0513.lock,True,0,,runtime_or_personal_data,False,False
core/projects/tasks/.workbench-executor-locks/task-c5fb5a617558af5505e056c68b1aa1f57cf703d6cf0433d2cb9907b7d00d329a.lock,True,0,,runtime_or_personal_data,False,False
core/projects/tasks/.workbench-executor-locks/task-c5ff248bfb372a4b829f186308e0e8abe9d418c635142c7102f063b06c421347.lock,True,0,,runtime_or_personal_data,False,False
core/projects/tasks/.workbench-executor-locks/task-c764914c2ac2180408c4d717555e62541df079101a3b113877e164628704b0e1.lock,True,0,,runtime_or_personal_data,False,False
core/projects/tasks/.workbench-executor-locks/task-cce4752f27abc48d790c3a182e6f9c4819d5738dfb455d0000917f725db192b9.lock,True,0,,runtime_or_personal_data,False,False
core/projects/tasks/.workbench-executor-locks/task-cf1f580aef82df16f5d98ba6ba1df5a3727ffd2f4578cdae99ef8d66cc7dddcf.lock,True,0,,runtime_or_personal_data,False,False
core/projects/tasks/.workbench-executor-locks/task-d43fe71922a12793951aaaa136415d30620eff75446077f8f6b04b2013387eeb.lock,True,0,,runtime_or_personal_data,False,False
core/projects/tasks/.workbench-executor-locks/task-dd3d4eb3b482dc45e13501f7ecf2f9c1ed63f4832ea62ab1306174a63158bddc.lock,True,0,,runtime_or_personal_data,False,False
core/projects/tasks/.workbench-executor-locks/task-e21187cbc3df0cc082667873483fe5c0b434282bfe19eafb2fe262b1fe75ec7e.lock,True,0,,runtime_or_personal_data,False,False
core/projects/tasks/.workbench-executor-locks/task-e6a3905d3ece437d5873cb95b81fdc05be7f91648cc7852918d624c69c7caeef.lock,True,0,,runtime_or_personal_data,False,False
core/projects/tasks/.workbench-executor-locks/task-ee7a3faec7f6f6a64edbb409c4c449e49d799e4a9c3e4fbb319b3632d18bb330.lock,True,0,,runtime_or_personal_data,False,False
core/projects/tasks/.workbench-executor-locks/task-ef0641116c18c5e637dde401fbf89e237ddb40d53034dfa277ecf929eca086fc.lock,True,0,,runtime_or_personal_data,False,False
core/projects/tasks/.workbench-executor-locks/task-f05f1413a14ac0898ba4bfca385c926352e13e7aeb07cc5711aa97ada61db4b9.lock,True,0,,runtime_or_personal_data,False,False
core/projects/tasks/.workbench-executor-locks/task-f6eadb888f9525010968a5896bc7bb573064bff8d1075199c04ab51b5e28d820.lock,True,0,,runtime_or_personal_data,False,False
core/projects/tasks/.workbench-executor-locks/task-faa8bd0ce2ae2b3d6d7fcf2b28794f1106870f25a9965edaa16ae38c5cec69de.lock,True,0,,runtime_or_personal_data,False,False
core/projects/tasks/.workbench-executor-locks/task-ffbdb1cd2da02e7e86aa6b42e426998fbd1662da6b302d69bcf053b5eb4e7730.lock,True,0,,runtime_or_personal_data,False,False
core/projects/tasks/README.md,True,977,,runtime_or_personal_data,False,False
core/state/INDEX.md,True,12397,,runtime_or_personal_data,False,False
core/state/README.md,True,20935,,runtime_or_personal_data,False,False
core/state/a2a_mesh_registry.jsonl,True,2413,,runtime_or_personal_data,False,False
core/state/active_ruleset.json,True,6861,,runtime_or_personal_data,False,False
core/state/agent_continuity_contract.json,True,4828,,runtime_or_personal_data,False,False
core/state/agent_framework_alignment.json,True,2855,,runtime_or_personal_data,False,False
core/state/agent_personalities.json,True,207,,runtime_or_personal_data,False,False
core/state/agentforge_alignment.json,True,2624,,runtime_or_personal_data,False,False
core/state/aipkg_contract.json,True,1878,,runtime_or_personal_data,False,False
core/state/aipkg_marketplace_separation_contract.json,True,608,,runtime_or_personal_data,False,False
core/state/annunimas_knowledge_map.json,True,4278,,runtime_or_personal_data,False,False
core/state/annunimas_knowledge_map.jsonl,True,3724,,runtime_or_personal_data,False,False
core/state/apollo_research_workflow_runtime.json,True,4385,,runtime_or_personal_data,False,False
core/state/apollo_runtime.json,True,9406,,runtime_or_personal_data,False,False
core/state/arda_boardroom_slots.json,True,11784,,runtime_or_personal_data,False,False
core/state/arda_source_map.json,True,15371,,runtime_or_personal_data,False,False
core/state/arda_world_surfaces.json,True,13673,,runtime_or_personal_data,False,False
core/state/async_user_intake_contract.json,True,1895,,runtime_or_personal_data,False,False
core/state/async_user_intake_queue.json,True,349,,runtime_or_personal_data,False,False
core/state/async_user_intake_runtime.json,True,339,,runtime_or_personal_data,False,False
core/state/athena_active_learning_health.json,True,959,,runtime_or_personal_data,False,False
core/state/athena_digest_pipeline.json,True,13882,,runtime_or_personal_data,False,False
core/state/athena_github_coverage_audit.json,True,145428,,runtime_or_personal_data,False,False
core/state/athena_imported_capability_roadmap.json,True,1502,,runtime_or_personal_data,False,False
core/state/athena_integration_plan.json,True,9272,,runtime_or_personal_data,False,False
core/state/athena_runtime.json,True,61649,,runtime_or_personal_data,False,False
core/state/autonomy_readiness.json,True,1922,,runtime_or_personal_data,False,False
core/state/autonomy_resume.json,True,9537,,runtime_or_personal_data,False,False
core/state/autonomy_runtime.json,True,155,,runtime_or_personal_data,False,False
core/state/autonomy_task_truth.json,True,5001,,runtime_or_personal_data,False,False
core/state/business_intelligence_suite_contract.json,True,1223,,runtime_or_personal_data,False,False
core/state/business_runtime.json,True,4885,,runtime_or_personal_data,False,False
core/state/ceo_council_runtime.json,True,1343,,runtime_or_personal_data,False,False
core/state/ceo_council_sessions.json,True,143,,runtime_or_personal_data,False,False
core/state/chaos_log.jsonl,True,1677,,runtime_or_personal_data,False,False
core/state/charon_router.json,True,715358,,runtime_or_personal_data,False,False
core/state/client_delivery_portfolio.json,True,8365,,runtime_or_personal_data,False,False
core/state/client_delivery_readiness.json,True,1765,,runtime_or_personal_data,False,False
core/state/communication_adapter_contract.json,True,2821,,runtime_or_personal_data,False,False
core/state/community_signal_intake.json,True,2974,,runtime_or_personal_data,False,False
core/state/config_walkthrough_profiles.json,True,5062,,runtime_or_personal_data,False,False
core/state/config_walkthrough_validation.json,True,660,,runtime_or_personal_data,False,False
core/state/contract_registry.json,True,6291,,runtime_or_personal_data,False,False
core/state/contracts/skylightpros_contract.json,False,10302,,runtime_or_personal_data,False,False
core/state/contracts/wgtt_contract.json,False,6264,,runtime_or_personal_data,False,False
core/state/control_plane_lockdown.json,True,18060,,runtime_or_personal_data,False,False
core/state/crate_spawn_blueprint_contract.json,True,2680,,runtime_or_personal_data,False,False
core/state/crate_spawn_contract.json,True,1751,,runtime_or_personal_data,False,False
core/state/destructive_quorum.json,True,167,,runtime_or_personal_data,False,False
core/state/edge_endpoint_verification.json,True,15983,,runtime_or_personal_data,False,False
core/state/edge_enrollment_plan.json,True,3091,,runtime_or_personal_data,False,False
core/state/edge_identity_remediation_contract.json,True,2875,,runtime_or_personal_data,False,False
core/state/edge_model_rollout.json,True,3596,,runtime_or_personal_data,False,False
core/state/edge_package_readiness.json,True,4177,,runtime_or_personal_data,False,False
core/state/embodied_controller_runtime.json,True,8919,,runtime_or_personal_data,False,False
core/state/embodied_interface.json,True,4659,,runtime_or_personal_data,False,False
core/state/engineering_suite_contract.json,True,865,,runtime_or_personal_data,False,False
core/state/environment_profile.json,True,5016,,runtime_or_personal_data,False,False
core/state/environment_profile.schema.json,True,5302,,runtime_or_personal_data,False,False
core/state/escalation_runtime.json,True,2817,,runtime_or_personal_data,False,False
core/state/extension_activation_backlog.json,True,5339,,runtime_or_personal_data,False,False
core/state/extension_surface_contract.json,True,9317,,runtime_or_personal_data,False,False
core/state/external_absorption_brief.json,True,10389,,runtime_or_personal_data,False,False
core/state/federated_comms.json,True,2916,,runtime_or_personal_data,False,False
core/state/federated_comms_runtime.json,True,2535,,runtime_or_personal_data,False,False
core/state/federation_candidate_evidence_matrix.json,True,36927,,runtime_or_personal_data,False,False
core/state/fleet_backbone.json,True,6724,,runtime_or_personal_data,False,False
core/state/fleet_bootstrap.json,True,872,,runtime_or_personal_data,False,False
core/state/fleet_bootstrap_recovery.json,True,4881,,runtime_or_personal_data,False,False
core/state/fleet_capability_ranking.json,True,5502,,runtime_or_personal_data,False,False
core/state/fleet_hardware.json,True,12665,,runtime_or_personal_data,False,False
core/state/fleet_health.json,True,9847,,runtime_or_personal_data,False,False
core/state/fleet_identity_reconciliation.json,True,3813,,runtime_or_personal_data,False,False
core/state/fleet_models.json,True,1874,,runtime_or_personal_data,False,False
core/state/fleet_nodes.json,True,51386,,runtime_or_personal_data,False,False
core/state/fleet_power_guard.json,True,1976,,runtime_or_personal_data,False,False
core/state/fleet_routing_contract.json,True,1974,,runtime_or_personal_data,False,False
core/state/fleet_runtime.json,True,81636,,runtime_or_personal_data,False,False
core/state/fleet_steward_actions.json,True,8726,,runtime_or_personal_data,False,False
core/state/fleet_steward_write_intents.json,True,10454,,runtime_or_personal_data,False,False
core/state/flywheel_packet_runtime.json,True,5690,,runtime_or_personal_data,False,False
core/state/full_system_cleanup_audit.json,True,394358,,runtime_or_personal_data,False,False
core/state/github_repo_integration.json,True,43525,,runtime_or_personal_data,False,False
core/state/goals/INDEX.md,True,479,,runtime_or_personal_data,False,False
core/state/goals/README.md,True,408,,runtime_or_personal_data,False,False
core/state/goals/goal_council_presence.json,True,491,,runtime_or_personal_data,False,False
core/state/goals/goal_daily_joulework_report.json,True,476,,runtime_or_personal_data,False,False
core/state/goals/goal_knowledge_index_freshness.json,True,486,,runtime_or_personal_data,False,False
core/state/goals/goal_ledger_compaction.json,True,455,,runtime_or_personal_data,False,False
core/state/goals/goal_provider_mesh_health.json,True,491,,runtime_or_personal_data,False,False
core/state/governance_autonomy_readiness.json,True,6952,,runtime_or_personal_data,False,False
core/state/governance_current_state_contract.json,True,1866,,runtime_or_personal_data,False,False
core/state/governance_gap_backlog.json,True,798,,runtime_or_personal_data,False,False
core/state/governance_priority_runtime.json,True,2453,,runtime_or_personal_data,False,False
core/state/governance_runtime.json,True,17025,,runtime_or_personal_data,False,False
core/state/hades_charon_layout.json,True,146854,,runtime_or_personal_data,False,False
core/state/hades_lifecycle.json,True,40427,,runtime_or_personal_data,False,False
core/state/hades_lifecycle_review.json,True,145030,,runtime_or_personal_data,False,False
core/state/hades_nightly_operations.json,True,15134,,runtime_or_personal_data,False,False
core/state/hermes_arda_projection_contract.json,True,4596,,runtime_or_personal_data,False,False
core/state/hermes_command.json,True,45793,,runtime_or_personal_data,False,False
core/state/hermes_community_sources.json,True,2174,,runtime_or_personal_data,False,False
core/state/hermes_compression_credential_gate.json,True,1011,,runtime_or_personal_data,True,False
core/state/hermes_discord_runtime.json,True,19780,,runtime_or_personal_data,False,False
core/state/hermes_imported_capability_roadmap.json,True,2130,,runtime_or_personal_data,False,False
core/state/human_augmentation_approval.json,True,6363,,runtime_or_personal_data,False,False
core/state/human_augmentation_runtime.json,True,7167,,runtime_or_personal_data,False,False
core/state/human_context.json,True,17233,,runtime_or_personal_data,False,False
core/state/human_corpus_digest_plan.json,True,2866,,runtime_or_personal_data,False,False
core/state/human_corpus_digest_reconciliation.json,True,277,,runtime_or_personal_data,False,False
core/state/human_corpus_digest_tasks.json,True,742,,runtime_or_personal_data,False,False
core/state/human_corpus_extraction_registry.json,True,1409,,runtime_or_personal_data,False,False
core/state/human_corpus_registry.json,True,8258,,runtime_or_personal_data,False,False
core/state/human_corpus_wave.json,True,2246,,runtime_or_personal_data,False,False
core/state/human_document_wave.json,True,362,,runtime_or_personal_data,False,False
core/state/human_inbox_binary_extractions.json,True,10898,,runtime_or_personal_data,False,False
core/state/human_inbox_candidate_consolidation_briefs.json,True,7767,,runtime_or_personal_data,False,False
core/state/human_inbox_ingestion_plan.json,True,52426,,runtime_or_personal_data,False,False
core/state/human_inbox_phase2c_state.json,True,19019,,runtime_or_personal_data,False,False
core/state/human_inbox_phase2d_review_matrix.json,True,100641,,runtime_or_personal_data,False,False
core/state/human_inbox_phase2e_final_audit_state.json,True,7111,,runtime_or_personal_data,False,False
core/state/human_inbox_phase2e_promotion_state.json,True,9467,,runtime_or_personal_data,False,False
core/state/human_inbox_phase2f_promotion_gates.json,True,2533,,runtime_or_personal_data,False,False
core/state/human_inbox_phase2f_state.json,True,2062,,runtime_or_personal_data,False,False
core/state/human_inbox_phase2g_promotion_state.json,True,2200,,runtime_or_personal_data,False,False
core/state/human_inbox_scan_summary.json,True,11417,,runtime_or_personal_data,False,False
core/state/human_vision_digest_state.json,True,543,,runtime_or_personal_data,False,False
core/state/imported_corpus_plan_portfolio.json,True,39247,,runtime_or_personal_data,False,False
core/state/imported_corpus_review_digest.json,True,2007,,runtime_or_personal_data,False,False
core/state/imported_memory_intake_contract.json,True,2844,,runtime_or_personal_data,False,False
core/state/imported_tool_fit_decision_memo.json,True,1768,,runtime_or_personal_data,False,False
core/state/intake_confidence_ladder.json,True,3131,,runtime_or_personal_data,False,False
core/state/interrupt_authority.json,True,286,,runtime_or_personal_data,False,False
core/state/knowledge_triage_registry.jsonl,True,6270801,,runtime_or_personal_data,False,False
core/state/l3_readiness_inventory.json,True,12250,,runtime_or_personal_data,False,False
core/state/l3_readiness_projection.json,True,3475,,runtime_or_personal_data,False,False
core/state/learning_loop_v1.json,True,1674,,runtime_or_personal_data,False,False
core/state/ledger/INDEX.md,True,557,,runtime_or_personal_data,False,False
core/state/ledger/README.md,True,410,,runtime_or_personal_data,False,False
core/state/ledger/ledger_2026-03-01.jsonl,True,12600,,runtime_or_personal_data,False,False
core/state/ledger/ledger_2026-03-07.jsonl,True,29718,,runtime_or_personal_data,False,False
core/state/ledger/ledger_2026-03-08.jsonl,True,4481,,runtime_or_personal_data,False,False
core/state/ledger/ledger_2026-03-10.jsonl,True,6494,,runtime_or_personal_data,False,False
core/state/ledger/ledger_2026-03-13.jsonl,True,187467,,runtime_or_personal_data,False,False
core/state/ledger/ledger_2026-03-14.jsonl,True,8268,,runtime_or_personal_data,False,False
core/state/ledger/ledger_2026-05-04.jsonl,True,11080,,runtime_or_personal_data,False,False
core/state/ledger/ledger_2026-05-05.jsonl,True,15280,,runtime_or_personal_data,False,False
core/state/ledger/ledger_2026-05-06.jsonl,True,21882,,runtime_or_personal_data,False,False
core/state/ledger_compaction_apply.json,True,6437,,runtime_or_personal_data,False,False
core/state/ledger_compaction_plan.json,True,74606,,runtime_or_personal_data,False,False
core/state/litellm_routing_contract.json,True,1681,,runtime_or_personal_data,False,False
core/state/llama_cpp_integration.json,True,1890,,runtime_or_personal_data,False,False
core/state/llmfit_routing_contract.json,True,1736,,runtime_or_personal_data,False,False
core/state/local_voice_model_preflight.json,True,4751,,runtime_or_personal_data,False,False
core/state/loop_economy.json,True,579,,runtime_or_personal_data,False,False
core/state/matrix_boardrooms.json,True,3441,,runtime_or_personal_data,False,False
core/state/memory/INDEX.md,True,318,,runtime_or_personal_data,False,False
core/state/memory/README.md,True,410,,runtime_or_personal_data,False,False
core/state/memory/episodic/INDEX.md,True,6202,,runtime_or_personal_data,False,False
core/state/memory/episodic/README.md,True,421,,runtime_or_personal_data,False,False
core/state/memory/episodic/mem_000241db81e64f65a738878553ad941c.json,True,791,,runtime_or_personal_data,False,False
core/state/memory/episodic/mem_001df8a4e4d04351a79981f766ee82f8.json,True,442,,runtime_or_personal_data,False,False
core/state/memory/episodic/mem_0027ffe39980457598c659e4b4e18984.json,True,384,,runtime_or_personal_data,False,False
core/state/memory/episodic/mem_00fb5f04783f4d0d91eb4067f96d8e80.json,True,387,,runtime_or_personal_data,False,False
core/state/memory/episodic/mem_01019ce967bf423eb63e8bdce5f426d4.json,True,426,,runtime_or_personal_data,False,False
core/state/memory/episodic/mem_01268ec8fb664269b82688a39e0eea28.json,True,375,,runtime_or_personal_data,False,False
core/state/memory/episodic/mem_019ae1005d5b4e2a8246a7970a3f70f0.json,True,383,,runtime_or_personal_data,False,False
core/state/memory/episodic/mem_01cfdd8da0cd4f77ac52335b3739a834.json,True,389,,runtime_or_personal_data,False,False
core/state/memory/episodic/mem_023d020b39074b228ea620141ec7058d.json,True,388,,runtime_or_personal_data,False,False
core/state/memory/episodic/mem_024c09a6de7a4161afcf633de6880605.json,True,397,,runtime_or_personal_data,False,False
core/state/memory/episodic/mem_0307a300f10e48ca91e64b352fda070d.json,True,380,,runtime_or_personal_data,False,False
core/state/memory/episodic/mem_0310c5fe0364409fab5200a1ed9f23b6.json,True,524,,runtime_or_personal_data,False,False
core/state/memory/episodic/mem_031c4fa505294874a8b424942312ebda.json,True,417,,runtime_or_personal_data,False,False
core/state/memory/episodic/mem_031dfccab1ed4fd1a627eeaaad07afb8.json,True,408,,runtime_or_personal_data,False,False
core/state/memory/episodic/mem_034a78ffe4b84009a5c616fb5cfbb0d8.json,True,384,,runtime_or_personal_data,False,False
core/state/memory/episodic/mem_03614b9573bb4a8bb483e183b137e9b1.json,True,398,,runtime_or_personal_data,False,False
core/state/memory/episodic/mem_038b68d6ceec47999e970f663f94a99c.json,True,381,,runtime_or_personal_data,False,False
core/state/memory/episodic/mem_0391f9f7afec4aef893e9c12c4ac658f.json,True,369,,runtime_or_personal_data,False,False
core/state/memory/episodic/mem_03dba240c9734bd9a29aac23e59f6c40.json,True,548,,runtime_or_personal_data,False,False
core/state/memory/episodic/mem_03fe5a32aaf744db95c84466c8971a24.json,True,665,,runtime_or_personal_data,False,False
core/state/memory/episodic/mem_043335714c0443c2bcef984a36df1301.json,True,348,,runtime_or_personal_data,False,False
core/state/memory/episodic/mem_045a1dee68304837a62916473db03073.json,True,373,,runtime_or_personal_data,False,False
core/state/memory/episodic/mem_047f0599b92d4d15a42f06d1f8b2b7ef.json,True,392,,runtime_or_personal_data,False,False
core/state/memory/episodic/mem_04968a81aca24399ba6ba1a057bb356b.json,True,983,,runtime_or_personal_data,False,False
core/state/memory/episodic/mem_04d36cac5858455c832deca8498e1cd4.json,True,390,,runtime_or_personal_data,False,False
core/state/memory/episodic/mem_04fab629ab5b489b910597ee90a9442d.json,True,571,,runtime_or_personal_data,False,False
core/state/memory/episodic/mem_05326785b614418db89a21bb59f95f37.json,True,381,,runtime_or_personal_data,False,False
core/state/memory/episodic/mem_05d1184561f24a07af29b0c409394303.json,True,402,,runtime_or_personal_data,False,False
core/state/memory/episodic/mem_064e9af399f441f491d213e7e7bdb324.json,True,402,,runtime_or_personal_data,False,False
core/state/memory/episodic/mem_06891beb19fd428f904946aa1fa23b05.json,True,380,,runtime_or_personal_data,False,False
core/state/memory/episodic/mem_069d5faf8e854703a028876f94455b51.json,True,358,,runtime_or_personal_data,False,False
core/state/memory/episodic/mem_0735e69626c14ac390359ab77cf15f8b.json,True,1672,,runtime_or_personal_data,False,False
core/state/memory/episodic/mem_074cbd1e58bf463b833f88daf0ee2ce5.json,True,372,,runtime_or_personal_data,False,False
core/state/memory/episodic/mem_07c7b000f2894acd857de3dd5e0ef96a.json,True,378,,runtime_or_personal_data,False,False
core/state/memory/episodic/mem_083e44f35a864a4fa8084496f3ae1e72.json,True,407,,runtime_or_personal_data,False,False
core/state/memory/episodic/mem_092277ca7ca5404288bb468a0751ac32.json,True,382,,runtime_or_personal_data,False,False
core/state/memory/episodic/mem_095cf21fdacc424ba758808380d83385.json,True,380,,runtime_or_personal_data,False,False
core/state/memory/episodic/mem_09710c6ed1f54733a232d0c567326f2b.json,True,376,,runtime_or_personal_data,False,False
core/state/memory/episodic/mem_099ac140ddaf44c48460818a859b3bf5.json,True,386,,runtime_or_personal_data,False,False
core/state/memory/episodic/mem_09bb8793efc24319bda13c8f08b73397.json,True,415,,runtime_or_personal_data,False,False
core/state/memory/episodic/mem_09bccc9d267f48e8b8dc2a2c4d367123.json,True,435,,runtime_or_personal_data,False,False
core/state/memory/episodic/mem_0ab682113b244d7d827d9deb3997b87f.json,True,790,,runtime_or_personal_data,False,False
core/state/memory/episodic/mem_0afab82abb86491da963117d23f8850f.json,True,402,,runtime_or_personal_data,False,False
core/state/memory/episodic/mem_0c085dc495b747388b61b2c8e4737b13.json,True,544,,runtime_or_personal_data,False,False
core/state/memory/episodic/mem_0c7b3e08bd16448b9f0e800d2dbe8c29.json,True,681,,runtime_or_personal_data,False,False
core/state/memory/episodic/mem_0c84a1489bac44c387b7a5ed349602b1.json,True,387,,runtime_or_personal_data,False,False
core/state/memory/episodic/mem_0cf35a5469554b9e9ffa8ccd5faf41e6.json,True,390,,runtime_or_personal_data,False,False
core/state/memory/episodic/mem_0d11f35efd524231960ea8cf85d564c5.json,True,432,,runtime_or_personal_data,False,False
core/state/memory/episodic/mem_0d2b2a6b3753426b87b87b570a00e60f.json,True,404,,runtime_or_personal_data,False,False
core/state/memory/episodic/mem_0e1360c5cd784179bdaa851d20a4b58e.json,True,426,,runtime_or_personal_data,False,False
core/state/memory/episodic/mem_0e4acd3eef7e4e859bba6a04d93955fc.json,True,573,,runtime_or_personal_data,False,False
core/state/memory/episodic/mem_0ebbb9ef38854a9e9e7ce141b68e378f.json,True,384,,runtime_or_personal_data,False,False
core/state/memory/episodic/mem_0f55bf804a7540f19d7ae58c8d34af75.json,True,560,,runtime_or_personal_data,False,False
core/state/memory/episodic/mem_0f7945c979174b99bb6129a1e0d761b6.json,True,384,,runtime_or_personal_data,False,False
core/state/memory/episodic/mem_0fe7d6f31b4a4f07be04bb4701056537.json,True,388,,runtime_or_personal_data,False,False
core/state/memory/episodic/mem_102a6b74849e44b0b17b7bb5efd0d6a1.json,True,511,,runtime_or_personal_data,False,False
core/state/memory/episodic/mem_103e34ebea6a454a8d41c6bc85429fee.json,True,666,,runtime_or_personal_data,False,False
core/state/memory/episodic/mem_106e941abcdb40c3a7f896e0194c4a86.json,True,368,,runtime_or_personal_data,False,False
core/state/memory/episodic/mem_11481607b7c24dcf956c7b6e72ce6eca.json,True,383,,runtime_or_personal_data,False,False
core/state/memory/episodic/mem_11be38c2df4c42399f200ef62edc48f8.json,True,377,,runtime_or_personal_data,False,False
core/state/memory/episodic/mem_11c814761ad24a09bf5c7ee68cec8031.json,True,400,,runtime_or_personal_data,False,False
core/state/memory/episodic/mem_121f61d93cf94496924cd0a76cf2e353.json,True,373,,runtime_or_personal_data,False,False
core/state/memory/episodic/mem_1274ebf9938c469ebbec4ae3072823d7.json,True,568,,runtime_or_personal_data,False,False
core/state/memory/episodic/mem_1283942131ed4a7181292ac1097aafb9.json,True,403,,runtime_or_personal_data,False,False
core/state/memory/episodic/mem_12b0a58064124c5bb3944e071c251663.json,True,1332,,runtime_or_personal_data,False,False
core/state/memory/episodic/mem_1308524e422d48c0bc0458ea79b85a97.json,True,391,,runtime_or_personal_data,False,False
core/state/memory/episodic/mem_137f8522913d465d8977854e23faf3e7.json,True,382,,runtime_or_personal_data,False,False
core/state/memory/episodic/mem_14aab3fd5236481fa6c07d8f446be401.json,True,781,,runtime_or_personal_data,False,False
core/state/memory/episodic/mem_14cb1a30c148457abecde7f2870dc370.json,True,805,,runtime_or_personal_data,False,False
core/state/memory/episodic/mem_14e759694c014bcd8eaa58a991330bfc.json,True,686,,runtime_or_personal_data,False,False
core/state/memory/episodic/mem_150788b101e7434d845f66bb58e7af86.json,True,398,,runtime_or_personal_data,False,False
core/state/memory/episodic/mem_150ffcb199714d098bbcdbf7bfb2e3bd.json,True,382,,runtime_or_personal_data,False,False
core/state/memory/episodic/mem_154a49bceabf4fb1a771f8e0cd2cfcc5.json,True,390,,runtime_or_personal_data,False,False
core/state/memory/episodic/mem_16fef6b077624857b081b9d7fb456b4b.json,True,380,,runtime_or_personal_data,False,False
core/state/memory/episodic/mem_170d7da20a864ec8aadcbd3874106d96.json,True,430,,runtime_or_personal_data,False,False
core/state/memory/episodic/mem_1741f66edf0a48798ec770c404370e2d.json,True,441,,runtime_or_personal_data,False,False
core/state/memory/episodic/mem_174adc92b8fd48968ee875cbe1378bfc.json,True,401,,runtime_or_personal_data,False,False
core/state/memory/episodic/mem_17721548e2b24b479dd9201000cb843b.json,True,668,,runtime_or_personal_data,False,False
core/state/memory/episodic/mem_179797e690f74e5187c3e4dc53d4a0a4.json,True,437,,runtime_or_personal_data,False,False
core/state/memory/episodic/mem_17f9276c3c8148d88d31d7a56f2dc301.json,True,767,,runtime_or_personal_data,False,False
core/state/memory/episodic/mem_18695dfda2a440b0a941ff11ca53f830.json,True,552,,runtime_or_personal_data,False,False
core/state/memory/episodic/mem_187c4d3412c141bba4636c3a21a83f2a.json,True,636,,runtime_or_personal_data,False,False
core/state/memory/episodic/mem_18ca3a8580ac4ae98702e53b4c74d7d3.json,True,654,,runtime_or_personal_data,False,False
core/state/memory/episodic/mem_1937907cc93b46d1a42739212946896e.json,True,375,,runtime_or_personal_data,False,False
core/state/memory/episodic/mem_19679cd0d601404cb8ca0e7766989f65.json,True,621,,runtime_or_personal_data,False,False
core/state/memory/episodic/mem_19c27fef97e04f4a8346a77755975507.json,True,369,,runtime_or_personal_data,False,False
core/state/memory/episodic/mem_19d01b35b96345ffa9aa49648613e3b0.json,True,393,,runtime_or_personal_data,False,False
core/state/memory/episodic/mem_1a0d15b2bb9c4e50afc719c295bfb121.json,True,376,,runtime_or_personal_data,False,False
core/state/memory/episodic/mem_1a11837f4bf549e2be8d26ec469e7472.json,True,396,,runtime_or_personal_data,False,False
core/state/memory/episodic/mem_1a50ef19c59e43448a876899d12e6dbf.json,True,386,,runtime_or_personal_data,False,False
core/state/memory/episodic/mem_1a51ade53c9a48d7b370fcc35f3d9c51.json,True,388,,runtime_or_personal_data,False,False
core/state/memory/episodic/mem_1a79837c698d4e94ad49cd807c2c6d27.json,True,392,,runtime_or_personal_data,False,False
core/state/memory/episodic/mem_1ad101d4d3234e1c86d9fdd26e4c214f.json,True,382,,runtime_or_personal_data,False,False
core/state/memory/episodic/mem_1ad4ea5326ef4c3f9d6b9a65240d5fe2.json,True,392,,runtime_or_personal_data,False,False
core/state/memory/episodic/mem_1ad6b74ade41409e8cf7b640051932e0.json,True,588,,runtime_or_personal_data,False,False
core/state/memory/episodic/mem_1b70fb25434347c29ad8731fe7f7c53a.json,True,700,,runtime_or_personal_data,False,False
core/state/memory/episodic/mem_1b711e1971814b9386676eaeefc9b2f1.json,True,569,,runtime_or_personal_data,False,False
core/state/memory/episodic/mem_1ba2e603bca84b2e9169fdf0e616dc14.json,True,377,,runtime_or_personal_data,False,False
core/state/memory/episodic/mem_1c3181e8d3c34fd08f6f78606c2a5c0f.json,True,532,,runtime_or_personal_data,False,False
core/state/memory/episodic/mem_1cf8bdc79c6f4a3e8709f6d8fed65e12.json,True,393,,runtime_or_personal_data,False,False
core/state/memory/episodic/mem_1ddcde67b9454b2ea7888e95555fcb62.json,True,394,,runtime_or_personal_data,False,False
core/state/memory/episodic/mem_1e0521dda0ce4bc4b8c02ed9e6f693c1.json,True,361,,runtime_or_personal_data,False,False
core/state/memory/episodic/mem_1e1219da8c5a449dabcebff7f5ef41d5.json,True,379,,runtime_or_personal_data,False,False
core/state/memory/episodic/mem_1e1b96cf531745f69ce545911ce0eaa4.json,True,452,,runtime_or_personal_data,False,False
core/state/memory/episodic/mem_1e2c87d4b9b0411f8ecfba2643da3d29.json,True,397,,runtime_or_personal_data,False,False
core/state/memory/episodic/mem_1e3b20959b48462d9a25b455772052bb.json,True,657,,runtime_or_personal_data,False,False
core/state/memory/episodic/mem_1e65042dfd9d41cf9b98902e7ef8c0fe.json,True,654,,runtime_or_personal_data,False,False
core/state/memory/episodic/mem_1f25b75cf2904f4cb589ed3bfbf95a74.json,True,559,,runtime_or_personal_data,False,False
core/state/memory/episodic/mem_1fa479771eda434c8dc2b6f1de084ccc.json,True,380,,runtime_or_personal_data,False,False
core/state/memory/episodic/mem_1fa7b22fdc6545259d804ff778a616cd.json,True,1019,,runtime_or_personal_data,False,False
core/state/memory/episodic/mem_1fec2309506149f682f2d026ce5ffc2d.json,True,524,,runtime_or_personal_data,False,False
core/state/memory/episodic/mem_20008addaa674698b230b4b740af2b28.json,True,374,,runtime_or_personal_data,False,False
core/state/memory/episodic/mem_206bb13f5eaf422b95900e0f70fa9e7b.json,True,368,,runtime_or_personal_data,False,False
core/state/memory/episodic/mem_21449984f9d14e1e876e2a204f22d7a5.json,True,383,,runtime_or_personal_data,False,False
core/state/memory/episodic/mem_21d96b23aadc4e83a3ff571b65a2f884.json,True,776,,runtime_or_personal_data,False,False
core/state/memory/episodic/mem_220c3469f1bb4a5386607b8ae2ed4506.json,True,723,,runtime_or_personal_data,False,False
core/state/memory/episodic/mem_22979139b50c4397ae274f5958a155ba.json,True,374,,runtime_or_personal_data,False,False
core/state/memory/episodic/mem_22c34d1dd0064221abd331122f92ba2c.json,True,365,,runtime_or_personal_data,False,False
core/state/memory/episodic/mem_22e8f9a2c6ee4f699b2709fa5608bc7c.json,True,751,,runtime_or_personal_data,False,False
core/state/memory/episodic/mem_230c12314a884afea19b403099cca7bd.json,True,378,,runtime_or_personal_data,False,False
core/state/memory/episodic/mem_23170046001c49139aabf1a188b0c7b8.json,True,397,,runtime_or_personal_data,False,False
core/state/memory/episodic/mem_2328a7b56ccf4aa0aa36e176d6afa9ee.json,True,378,,runtime_or_personal_data,False,False
core/state/memory/episodic/mem_234213f4c3b04f5cb8d9ab94ca4ff14a.json,True,397,,runtime_or_personal_data,False,False
core/state/memory/episodic/mem_2365d60b208f4224a8244331bc3bb124.json,True,759,,runtime_or_personal_data,False,False
core/state/memory/episodic/mem_23710e3d55a640a1b74aa49ca7dbfc51.json,True,379,,runtime_or_personal_data,False,False
core/state/memory/episodic/mem_23a40155558e46dca2aa8f03f0e51b7e.json,True,495,,runtime_or_personal_data,False,False
core/state/memory/episodic/mem_23cd6c70a5674d3dbfb9ca89f97b4c71.json,True,382,,runtime_or_personal_data,False,False
core/state/memory/episodic/mem_23d8a83389d04dfcb2f9f55b2c731952.json,True,349,,runtime_or_personal_data,False,False
core/state/memory/episodic/mem_2418bb9cf6dc45f0a25e9ae103be59eb.json,True,433,,runtime_or_personal_data,False,False
core/state/memory/episodic/mem_2443fc05f601400d97966646de22d05d.json,True,648,,runtime_or_personal_data,False,False
core/state/memory/episodic/mem_244d653c6cd44d02b602dd24d38de5e7.json,True,426,,runtime_or_personal_data,False,False
core/state/memory/episodic/mem_24e4e76df15e475192a72a7f866c26ad.json,True,365,,runtime_or_personal_data,False,False
core/state/memory/episodic/mem_2562ba72f1224fba8b2ddfb92b2a2096.json,True,390,,runtime_or_personal_data,False,False
core/state/memory/episodic/mem_26133b8088a746ad84e6b69267bef12c.json,True,430,,runtime_or_personal_data,False,False
core/state/memory/episodic/mem_2686841587604f688f5a2210b7d5407e.json,True,386,,runtime_or_personal_data,False,False
core/state/memory/episodic/mem_275b793721c34859aee029aec8dc8a32.json,True,360,,runtime_or_personal_data,False,False
core/state/memory/episodic/mem_287150ba22ea4362a4a0d6a009edc4d2.json,True,373,,runtime_or_personal_data,False,False
core/state/memory/episodic/mem_291a7be190fb4268a5a290d5e96e4454.json,True,430,,runtime_or_personal_data,False,False
core/state/memory/episodic/mem_297d66b397904c0e9cd50ee913c665bb.json,True,426,,runtime_or_personal_data,False,False
core/state/memory/episodic/mem_2983d380005243519c031d5314e210a0.json,True,394,,runtime_or_personal_data,False,False
core/state/memory/episodic/mem_29a0b013c0e74ca09d4209d4f07cd338.json,True,426,,runtime_or_personal_data,False,False
core/state/memory/episodic/mem_29c52fb2d56e40c1ad465900cd2c1755.json,True,824,,runtime_or_personal_data,False,False
core/state/memory/episodic/mem_29e6d842b9764581baa79b8730793f8d.json,True,390,,runtime_or_personal_data,False,False
core/state/memory/episodic/mem_29f83cb05c2f4d00afc453917c348ee0.json,True,653,,runtime_or_personal_data,False,False
core/state/memory/episodic/mem_2a0dc2ab53834817a3628dad403a7ef9.json,True,401,,runtime_or_personal_data,False,False
core/state/memory/episodic/mem_2a347e21cbfe45878a23cf3d6ca6174c.json,True,719,,runtime_or_personal_data,False,False
core/state/memory/episodic/mem_2a769a9ed8d04e9abe79a632ee1e49a7.json,True,423,,runtime_or_personal_data,False,False
core/state/memory/episodic/mem_2a837a7c972c4873a9d071a02650422a.json,True,365,,runtime_or_personal_data,False,False
core/state/memory/episodic/mem_2ad5d4842c4f4ab584d4156f049b92d2.json,True,788,,runtime_or_personal_data,False,False
core/state/memory/episodic/mem_2b0f9da9cb8b4010a647f212c197e5a4.json,True,729,,runtime_or_personal_data,False,False
core/state/memory/episodic/mem_2b70798b1cab4c57844d3da50eb0de91.json,True,2234,,runtime_or_personal_data,False,False
core/state/memory/episodic/mem_2bcf9548a56d4eaabcca7758a79228ca.json,True,708,,runtime_or_personal_data,False,False
core/state/memory/episodic/mem_2bf8e8973a104beaba50aab611485d9b.json,True,423,,runtime_or_personal_data,False,False
core/state/memory/episodic/mem_2c048e7ce8204323bc3d9667da01f859.json,True,390,,runtime_or_personal_data,False,False
core/state/memory/episodic/mem_2c61245c7b6744c993432c6e73d4e692.json,True,624,,runtime_or_personal_data,False,False
core/state/memory/episodic/mem_2caaa686c286447c91bac9c35ef9d777.json,True,425,,runtime_or_personal_data,False,False
core/state/memory/episodic/mem_2cb4154b619944c9bfd0fa25e1c5219f.json,True,417,,runtime_or_personal_data,False,False
core/state/memory/episodic/mem_2dcb0e4d12164654b65c5209c173fd8d.json,True,366,,runtime_or_personal_data,False,False
core/state/memory/episodic/mem_2dcf60b7781e4255ad6958c77ea05b28.json,True,392,,runtime_or_personal_data,False,False
core/state/memory/episodic/mem_2e00897e24a140c1827432eb9d7b4fcb.json,True,380,,runtime_or_personal_data,False,False
core/state/memory/episodic/mem_2e191633821c4f2981fc3c96a8e8ba6d.json,True,426,,runtime_or_personal_data,False,False
core/state/memory/episodic/mem_2e3b0eb953d448cdb0c35836456ebe28.json,True,1776,,runtime_or_personal_data,False,False
core/state/memory/episodic/mem_2e651481d24f4339be2f47a6f7287200.json,True,391,,runtime_or_personal_data,False,False
core/state/memory/episodic/mem_2f11c8033b2a40d4a7d4274e086ca044.json,True,377,,runtime_or_personal_data,False,False
core/state/memory/episodic/mem_2f210d613b45425eb7ad26f9bb387902.json,True,426,,runtime_or_personal_data,False,False
core/state/memory/episodic/mem_2f6244dcdc764b23991dc3d388387225.json,True,377,,runtime_or_personal_data,False,False
core/state/memory/episodic/mem_2ff877763ded47a2a9d47f5e7e346c0f.json,True,440,,runtime_or_personal_data,False,False
core/state/memory/episodic/mem_30240d816d9949c4aeee0c33f3a15c17.json,True,410,,runtime_or_personal_data,False,False
core/state/memory/episodic/mem_3041d823d0c44fdf930a8c687f93db9e.json,True,881,,runtime_or_personal_data,False,False
core/state/memory/episodic/mem_309e8f30fc65487d989a8808273bf421.json,True,389,,runtime_or_personal_data,False,False
core/state/memory/episodic/mem_30ca648e3f034b36b1f365afaedaaf41.json,True,381,,runtime_or_personal_data,False,False
core/state/memory/episodic/mem_30d86e7c64424d188edda6491be2744e.json,True,663,,runtime_or_personal_data,False,False
core/state/memory/episodic/mem_31068f959f0c49fda4a15bf4e2393fd2.json,True,371,,runtime_or_personal_data,False,False
core/state/memory/episodic/mem_3124f3cc1cf4409e88b3ad4aa2508e12.json,True,728,,runtime_or_personal_data,False,False
core/state/memory/episodic/mem_312926c3839840e6a34bc73d131fcbe8.json,True,451,,runtime_or_personal_data,False,False
core/state/memory/episodic/mem_3153649e57e34ed5b27d64eb81fc188d.json,True,373,,runtime_or_personal_data,False,False
core/state/memory/episodic/mem_31b82713773a4c08b81571dc84d5126d.json,True,764,,runtime_or_personal_data,False,False
core/state/memory/episodic/mem_31e3c4db636440aabaebb1027f2f343a.json,True,744,,runtime_or_personal_data,False,False
core/state/memory/episodic/mem_31fa0475423c437393fac28c888c0352.json,True,386,,runtime_or_personal_data,False,False
core/state/memory/episodic/mem_326a2cd7c3e1417fac090e9e4ea469f9.json,True,433,,runtime_or_personal_data,False,False
core/state/memory/episodic/mem_3358f8ddd6d6481c9476abe44c0e63ab.json,True,379,,runtime_or_personal_data,False,False
core/state/memory/episodic/mem_337b838bb35e4f6b926d5b85774d82ce.json,True,398,,runtime_or_personal_data,False,False
core/state/memory/episodic/mem_33aeb6d01d2340c69a6e73c67e770b11.json,True,450,,runtime_or_personal_data,False,False
core/state/memory/episodic/mem_33fcb169431540e0923ea32145cfb859.json,True,391,,runtime_or_personal_data,False,False
core/state/memory/episodic/mem_33feecacaf264a69944b8ac1c0e5289f.json,True,956,,runtime_or_personal_data,False,False
core/state/memory/episodic/mem_34150030a7b241faae776a513a395eb7.json,True,378,,runtime_or_personal_data,False,False
core/state/memory/episodic/mem_3455dfc82e4c4e8bbc3a0b32561eddd1.json,True,422,,runtime_or_personal_data,False,False
core/state/memory/episodic/mem_347e6f0c3ff94392894cc4cb23ae5e7f.json,True,957,,runtime_or_personal_data,False,False
core/state/memory/episodic/mem_34cef2f6f45941a68003855adb979ecc.json,True,709,,runtime_or_personal_data,False,False
core/state/memory/episodic/mem_34fcb493e8624a9aaa18c4b27973f66c.json,True,951,,runtime_or_personal_data,False,False
core/state/memory/episodic/mem_351206e103ca4921b49109cdaee8ea7d.json,True,396,,runtime_or_personal_data,False,False
core/state/memory/episodic/mem_35206f82f8a7476abebd40f574169e50.json,True,399,,runtime_or_personal_data,False,False
core/state/memory/episodic/mem_355ae13d4e76401fb35b49c4616893e9.json,True,400,,runtime_or_personal_data,False,False
core/state/memory/episodic/mem_359b69ca75e041babe9cc7ed29b64c2b.json,True,399,,runtime_or_personal_data,False,False
core/state/memory/episodic/mem_3647e36209e64a75b0ab00ccc47325a8.json,True,434,,runtime_or_personal_data,False,False
core/state/memory/episodic/mem_364c470fe5aa4ba69c09717e667bf175.json,True,401,,runtime_or_personal_data,False,False
core/state/memory/episodic/mem_36515b4ab2b74e6985b653141a5956af.json,True,541,,runtime_or_personal_data,False,False
core/state/memory/episodic/mem_36e231d8457b4b9980030929a3586be9.json,True,380,,runtime_or_personal_data,False,False
core/state/memory/episodic/mem_37c057cdb493470bbd3cbe17cb758fa3.json,True,524,,runtime_or_personal_data,False,False
core/state/memory/episodic/mem_383da2f716754d84aac8a2439cc1fad0.json,True,422,,runtime_or_personal_data,False,False
core/state/memory/episodic/mem_3868b6f474584513b40b3679863e2f0e.json,True,540,,runtime_or_personal_data,False,False
core/state/memory/episodic/mem_38756bffab404bf4bc0f612737ffb43f.json,True,583,,runtime_or_personal_data,False,False
core/state/memory/episodic/mem_38d1c3007d6c41df898b8bc8ebe3512b.json,True,394,,runtime_or_personal_data,False,False
core/state/memory/episodic/mem_39ae7cf4e8694a03810de2037d4430b0.json,True,393,,runtime_or_personal_data,False,False
core/state/memory/episodic/mem_3a6d4ec2437d4fcd88ced424da587c59.json,True,402,,runtime_or_personal_data,False,False
core/state/memory/episodic/mem_3a8cde39a7b543039a5619d9211af657.json,True,399,,runtime_or_personal_data,False,False
core/state/memory/episodic/mem_3b1953c072f642a7bbc5f05cba6bfed7.json,True,435,,runtime_or_personal_data,False,False
core/state/memory/episodic/mem_3b5c9290e98b45baac018e3558cd0709.json,True,800,,runtime_or_personal_data,False,False
core/state/memory/episodic/mem_3bbc97c7190d47398b56b4cce20c9c06.json,True,1919,,runtime_or_personal_data,False,False
core/state/memory/episodic/mem_3e2a4eaf64fb46fe937f9e0956f9b1ea.json,True,380,,runtime_or_personal_data,False,False
core/state/memory/episodic/mem_3e44fca856064889b8bf2793ffec58e0.json,True,904,,runtime_or_personal_data,False,False
core/state/memory/episodic/mem_3e4de9c1f64746daab67b4df673d2c41.json,True,725,,runtime_or_personal_data,False,False
core/state/memory/episodic/mem_3ec158b16b674074a5e42bb28f845411.json,True,383,,runtime_or_personal_data,False,False
core/state/memory/episodic/mem_3ec8c46ab8b2402a97d75921f47da983.json,True,377,,runtime_or_personal_data,False,False
core/state/memory/episodic/mem_3f21d82a440f49c288993ec571dbf29f.json,True,430,,runtime_or_personal_data,False,False
core/state/memory/episodic/mem_3f2743620bc142ada28e6b1dc8520f10.json,True,399,,runtime_or_personal_data,False,False
core/state/memory/episodic/mem_3faf1c89b72e4b5794fe8d50effdfe20.json,True,426,,runtime_or_personal_data,False,False
core/state/memory/episodic/mem_3fe85272dd38451ea22df12cf874decf.json,True,605,,runtime_or_personal_data,False,False
core/state/memory/episodic/mem_3ff0aa6ff0dc440098d4e458cfea55c3.json,True,369,,runtime_or_personal_data,False,False
core/state/memory/episodic/mem_3ffe411bbd4848afac792a2a727633a9.json,True,580,,runtime_or_personal_data,False,False
core/state/memory/episodic/mem_40189f3798334bdaa762d19bd418b53e.json,True,372,,runtime_or_personal_data,False,False
core/state/memory/episodic/mem_4027e97866a147b98a4e4ebcc0d17a50.json,True,712,,runtime_or_personal_data,False,False
core/state/memory/episodic/mem_40cda861acdb4f57a5c317c51e7b1097.json,True,532,,runtime_or_personal_data,False,False
core/state/memory/episodic/mem_40e7d201375a41f1916b00acb768627c.json,True,1580,,runtime_or_personal_data,False,False
core/state/memory/episodic/mem_40fd71cf1efb40c8b63302de91c27b79.json,True,1581,,runtime_or_personal_data,False,False
core/state/memory/episodic/mem_410f3f4511d34824ad0e704926bbb1fc.json,True,374,,runtime_or_personal_data,False,False
core/state/memory/episodic/mem_4169c1dc77e449e5a6af54036662365a.json,True,884,,runtime_or_personal_data,False,False
core/state/memory/episodic/mem_41943538cb1c478ca66c2439a92df853.json,True,540,,runtime_or_personal_data,False,False
core/state/memory/episodic/mem_41a7ff83a48b463ba302e51fdf418a4e.json,True,439,,runtime_or_personal_data,False,False
core/state/memory/episodic/mem_41db3cf7344946b88417e6810c6829b0.json,True,436,,runtime_or_personal_data,False,False
core/state/memory/episodic/mem_41e2fdb2fa2c4d0cad84dafef0118040.json,True,385,,runtime_or_personal_data,False,False
core/state/memory/episodic/mem_420c974fd59f44ee8274206a2272e904.json,True,430,,runtime_or_personal_data,False,False
core/state/memory/episodic/mem_422e3887abc54d1190556ebdc35a4274.json,True,384,,runtime_or_personal_data,False,False
core/state/memory/episodic/mem_425f2145e2c74a4488dea4d1ab6f0351.json,True,415,,runtime_or_personal_data,False,False
core/state/memory/episodic/mem_4270f47113d84fbbab3d1dd1aeadba90.json,True,576,,runtime_or_personal_data,False,False
core/state/memory/episodic/mem_428b1850afdf49e6a7b1677b064fe204.json,True,373,,runtime_or_personal_data,False,False
core/state/memory/episodic/mem_42e52ae358ba4a60b1d620ccfe7ccf8e.json,True,374,,runtime_or_personal_data,False,False
core/state/memory/episodic/mem_431aa15939c645f0b7b43af7b316caad.json,True,381,,runtime_or_personal_data,False,False
core/state/memory/episodic/mem_43459c7235d24df4a6b242c8daef1458.json,True,387,,runtime_or_personal_data,False,False
core/state/memory/episodic/mem_435d0c4d35ae414fb7a34c4d208cfb2a.json,True,403,,runtime_or_personal_data,False,False
core/state/memory/episodic/mem_43765a624bce48a0b338651f571a0e73.json,True,2178,,runtime_or_personal_data,False,False
core/state/memory/episodic/mem_43a014e6d33b446f881288b4f5e1ce15.json,True,377,,runtime_or_personal_data,False,False
core/state/memory/episodic/mem_43a59dbb821642949a3227fc20dd040d.json,True,547,,runtime_or_personal_data,False,False
core/state/memory/episodic/mem_43bd2c9495524d3d959e4e1978b30be0.json,True,800,,runtime_or_personal_data,False,False
core/state/memory/episodic/mem_44a2442359cc42c784c7859428dab739.json,True,380,,runtime_or_personal_data,False,False
core/state/memory/episodic/mem_44af25709c0e44a188315db311d95671.json,True,369,,runtime_or_personal_data,False,False
core/state/memory/episodic/mem_4535edb4987149f8a196915c38c80df4.json,True,385,,runtime_or_personal_data,False,False
core/state/memory/episodic/mem_453677db7f824a308d0072d087c14ecd.json,True,368,,runtime_or_personal_data,False,False
core/state/memory/episodic/mem_459b1500c19144c3be7ad65157579160.json,True,416,,runtime_or_personal_data,False,False
core/state/memory/episodic/mem_45aa32406ec546ba8b1f3dcf3329708b.json,True,430,,runtime_or_personal_data,False,False
core/state/memory/episodic/mem_45b8427bc6d7492b89203561f836015b.json,True,357,,runtime_or_personal_data,False,False
core/state/memory/episodic/mem_45c2639e2ceb45458c1e04cc3cff96cf.json,True,374,,runtime_or_personal_data,False,False
core/state/memory/episodic/mem_46410a07f7944296ae1510d1348c6923.json,True,439,,runtime_or_personal_data,False,False
core/state/memory/episodic/mem_465b2cc1549344aaa9e5764e2719542b.json,True,348,,runtime_or_personal_data,False,False
core/state/memory/episodic/mem_467bd07d8008406bb3bd7035da3ab27d.json,True,1026,,runtime_or_personal_data,False,False
core/state/memory/episodic/mem_4698473bf81746b9a9210738c77adcb6.json,True,380,,runtime_or_personal_data,False,False
core/state/memory/episodic/mem_46dee19d0331409dab17a82a900a855c.json,True,373,,runtime_or_personal_data,False,False
core/state/memory/episodic/mem_4721369baa084246ad48c81ae33beff7.json,True,831,,runtime_or_personal_data,False,False
core/state/memory/episodic/mem_47385d98ed794c89b2ec402fc88efe11.json,True,508,,runtime_or_personal_data,False,False
core/state/memory/episodic/mem_4755773321b1460294d24411f24729d7.json,True,372,,runtime_or_personal_data,False,False
core/state/memory/episodic/mem_47d14e5d6da2471ebfcc86a0f3cfe2e5.json,True,392,,runtime_or_personal_data,False,False
core/state/memory/episodic/mem_47fe9ebc4d1348cbbf0df13ee0d5458a.json,True,388,,runtime_or_personal_data,False,False
core/state/memory/episodic/mem_486c6945c3204455a78957ecd11042dd.json,True,433,,runtime_or_personal_data,False,False
core/state/memory/episodic/mem_49128d8a5e0e4cce9583e97b4b5f55c6.json,True,415,,runtime_or_personal_data,False,False
core/state/memory/episodic/mem_491cc8f22eab4451aae364bc037d11f9.json,True,725,,runtime_or_personal_data,False,False
core/state/memory/episodic/mem_4936300eba9d424d83508dcf559063bc.json,True,383,,runtime_or_personal_data,False,False
core/state/memory/episodic/mem_4a0a28b7919649c8882d5df8da85f732.json,True,373,,runtime_or_personal_data,False,False
core/state/memory/episodic/mem_4a5545572f284721a7e68ed450aff9ba.json,True,451,,runtime_or_personal_data,False,False
core/state/memory/episodic/mem_4ada8f794fab460487d81b17eb40da2b.json,True,358,,runtime_or_personal_data,False,False
core/state/memory/episodic/mem_4adfc6d49bec45d4b8db59c4a32632e1.json,True,422,,runtime_or_personal_data,False,False
core/state/memory/episodic/mem_4bdd4ba739f94ef7833dbffab56e0c43.json,True,426,,runtime_or_personal_data,False,False
core/state/memory/episodic/mem_4c0721e111944412921426b0ea863973.json,True,399,,runtime_or_personal_data,False,False
core/state/memory/episodic/mem_4cdf7547f39d4528bdc4ae63cbda365a.json,True,426,,runtime_or_personal_data,False,False
core/state/memory/episodic/mem_4ceacddbac0e4877b9f2adbe30c46f01.json,True,2183,,runtime_or_personal_data,False,False
core/state/memory/episodic/mem_4d7e1569eaaa4c3b9806c18e7e3cd0b3.json,True,426,,runtime_or_personal_data,False,False
core/state/memory/episodic/mem_4d7f749013e74be09dc4533def0d07bf.json,True,382,,runtime_or_personal_data,False,False
core/state/memory/episodic/mem_4d8314c1c4d44c65be7803612596abef.json,True,776,,runtime_or_personal_data,False,False
core/state/memory/episodic/mem_4d9a18f570984dedbb9b6aa04a8668c7.json,True,371,,runtime_or_personal_data,False,False
core/state/memory/episodic/mem_4d9bb9268f824885b2de5356216ab257.json,True,733,,runtime_or_personal_data,False,False
core/state/memory/episodic/mem_4dba3d6e379d42d7ab16ed9cbea20b3b.json,True,602,,runtime_or_personal_data,False,False
core/state/memory/episodic/mem_4e1d7aa6d0624d858ab1a5be7c4824ec.json,True,363,,runtime_or_personal_data,False,False
core/state/memory/episodic/mem_4eadc88471a84f01a2c159257afea1f8.json,True,422,,runtime_or_personal_data,False,False
core/state/memory/episodic/mem_4ebc754e01f84d3a905571bff0c85816.json,True,1366,,runtime_or_personal_data,False,False
core/state/memory/episodic/mem_4f37d417946542ca8da015bdd9008e15.json,True,392,,runtime_or_personal_data,False,False
core/state/memory/episodic/mem_4f3fdb37a1524120b631831643b5e8c7.json,True,379,,runtime_or_personal_data,False,False
core/state/memory/episodic/mem_4f569272a2d74546ab51abf17d2cad78.json,True,386,,runtime_or_personal_data,False,False
core/state/memory/episodic/mem_4f688a00d7c64b03826dcad2c27ad977.json,True,914,,runtime_or_personal_data,False,False
core/state/memory/episodic/mem_50edf9b6aa74419bb844429587dcdd94.json,True,717,,runtime_or_personal_data,False,False
core/state/memory/episodic/mem_510e7f1360c0442096a119955503a6fa.json,True,385,,runtime_or_personal_data,False,False
core/state/memory/episodic/mem_513e27b1f1d94ecb82f37cceab2e4146.json,True,493,,runtime_or_personal_data,False,False
core/state/memory/episodic/mem_5142b20bd84c401bae469c5775597633.json,True,376,,runtime_or_personal_data,False,False
core/state/memory/episodic/mem_515238a4450c4837af764817082b485d.json,True,377,,runtime_or_personal_data,False,False
core/state/memory/episodic/mem_51d5556c7aa0426596cb03ad7f11ab5e.json,True,380,,runtime_or_personal_data,False,False
core/state/memory/episodic/mem_51f62e40a3744e908c17d02ee02e2bf1.json,True,397,,runtime_or_personal_data,False,False
core/state/memory/episodic/mem_520582bb29d7458fba6fff0f27819f94.json,True,417,,runtime_or_personal_data,False,False
core/state/memory/episodic/mem_522048cd619440feb647a8e8eb50ad56.json,True,439,,runtime_or_personal_data,False,False
core/state/memory/episodic/mem_526fb5b74fa54e43ab70809fc3018d3f.json,True,392,,runtime_or_personal_data,False,False
core/state/memory/episodic/mem_5299c2ca7e2142b3b715c78bffc3c6dd.json,True,379,,runtime_or_personal_data,False,False
core/state/memory/episodic/mem_52b1fee7503242eba25ec0d1e2f72c20.json,True,401,,runtime_or_personal_data,False,False
core/state/memory/episodic/mem_537ed5502d8e446985b5ce4c9c18ba07.json,True,451,,runtime_or_personal_data,False,False
core/state/memory/episodic/mem_54690a8c88a5404996868c04c0be88ec.json,True,394,,runtime_or_personal_data,False,False
core/state/memory/episodic/mem_54bb4002e98d4b8895782d4b5b097a96.json,True,730,,runtime_or_personal_data,False,False
core/state/memory/episodic/mem_54f0f3d20ad2456b9b0dd90cbbea356e.json,True,422,,runtime_or_personal_data,False,False
core/state/memory/episodic/mem_556a5da95233470da899a8cf3587c939.json,True,526,,runtime_or_personal_data,False,False
core/state/memory/episodic/mem_5589e0fb89f24c76a8714a3cd49b1c36.json,True,376,,runtime_or_personal_data,False,False
core/state/memory/episodic/mem_55af5074d2da43a7a2d5993f2f09392c.json,True,390,,runtime_or_personal_data,False,False
core/state/memory/episodic/mem_55bf3f1191714442839f6d1305b3d1a5.json,True,426,,runtime_or_personal_data,False,False
core/state/memory/episodic/mem_55cf4ba69d50423e997063e5e3019d22.json,True,371,,runtime_or_personal_data,False,False
core/state/memory/episodic/mem_55df2771ae684a429211e1f989b91a62.json,True,838,,runtime_or_personal_data,False,False
core/state/memory/episodic/mem_5604c5c869e346e092a4d77bc13a86a7.json,True,349,,runtime_or_personal_data,False,False
core/state/memory/episodic/mem_562ed6c122ee4fb8995e9dee0e58beb7.json,True,379,,runtime_or_personal_data,False,False
core/state/memory/episodic/mem_56b36c4aed2b47eea29270151b8eebd4.json,True,387,,runtime_or_personal_data,False,False
core/state/memory/episodic/mem_56d10c02daf44ea483432fa2953b0bfe.json,True,389,,runtime_or_personal_data,False,False
core/state/memory/episodic/mem_574fb110523d47738ffdadabc3bae8af.json,True,374,,runtime_or_personal_data,False,False
core/state/memory/episodic/mem_5899aabb2afb4b87ab01a8d14393df88.json,True,440,,runtime_or_personal_data,False,False
core/state/memory/episodic/mem_58f7b506e3ca45a0a757d8bebed91638.json,True,392,,runtime_or_personal_data,False,False
core/state/memory/episodic/mem_5969f726238a4ab3865c7e359772c88b.json,True,387,,runtime_or_personal_data,False,False
core/state/memory/episodic/mem_59e3cd2b0b2e4eb68cd449be8d50697b.json,True,373,,runtime_or_personal_data,False,False
core/state/memory/episodic/mem_5a18f9d3a096403c88d1d3567d833225.json,True,633,,runtime_or_personal_data,False,False
core/state/memory/episodic/mem_5a1f21f662a0435dba4974a0a643f1b9.json,True,1411,,runtime_or_personal_data,False,False
core/state/memory/episodic/mem_5a6e79eb0dd24504a57a6f6a9c73037b.json,True,748,,runtime_or_personal_data,False,False
core/state/memory/episodic/mem_5aad3629c791452c87fbbdac22ff0346.json,True,383,,runtime_or_personal_data,False,False
core/state/memory/episodic/mem_5aafdc9bb70845d2a696659cb8aef1cc.json,True,2298,,runtime_or_personal_data,False,False
core/state/memory/episodic/mem_5b9754ce650a4089ac7a45f33a7c487f.json,True,379,,runtime_or_personal_data,False,False
core/state/memory/episodic/mem_5c01f012e6dd4d9680d5288cfc23c897.json,True,432,,runtime_or_personal_data,False,False
core/state/memory/episodic/mem_5c1327b59c454c2d8bf10a7eef94beaa.json,True,413,,runtime_or_personal_data,False,False
core/state/memory/episodic/mem_5c362c94033842d0bb5196ddfc48ead7.json,True,399,,runtime_or_personal_data,False,False
core/state/memory/episodic/mem_5c4689892e1a4e7e8d3b5dc1cae16a35.json,True,432,,runtime_or_personal_data,False,False
core/state/memory/episodic/mem_5d13c4d1a6d845ecae726285c75a5bcd.json,True,435,,runtime_or_personal_data,False,False
core/state/memory/episodic/mem_5e2983afdaca4bd098eb0177a969f318.json,True,717,,runtime_or_personal_data,False,False
core/state/memory/episodic/mem_5e4521724a3b48488d3073a5e8fb81c2.json,True,429,,runtime_or_personal_data,False,False
core/state/memory/episodic/mem_5e478df4f26146a696c571fe9d9e1dcf.json,True,451,,runtime_or_personal_data,False,False
core/state/memory/episodic/mem_5e7790d728f0456aab0294050eff22e7.json,True,381,,runtime_or_personal_data,False,False
core/state/memory/episodic/mem_5ebd01d02c454d5080ff430b74cace7d.json,True,383,,runtime_or_personal_data,False,False
core/state/memory/episodic/mem_5ebd66e11ad54c76be9a7530e917e421.json,True,572,,runtime_or_personal_data,False,False
core/state/memory/episodic/mem_5f056a239a1141529a5dec54d0830f47.json,True,719,,runtime_or_personal_data,False,False
core/state/memory/episodic/mem_5f3efe4efd97422590f1506e1dac39f6.json,True,390,,runtime_or_personal_data,False,False
core/state/memory/episodic/mem_5f4873e11b2141ab95e492b1dc839edc.json,True,401,,runtime_or_personal_data,False,False
core/state/memory/episodic/mem_5f70cdae4ccf4354ad9a869be9403ac6.json,True,610,,runtime_or_personal_data,False,False
core/state/memory/episodic/mem_5fbfebeb19c64722a206726afb511196.json,True,422,,runtime_or_personal_data,False,False
core/state/memory/episodic/mem_5fface2f978d469ca8b92b3cf1129c4c.json,True,390,,runtime_or_personal_data,False,False
core/state/memory/episodic/mem_5ffb82ea3dd9420e965e93a223461e2c.json,True,430,,runtime_or_personal_data,False,False
core/state/memory/episodic/mem_6044a06562d44338a4b0254329723347.json,True,349,,runtime_or_personal_data,False,False
core/state/memory/episodic/mem_60471ab09b884bf793464e451842f387.json,True,565,,runtime_or_personal_data,False,False
core/state/memory/episodic/mem_605c0a36384d49ac8679a81d3a667f98.json,True,432,,runtime_or_personal_data,False,False
core/state/memory/episodic/mem_60ddb37393954bed9a9c1908c03d35e1.json,True,397,,runtime_or_personal_data,False,False
core/state/memory/episodic/mem_60fcaa120cb24ced9b0d58b6ba644084.json,True,442,,runtime_or_personal_data,False,False
core/state/memory/episodic/mem_612eb07f4b424d62b219c736d702164e.json,True,644,,runtime_or_personal_data,False,False
core/state/memory/episodic/mem_6132a70b25f74353b5233bd0e49dfca1.json,True,393,,runtime_or_personal_data,False,False
core/state/memory/episodic/mem_61548894e3e8443e8a28932b0f9eb649.json,True,386,,runtime_or_personal_data,False,False
core/state/memory/episodic/mem_615eeaf0479e4116a419f7fc21057a34.json,True,398,,runtime_or_personal_data,False,False
core/state/memory/episodic/mem_61bfa4b313f7488e89d5ee06f8e22cd7.json,True,391,,runtime_or_personal_data,False,False
core/state/memory/episodic/mem_6203210f5fd94236a804aa9d002d8dd7.json,True,380,,runtime_or_personal_data,False,False
core/state/memory/episodic/mem_62148841d9604ac793795f9d4364155d.json,True,389,,runtime_or_personal_data,False,False
core/state/memory/episodic/mem_628732145775412b9c9b8b3c0132191a.json,True,629,,runtime_or_personal_data,False,False
core/state/memory/episodic/mem_62fa69eab2884599aa22042e8137d318.json,True,395,,runtime_or_personal_data,False,False
core/state/memory/episodic/mem_63d3a65f76a945f2b75bef87f1bbbec7.json,True,393,,runtime_or_personal_data,False,False
core/state/memory/episodic/mem_63eaeff92c9941ecaa7b32a7d093a9d4.json,True,422,,runtime_or_personal_data,False,False
core/state/memory/episodic/mem_649aa6ff9a714f0fa8d1cc8f050b24a8.json,True,1606,,runtime_or_personal_data,False,False
core/state/memory/episodic/mem_65318f16b2794990b9ac8b11860ba00d.json,True,961,,runtime_or_personal_data,False,False
core/state/memory/episodic/mem_653a42e737514731af7fe21810e83b36.json,True,415,,runtime_or_personal_data,False,False
core/state/memory/episodic/mem_6542693b76574007902f13abcb5de5f8.json,True,387,,runtime_or_personal_data,False,False
core/state/memory/episodic/mem_654bca15a7cd40e69c43efc1720963e1.json,True,387,,runtime_or_personal_data,False,False
core/state/memory/episodic/mem_656ed8ebaa7f48798d27b9365b4dff58.json,True,375,,runtime_or_personal_data,False,False
core/state/memory/episodic/mem_657d90a7f5ea46aa9f039c23ee57d37b.json,True,648,,runtime_or_personal_data,False,False
core/state/memory/episodic/mem_6595bc095065489fbe1ab2a17c33c39e.json,True,383,,runtime_or_personal_data,False,False
core/state/memory/episodic/mem_65ab2956e1304837afe6107a94197f14.json,True,664,,runtime_or_personal_data,False,False
core/state/memory/episodic/mem_65ff2ad57d464a02ad2d87fbbb895f1a.json,True,392,,runtime_or_personal_data,False,False
core/state/memory/episodic/mem_661b832aa689431b80df9103d1ad6279.json,True,359,,runtime_or_personal_data,False,False
core/state/memory/episodic/mem_6636f03de4ee46f8b2fbd564aacf91bf.json,True,349,,runtime_or_personal_data,False,False
core/state/memory/episodic/mem_666abb7d286a41ce9d5ec8c42ef8abcb.json,True,392,,runtime_or_personal_data,False,False
core/state/memory/episodic/mem_66838907a13a4d39882051fefb977f1d.json,True,547,,runtime_or_personal_data,False,False
core/state/memory/episodic/mem_66d4de5d1a9a425f9e597fd12eb6c0e5.json,True,376,,runtime_or_personal_data,False,False
core/state/memory/episodic/mem_66e3878e68704554848747eecf9141ae.json,True,693,,runtime_or_personal_data,False,False
core/state/memory/episodic/mem_675ad8b3a9024fdbbdef8b7206ecc9b4.json,True,724,,runtime_or_personal_data,False,False
core/state/memory/episodic/mem_676260340a8c411991b80111c985ea12.json,True,368,,runtime_or_personal_data,False,False
core/state/memory/episodic/mem_676fd91a544c4ffaac08140897223f9b.json,True,440,,runtime_or_personal_data,False,False
core/state/memory/episodic/mem_678ac6f72dd54460a317b428ab96c454.json,True,422,,runtime_or_personal_data,False,False
core/state/memory/episodic/mem_679d1accf3bb4890bb185e82877025f9.json,True,362,,runtime_or_personal_data,False,False
core/state/memory/episodic/mem_67d38df950f146e59c82ef9559c4c1d7.json,True,644,,runtime_or_personal_data,False,False
core/state/memory/episodic/mem_67dfbc9e67cc4c729be40369af1636b7.json,True,398,,runtime_or_personal_data,False,False
core/state/memory/episodic/mem_6878dc236f37456f82eaa5576c8f44ef.json,True,392,,runtime_or_personal_data,False,False
core/state/memory/episodic/mem_687d72f3276f47baa8881b1c206c0294.json,True,395,,runtime_or_personal_data,False,False
core/state/memory/episodic/mem_68c40d32f58741a9950e2f36ac893382.json,True,373,,runtime_or_personal_data,False,False
core/state/memory/episodic/mem_68da2ea653f64a4ab602dde14ab50ba6.json,True,1028,,runtime_or_personal_data,False,False
core/state/memory/episodic/mem_6a2487f551c844ea83935ce994fcc9f0.json,True,382,,runtime_or_personal_data,False,False
core/state/memory/episodic/mem_6a69f9ba99b14dc6a7a59ef87f6a7237.json,True,1339,,runtime_or_personal_data,False,False
core/state/memory/episodic/mem_6ac9de1a847f4292975c5997b5d77e02.json,True,953,,runtime_or_personal_data,False,False
core/state/memory/episodic/mem_6ae7d4beb8614b5cabddd2d9b07290f8.json,True,976,,runtime_or_personal_data,False,False
core/state/memory/episodic/mem_6b24cd74e3a54e60a0bcd1ebc971f312.json,True,389,,runtime_or_personal_data,False,False
core/state/memory/episodic/mem_6b2b048b342541a3b404c9b0d802c139.json,True,381,,runtime_or_personal_data,False,False
core/state/memory/episodic/mem_6bca07804ac3458f8035b489573c089c.json,True,388,,runtime_or_personal_data,False,False
core/state/memory/episodic/mem_6be2dc0536e5460daed5fffc0f37bcad.json,True,545,,runtime_or_personal_data,False,False
core/state/memory/episodic/mem_6d2b3190db1a431ca0e232628dd84a02.json,True,388,,runtime_or_personal_data,False,False
core/state/memory/episodic/mem_6d55a27895fc47c5b20bf8efb358bda4.json,True,400,,runtime_or_personal_data,False,False
core/state/memory/episodic/mem_6d682e61e74a41938856e1fb3c4ea171.json,True,395,,runtime_or_personal_data,False,False
core/state/memory/episodic/mem_6dcc2f39be0844eba76e5a0db99e893d.json,True,386,,runtime_or_personal_data,False,False
core/state/memory/episodic/mem_6e10dfa7c3ab43a0ae8bef0ba78c3c5a.json,True,432,,runtime_or_personal_data,False,False
core/state/memory/episodic/mem_6e559943f9684d868bca5a89b0159286.json,True,625,,runtime_or_personal_data,False,False
core/state/memory/episodic/mem_6e5a099064444f9aa212b4b35435fb32.json,True,750,,runtime_or_personal_data,False,False
core/state/memory/episodic/mem_6e8e67da680c4dec818dd567c862aa2d.json,True,378,,runtime_or_personal_data,False,False
core/state/memory/episodic/mem_6eb6c12ddfa347b9bbd75e409ad1ac08.json,True,896,,runtime_or_personal_data,False,False
core/state/memory/episodic/mem_6efd6b6e46d4498c96fc7df0341ee428.json,True,402,,runtime_or_personal_data,False,False
core/state/memory/episodic/mem_6f3a1903a765456cad239410e072ef9f.json,True,349,,runtime_or_personal_data,False,False
core/state/memory/episodic/mem_6f8357619cb04a05baedd069bd238fea.json,True,430,,runtime_or_personal_data,False,False
core/state/memory/episodic/mem_6fae40623a534d1fa7b416ef332bbfd3.json,True,407,,runtime_or_personal_data,False,False
core/state/memory/episodic/mem_702a2212c8e84d97a010d510d552c4fc.json,True,389,,runtime_or_personal_data,False,False
core/state/memory/episodic/mem_70b8c9d1c66c44a5aa44beca0320b2c2.json,True,412,,runtime_or_personal_data,False,False
core/state/memory/episodic/mem_70c7502e93de4fa8a8a4495b0fcf7184.json,True,437,,runtime_or_personal_data,False,False
core/state/memory/episodic/mem_722f1ae770d54dbf9cc920775880cb84.json,True,422,,runtime_or_personal_data,False,False
core/state/memory/episodic/mem_7262469ac5604843bdd2c5a904c97e2d.json,True,404,,runtime_or_personal_data,False,False
core/state/memory/episodic/mem_72a8e4fbb8d847f4bbfefce18e135f09.json,True,406,,runtime_or_personal_data,False,False
core/state/memory/episodic/mem_730e3381c54d444e8577b51f4704ba14.json,True,575,,runtime_or_personal_data,False,False
core/state/memory/episodic/mem_738faed24ec0468aa99ba73dec2d1ab9.json,True,401,,runtime_or_personal_data,False,False
core/state/memory/episodic/mem_73adc8805b7f4412bc9b3012301c4fdb.json,True,379,,runtime_or_personal_data,False,False
core/state/memory/episodic/mem_741d7021e3fa4660a00ad230c53b01c1.json,True,1842,,runtime_or_personal_data,False,False
core/state/memory/episodic/mem_7445e929db4b4bb0bc6381079385c510.json,True,631,,runtime_or_personal_data,False,False
core/state/memory/episodic/mem_74e2cda6bca74d62ab8b981ade8d02df.json,True,382,,runtime_or_personal_data,False,False
core/state/memory/episodic/mem_752a2b07f81041a29a8b29a77004e3aa.json,True,659,,runtime_or_personal_data,False,False
core/state/memory/episodic/mem_7550492a5ac1422c9355af52c9891e2b.json,True,397,,runtime_or_personal_data,False,False
core/state/memory/episodic/mem_7568182ae0c74ddba71bb1c8e1ae2833.json,True,718,,runtime_or_personal_data,False,False
core/state/memory/episodic/mem_757e409a8dcd4016b851e50f455a1bcb.json,True,386,,runtime_or_personal_data,False,False
core/state/memory/episodic/mem_760bf7c924dc467f94b9a3c66cfd3e13.json,True,669,,runtime_or_personal_data,False,False
core/state/memory/episodic/mem_7615251a3c124fdeb2e95145db49c5fc.json,True,407,,runtime_or_personal_data,False,False
core/state/memory/episodic/mem_7626c9d60c5645cba0170ea822a87270.json,True,404,,runtime_or_personal_data,False,False
core/state/memory/episodic/mem_765b2c1f562148c3822bde942a1fa736.json,True,1678,,runtime_or_personal_data,False,False
core/state/memory/episodic/mem_768ee2f0579b451ba7702a96fbc79851.json,True,817,,runtime_or_personal_data,False,False
core/state/memory/episodic/mem_76d5ec75b4a74ed4bd7f3573d680906a.json,True,1723,,runtime_or_personal_data,False,False
core/state/memory/episodic/mem_76e102a533194e8ab54e272d1ee37d8a.json,True,422,,runtime_or_personal_data,False,False
core/state/memory/episodic/mem_7741b541766f415cb5fff2049b7cce70.json,True,663,,runtime_or_personal_data,False,False
core/state/memory/episodic/mem_7882c6b69cdb41acb2d54c9c2db54b14.json,True,380,,runtime_or_personal_data,False,False
core/state/memory/episodic/mem_7933024ebb8e413281ff8411120f1e0e.json,True,373,,runtime_or_personal_data,False,False
core/state/memory/episodic/mem_797890a0432942eb9b50b32b09091938.json,True,421,,runtime_or_personal_data,False,False
core/state/memory/episodic/mem_79df9ba3d6da4170b895c8a171e42238.json,True,391,,runtime_or_personal_data,False,False
core/state/memory/episodic/mem_7a21a3d4fd8e4ff0ab51250a10eb55fe.json,True,391,,runtime_or_personal_data,False,False
core/state/memory/episodic/mem_7a4a22b6c3cc4be18c7b5f70903362b0.json,True,393,,runtime_or_personal_data,False,False
core/state/memory/episodic/mem_7a4c1675d177494390aac7c01e248f89.json,True,349,,runtime_or_personal_data,False,False
core/state/memory/episodic/mem_7ac48e65306a43c98d0a6d6a807a6162.json,True,694,,runtime_or_personal_data,False,False
core/state/memory/episodic/mem_7b49111b83a5400e98d28feeb7e1dd12.json,True,396,,runtime_or_personal_data,False,False
core/state/memory/episodic/mem_7b5a85225ce54749971ca32ba47509a5.json,True,459,,runtime_or_personal_data,False,False
core/state/memory/episodic/mem_7b6391195d834f3587dce38a62c35919.json,True,596,,runtime_or_personal_data,False,False
core/state/memory/episodic/mem_7b85fea611d54135a725d04fb9e7a16c.json,True,800,,runtime_or_personal_data,False,False
core/state/memory/episodic/mem_7bd70d36779f495d9aa2b5083f082614.json,True,630,,runtime_or_personal_data,False,False
core/state/memory/episodic/mem_7bdb1500f37747ad983a124cbd6e4c27.json,True,377,,runtime_or_personal_data,False,False
core/state/memory/episodic/mem_7bf0143343e8448fb3f4797288b39c8b.json,True,701,,runtime_or_personal_data,False,False
core/state/memory/episodic/mem_7bf84557808544c5bb000622379b8d16.json,True,395,,runtime_or_personal_data,False,False
core/state/memory/episodic/mem_7c467a8736bb486cbe4886546df7047f.json,True,378,,runtime_or_personal_data,False,False
core/state/memory/episodic/mem_7d8ac947ebf24809bfad5d5eea99eb68.json,True,382,,runtime_or_personal_data,False,False
core/state/memory/episodic/mem_7db0aa36b976471497c70eee08dba40f.json,True,719,,runtime_or_personal_data,False,False
core/state/memory/episodic/mem_7dcfbeb06e694dd2a14ba66f40b3df23.json,True,396,,runtime_or_personal_data,False,False
core/state/memory/episodic/mem_7dd27bb09d164b65a0bd185bba41ba08.json,True,386,,runtime_or_personal_data,False,False
core/state/memory/episodic/mem_7dd77fb85c404d56982d755b44e441c3.json,True,727,,runtime_or_personal_data,False,False
core/state/memory/episodic/mem_7de6cccd63c94164ad15d1ad30b7f2ed.json,True,382,,runtime_or_personal_data,False,False
core/state/memory/episodic/mem_7e56ab5a2fd548449e84650e07734668.json,True,1270,,runtime_or_personal_data,False,False
core/state/memory/episodic/mem_7e62ac36892d478195d93a8ac93ee3b6.json,True,388,,runtime_or_personal_data,False,False
core/state/memory/episodic/mem_7ea915ab5bc549ab8bdd1090cf4bf186.json,True,387,,runtime_or_personal_data,False,False
core/state/memory/episodic/mem_7ec90a184a9248e6b07c89cfd6b10d12.json,True,373,,runtime_or_personal_data,False,False
core/state/memory/episodic/mem_7f3249b3282f4930ab86d73b2dc297ea.json,True,381,,runtime_or_personal_data,False,False
core/state/memory/episodic/mem_7f6fc1b2dfab4a9897a7042a92829bba.json,True,408,,runtime_or_personal_data,False,False
core/state/memory/episodic/mem_8011447eb7d24ad1a2dbad45a173322e.json,True,602,,runtime_or_personal_data,False,False
core/state/memory/episodic/mem_806caf7ec9b1435bbfb780c35b36f1c5.json,True,357,,runtime_or_personal_data,False,False
core/state/memory/episodic/mem_80c2633a48ce482f8e5885e2974d8a7c.json,True,613,,runtime_or_personal_data,False,False
core/state/memory/episodic/mem_80e0a1983bc543b681ab9d5f385a78de.json,True,433,,runtime_or_personal_data,False,False
core/state/memory/episodic/mem_81b74644e5dc45a2a6b948daf56130bf.json,True,544,,runtime_or_personal_data,False,False
core/state/memory/episodic/mem_82e3f5fd9a624e608a42f6606643bc21.json,True,430,,runtime_or_personal_data,False,False
core/state/memory/episodic/mem_83171a1e928c4046b14e92bd009f8776.json,True,367,,runtime_or_personal_data,False,False
core/state/memory/episodic/mem_831da2c0bf74484f862af1010951d2d4.json,True,373,,runtime_or_personal_data,False,False
core/state/memory/episodic/mem_833f35d17cdf4d8f8095e32796acc1ff.json,True,412,,runtime_or_personal_data,False,False
core/state/memory/episodic/mem_83fa4a8f619141b39b4e00309ab727e0.json,True,379,,runtime_or_personal_data,False,False
core/state/memory/episodic/mem_84a6852f50df475683fe3151ea887077.json,True,360,,runtime_or_personal_data,False,False
core/state/memory/episodic/mem_84ca0e9e37af4dcfb44cc6a3ecb740b2.json,True,664,,runtime_or_personal_data,False,False
core/state/memory/episodic/mem_84e1b51562e54d3389c76ffabbac6eed.json,True,432,,runtime_or_personal_data,False,False
core/state/memory/episodic/mem_850f5d1a39af4b91a371691df13b94de.json,True,382,,runtime_or_personal_data,False,False
core/state/memory/episodic/mem_85263dd695e643d98728eb07cd242881.json,True,526,,runtime_or_personal_data,False,False
core/state/memory/episodic/mem_85677ea7523941438b12149619e59b3f.json,True,681,,runtime_or_personal_data,False,False
core/state/memory/episodic/mem_85842868e6a84bc49ee3ab95f03c8128.json,True,451,,runtime_or_personal_data,False,False
core/state/memory/episodic/mem_86c35ea8022f4f66857c183c995d7102.json,True,390,,runtime_or_personal_data,False,False
core/state/memory/episodic/mem_874e291e162645419e71932996cb97cb.json,True,416,,runtime_or_personal_data,False,False
core/state/memory/episodic/mem_8787cdacb67d491cb13f93b45b3176e0.json,True,381,,runtime_or_personal_data,False,False
core/state/memory/episodic/mem_87c3a136cbbc4f729d979a76c7ac5bea.json,True,378,,runtime_or_personal_data,False,False
core/state/memory/episodic/mem_87c55a358658493e9afffabaa18d34a8.json,True,938,,runtime_or_personal_data,False,False
core/state/memory/episodic/mem_87faa12f4c884bf0a78140aa96bf8873.json,True,665,,runtime_or_personal_data,False,False
core/state/memory/episodic/mem_880259dfdf8845c69bd59317d57d375f.json,True,387,,runtime_or_personal_data,False,False
core/state/memory/episodic/mem_885dcdaf727f4ccd97e8c936dac147de.json,True,626,,runtime_or_personal_data,False,False
core/state/memory/episodic/mem_886e9ac0ecaf4128956d2d954c477b6e.json,True,632,,runtime_or_personal_data,False,False
core/state/memory/episodic/mem_8891227fa3c740a4a620e93660e4a1ab.json,True,426,,runtime_or_personal_data,False,False
core/state/memory/episodic/mem_88ab0aefdfe64d32a825fec5df3acb67.json,True,1073,,runtime_or_personal_data,False,False
core/state/memory/episodic/mem_88edf1988a824346a407af1d382f2dd2.json,True,434,,runtime_or_personal_data,False,False
core/state/memory/episodic/mem_89ab34c2d30f4e889038f88734f3a479.json,True,649,,runtime_or_personal_data,False,False
core/state/memory/episodic/mem_8a348b18c05e458b93b3b505e4565855.json,True,385,,runtime_or_personal_data,False,False
core/state/memory/episodic/mem_8a4f4e47033d4ef09f8a61ee9099eb28.json,True,378,,runtime_or_personal_data,False,False
core/state/memory/episodic/mem_8adf60d79067421e92a4b4fb4faa6892.json,True,605,,runtime_or_personal_data,False,False
core/state/memory/episodic/mem_8b36fa909a4b436b83e006ed69842f93.json,True,385,,runtime_or_personal_data,False,False
core/state/memory/episodic/mem_8b3aee5137b846ea862f18cd5d170158.json,True,385,,runtime_or_personal_data,False,False
core/state/memory/episodic/mem_8bb06f2da17444d1a2a190d31f22f1d9.json,True,649,,runtime_or_personal_data,False,False
core/state/memory/episodic/mem_8c0e7794bfcc406a9cf7fe45b4c6a93d.json,True,651,,runtime_or_personal_data,False,False
core/state/memory/episodic/mem_8c2532aea71d4af9bdba078f4b3408a4.json,True,386,,runtime_or_personal_data,False,False
core/state/memory/episodic/mem_8c49d6993f1b431ba7039fe9861fde0f.json,True,658,,runtime_or_personal_data,False,False
core/state/memory/episodic/mem_8cb89c20f3854bce87dbaa073d446f09.json,True,760,,runtime_or_personal_data,False,False
core/state/memory/episodic/mem_8cfc4f14837b4938a7dc4de736535d2a.json,True,397,,runtime_or_personal_data,False,False
core/state/memory/episodic/mem_8d31b89b88fe441b8d0dee1571b0d17f.json,True,371,,runtime_or_personal_data,False,False
core/state/memory/episodic/mem_8dfc87617f4a4700a8318ad5d20ecce9.json,True,638,,runtime_or_personal_data,False,False
core/state/memory/episodic/mem_8e0ac6f27d1f4cba946f9ea620bd889d.json,True,872,,runtime_or_personal_data,False,False
core/state/memory/episodic/mem_8e2da8554fd04571b1f97c9eb98401fa.json,True,381,,runtime_or_personal_data,False,False
core/state/memory/episodic/mem_8e6d11382d634b47a3ae119125fc254f.json,True,397,,runtime_or_personal_data,False,False
core/state/memory/episodic/mem_8f11ae3fe2c2469095861ce9560e1fd3.json,True,381,,runtime_or_personal_data,False,False
core/state/memory/episodic/mem_90049db38482419c80efb6ed98721152.json,True,442,,runtime_or_personal_data,False,False
core/state/memory/episodic/mem_915b562a27f647c390223a6dbf516808.json,True,669,,runtime_or_personal_data,False,False
core/state/memory/episodic/mem_9162e1ec56694d7e9f8248b2b2d01aa6.json,True,377,,runtime_or_personal_data,False,False
core/state/memory/episodic/mem_91978a23655143d483f53760c2c719ff.json,True,809,,runtime_or_personal_data,False,False
core/state/memory/episodic/mem_91cb3a713a974523b6a121cdfc71eea4.json,True,379,,runtime_or_personal_data,False,False
core/state/memory/episodic/mem_91ec3dccd9d34f9d8143d9fe40d22908.json,True,661,,runtime_or_personal_data,False,False
core/state/memory/episodic/mem_92a5fd2252484f209557ddc4040e9816.json,True,1427,,runtime_or_personal_data,False,False
core/state/memory/episodic/mem_9313a3aaca434d46b72a0582c1d8f1c0.json,True,378,,runtime_or_personal_data,False,False
core/state/memory/episodic/mem_93205092cdd6462f85057577ead4ca2f.json,True,433,,runtime_or_personal_data,False,False
core/state/memory/episodic/mem_93a33f8066b44f90ba548bdf29918ff6.json,True,394,,runtime_or_personal_data,False,False
core/state/memory/episodic/mem_93b2a7dd74c94fde8008947cf9368380.json,True,403,,runtime_or_personal_data,False,False
core/state/memory/episodic/mem_93bb474215d14aec920a8bc4945de695.json,True,1081,,runtime_or_personal_data,False,False
core/state/memory/episodic/mem_93c394e5e2b24e9d8cc5ce93bd8c8f2b.json,True,384,,runtime_or_personal_data,False,False
core/state/memory/episodic/mem_941b6c50bd86476b9b1ddd158db68ea0.json,True,437,,runtime_or_personal_data,False,False
core/state/memory/episodic/mem_947dbc00a3f7437983a4e3ab8675ff88.json,True,384,,runtime_or_personal_data,False,False
core/state/memory/episodic/mem_94de5bed331f4f3cb4f0f4e4b2e2f7cb.json,True,423,,runtime_or_personal_data,False,False
core/state/memory/episodic/mem_9561f91e0ad047a78ef1ffdfb86d92a2.json,True,433,,runtime_or_personal_data,False,False
core/state/memory/episodic/mem_95643bf0b6a54b4d83761cb3f7e16622.json,True,403,,runtime_or_personal_data,False,False
core/state/memory/episodic/mem_95e166384a5943f6a16127442480849d.json,True,434,,runtime_or_personal_data,False,False
core/state/memory/episodic/mem_964ed650b7c844479ef54e918b1adbc8.json,True,382,,runtime_or_personal_data,False,False
core/state/memory/episodic/mem_9650e22fd11a4a8788e9f6b1d531ac92.json,True,392,,runtime_or_personal_data,False,False
core/state/memory/episodic/mem_968f6c4e76194821ba996af89f0b2eba.json,True,430,,runtime_or_personal_data,False,False
core/state/memory/episodic/mem_96dc35174d1a42788f7f162bb79592bf.json,True,1347,,runtime_or_personal_data,False,False
core/state/memory/episodic/mem_971a210f560d44b3a4b9873ff79b250d.json,True,592,,runtime_or_personal_data,False,False
core/state/memory/episodic/mem_9736b300216145e4b6fba4a69e9258ad.json,True,394,,runtime_or_personal_data,False,False
core/state/memory/episodic/mem_97d7e984c5c94ba0820726d73e4187c5.json,True,2372,,runtime_or_personal_data,False,False
core/state/memory/episodic/mem_97f6e8b50ac44ec2bf805c90286aa9ab.json,True,426,,runtime_or_personal_data,False,False
core/state/memory/episodic/mem_981f767d515843c49329248810afc1d5.json,True,736,,runtime_or_personal_data,False,False
core/state/memory/episodic/mem_987a876bb8c04a4f96948088702102c6.json,True,363,,runtime_or_personal_data,False,False
core/state/memory/episodic/mem_98a0877916e44f76badbca0af4b9e16e.json,True,390,,runtime_or_personal_data,False,False
core/state/memory/episodic/mem_98c92776add04768a7dc79dc98ba7158.json,True,405,,runtime_or_personal_data,False,False
core/state/memory/episodic/mem_98e1fdcbc2b1427cb3e813a3baf5edfa.json,True,430,,runtime_or_personal_data,False,False
core/state/memory/episodic/mem_99a222dfc7e64d7e8c3a64f9de733fa5.json,True,431,,runtime_or_personal_data,False,False
core/state/memory/episodic/mem_99a49d2bbb1c4d86a19fa1bfd0dcbf29.json,True,395,,runtime_or_personal_data,False,False
core/state/memory/episodic/mem_99c097ea15f347a78c35d9a8e697079c.json,True,377,,runtime_or_personal_data,False,False
core/state/memory/episodic/mem_99d0fa33af3a472b8f80e47962798813.json,True,719,,runtime_or_personal_data,False,False
core/state/memory/episodic/mem_99e9d3cc47ef4b48bec2a1b105cacc61.json,True,661,,runtime_or_personal_data,False,False
core/state/memory/episodic/mem_9a3d972fa75f47ea937fef8e03da4b7a.json,True,386,,runtime_or_personal_data,False,False
core/state/memory/episodic/mem_9a43b2bd93e64979a2225cf7575dddc0.json,True,403,,runtime_or_personal_data,False,False
core/state/memory/episodic/mem_9a5b19f1c00741a1812b85d38a5107f3.json,True,395,,runtime_or_personal_data,False,False
core/state/memory/episodic/mem_9a7668fe73a54e589d0e0e8133fbc5f1.json,True,2004,,runtime_or_personal_data,False,False
core/state/memory/episodic/mem_9aa6c44e9c194bb7804d7aee3acb6f80.json,True,621,,runtime_or_personal_data,False,False
core/state/memory/episodic/mem_9b1d47a363d54e17b1d07f9ad150bbc2.json,True,399,,runtime_or_personal_data,False,False
core/state/memory/episodic/mem_9b3c2d911b24434ca44a39ecbc6b4504.json,True,661,,runtime_or_personal_data,False,False
core/state/memory/episodic/mem_9b5c3e4abc754efa92168be4dfb9d40f.json,True,659,,runtime_or_personal_data,False,False
core/state/memory/episodic/mem_9b90937bb48043b3abed4c7ea9785fc6.json,True,392,,runtime_or_personal_data,False,False
core/state/memory/episodic/mem_9c05fc140e7c4147b2ff9fe9fce2ed6e.json,True,542,,runtime_or_personal_data,False,False
core/state/memory/episodic/mem_9ddff58f9db541729ae9265937095184.json,True,437,,runtime_or_personal_data,False,False
core/state/memory/episodic/mem_9eb9f418c403427e8b85e0e9a9d6b75b.json,True,402,,runtime_or_personal_data,False,False
core/state/memory/episodic/mem_9f82b7264ae04fb5bdb584f1ef3e8259.json,True,400,,runtime_or_personal_data,False,False
core/state/memory/episodic/mem_a004df0a62ce4e77b5c0b6e944127239.json,True,384,,runtime_or_personal_data,False,False
core/state/memory/episodic/mem_a01b855be96e48478c7b03f726c316dc.json,True,399,,runtime_or_personal_data,False,False
core/state/memory/episodic/mem_a0580ccc8bad451cbad851b1364ae588.json,True,373,,runtime_or_personal_data,False,False
core/state/memory/episodic/mem_a12b39e10e374da4a3bff4f7582c66b1.json,True,385,,runtime_or_personal_data,False,False
core/state/memory/episodic/mem_a15853f591f948b8b43c9f43b91f5d38.json,True,408,,runtime_or_personal_data,False,False
core/state/memory/episodic/mem_a1e2d56086ab4516bef02e46324cf556.json,True,368,,runtime_or_personal_data,False,False
core/state/memory/episodic/mem_a1f9e4284c574b69b9598e6e9b60dfa9.json,True,414,,runtime_or_personal_data,False,False
core/state/memory/episodic/mem_a286946d864849e683f0299cf6bcb74d.json,True,1331,,runtime_or_personal_data,False,False
core/state/memory/episodic/mem_a291d8845d7f404484f257c2c95a1ac8.json,True,669,,runtime_or_personal_data,False,False
core/state/memory/episodic/mem_a32980d65d7447579c57f57f5eb71d68.json,True,620,,runtime_or_personal_data,False,False
core/state/memory/episodic/mem_a387d752ed4d405b874d0007166a65f0.json,True,411,,runtime_or_personal_data,False,False
core/state/memory/episodic/mem_a3922a74c1d94be0bd8fb75691495244.json,True,384,,runtime_or_personal_data,False,False
core/state/memory/episodic/mem_a3a40b52017d44e289b1a83c86833ab0.json,True,406,,runtime_or_personal_data,False,False
core/state/memory/episodic/mem_a3b317315c55478d86602d49e98acde8.json,True,414,,runtime_or_personal_data,False,False
core/state/memory/episodic/mem_a41cf628a3ba4cb4b5244bef8c270a11.json,True,540,,runtime_or_personal_data,False,False
core/state/memory/episodic/mem_a4c2214e707345169569445e898eeb3b.json,True,390,,runtime_or_personal_data,False,False
core/state/memory/episodic/mem_a54f7f23834947929dadf3301cbd8020.json,True,395,,runtime_or_personal_data,False,False
core/state/memory/episodic/mem_a57592ecb0564686bbc758731b89b4aa.json,True,378,,runtime_or_personal_data,False,False
core/state/memory/episodic/mem_a65ea7db9ec94e028a1e26eba9525322.json,True,432,,runtime_or_personal_data,False,False
core/state/memory/episodic/mem_a6e4144afce542d4a19844b868370bd0.json,True,532,,runtime_or_personal_data,False,False
core/state/memory/episodic/mem_a6fc01ff91a04a2380041f85c3fc0459.json,True,2436,,runtime_or_personal_data,False,False
core/state/memory/episodic/mem_a7f2e21c301341b4aab73edd905daa45.json,True,416,,runtime_or_personal_data,False,False
core/state/memory/episodic/mem_a85bbb1b1bb447d697f6d067528b7c9e.json,True,398,,runtime_or_personal_data,False,False
core/state/memory/episodic/mem_a894bf20964c4469adb09887df331d35.json,True,382,,runtime_or_personal_data,False,False
core/state/memory/episodic/mem_a8cd9a573901449d9a140cf80ab1308f.json,True,420,,runtime_or_personal_data,False,False
core/state/memory/episodic/mem_a8e61fbff8464b9dbe7459d89e3c4368.json,True,817,,runtime_or_personal_data,False,False
core/state/memory/episodic/mem_a8ee50bf27eb462b9f094e6dc6de4af5.json,True,422,,runtime_or_personal_data,False,False
core/state/memory/episodic/mem_a904a7b6fc9f4f8d9c4ad0694ad9da08.json,True,395,,runtime_or_personal_data,False,False
core/state/memory/episodic/mem_a94ee1b50bad4f94bf8f949a41da0ce9.json,True,441,,runtime_or_personal_data,False,False
core/state/memory/episodic/mem_a963dbef98a34c889f4a66eff3603b2e.json,True,403,,runtime_or_personal_data,False,False
core/state/memory/episodic/mem_a9fe638b85b54f71a895f70c8dc6df41.json,True,431,,runtime_or_personal_data,False,False
core/state/memory/episodic/mem_aa18f454c3be46e7aead222a9cb0729b.json,True,797,,runtime_or_personal_data,False,False
core/state/memory/episodic/mem_aafbd95fb9994799bd0e114890ac6780.json,True,369,,runtime_or_personal_data,False,False
core/state/memory/episodic/mem_ab9025fa07b14d7b8dba92bbabf5010e.json,True,430,,runtime_or_personal_data,False,False
core/state/memory/episodic/mem_ab948258b0024c0898f730e0571ba2a9.json,True,757,,runtime_or_personal_data,False,False
core/state/memory/episodic/mem_ab9666c8d9b348c4b38809b9df247151.json,True,382,,runtime_or_personal_data,False,False
core/state/memory/episodic/mem_ac033abd120a4453864ca6efff7ff563.json,True,366,,runtime_or_personal_data,False,False
core/state/memory/episodic/mem_ac0d6bd730e54fd9bed985f67ec39702.json,True,400,,runtime_or_personal_data,False,False
core/state/memory/episodic/mem_ac3fbd19368a4df78f57e700ab40b5f0.json,True,373,,runtime_or_personal_data,False,False
core/state/memory/episodic/mem_ac8150d68507451cb4f0b9f15c7f8860.json,True,584,,runtime_or_personal_data,False,False
core/state/memory/episodic/mem_acd9c47eda514f6dbf5ded6ea1a5ea7a.json,True,887,,runtime_or_personal_data,False,False
core/state/memory/episodic/mem_ad1a4f91a62c4174865d69d158085570.json,True,378,,runtime_or_personal_data,False,False
core/state/memory/episodic/mem_ad291bdbaac546358b93f98fb03d9551.json,True,393,,runtime_or_personal_data,False,False
core/state/memory/episodic/mem_adc4b39bab85450fa4d05c60b58c16cc.json,True,1792,,runtime_or_personal_data,False,False
core/state/memory/episodic/mem_adfa809e5e3641fda937873268900c8f.json,True,393,,runtime_or_personal_data,False,False
core/state/memory/episodic/mem_ae5eff067e30490b9c30a05c4d9c84b7.json,True,559,,runtime_or_personal_data,False,False
core/state/memory/episodic/mem_ae8d5e0f041647d29917e05b3818c394.json,True,405,,runtime_or_personal_data,False,False
core/state/memory/episodic/mem_aecd76bc519d484ab56592976a53ab36.json,True,654,,runtime_or_personal_data,False,False
core/state/memory/episodic/mem_af0b46887d5e46eb8aa194f2212da11e.json,True,379,,runtime_or_personal_data,False,False
core/state/memory/episodic/mem_af27724f8ac5473c9f12af1c0e0c11a6.json,True,578,,runtime_or_personal_data,False,False
core/state/memory/episodic/mem_af2cdcab44694ca18ffcbbcb67fd2ab9.json,True,389,,runtime_or_personal_data,False,False
core/state/memory/episodic/mem_af2f72479e2a46fb98ba286485cc2373.json,True,428,,runtime_or_personal_data,False,False
core/state/memory/episodic/mem_af49e6311f58491796b2a285d62bfb20.json,True,381,,runtime_or_personal_data,False,False
core/state/memory/episodic/mem_afda27099dd1403bbc89482b2ca28adb.json,True,392,,runtime_or_personal_data,False,False
core/state/memory/episodic/mem_afe1ef31ef964fcd98e01f36d5968805.json,True,385,,runtime_or_personal_data,False,False
core/state/memory/episodic/mem_b0c3669e2b87488c9836dd4ddcb23eb0.json,True,387,,runtime_or_personal_data,False,False
core/state/memory/episodic/mem_b0c93500899e49818fec85aff5473150.json,True,385,,runtime_or_personal_data,False,False
core/state/memory/episodic/mem_b0c952beb5d04e139addd051e588afc8.json,True,385,,runtime_or_personal_data,False,False
core/state/memory/episodic/mem_b1165863c789431aaa36d5895c74d185.json,True,372,,runtime_or_personal_data,False,False
core/state/memory/episodic/mem_b137170385fd4ab4af30af491761f51e.json,True,400,,runtime_or_personal_data,False,False
core/state/memory/episodic/mem_b161f04c2a6c447f9e122e745061b36c.json,True,539,,runtime_or_personal_data,False,False
core/state/memory/episodic/mem_b179883a609b4ce78f8725e21482d79b.json,True,426,,runtime_or_personal_data,False,False
core/state/memory/episodic/mem_b1879a7bcd46475f90fdaf10a3f290ed.json,True,754,,runtime_or_personal_data,False,False
core/state/memory/episodic/mem_b1dfa7b9869440a393b781d438c817f3.json,True,768,,runtime_or_personal_data,False,False
core/state/memory/episodic/mem_b2e41be5ea054949bb900ea30311c47f.json,True,864,,runtime_or_personal_data,False,False
core/state/memory/episodic/mem_b2fae791b1164ebdb91f15e5663c1cc3.json,True,392,,runtime_or_personal_data,False,False
core/state/memory/episodic/mem_b310a74d45bc47a480f70635fec47930.json,True,386,,runtime_or_personal_data,False,False
core/state/memory/episodic/mem_b3497786fef14ae3a9e0ddd1d8e58878.json,True,374,,runtime_or_personal_data,False,False
core/state/memory/episodic/mem_b3954e250721463c89e32ab67b2beb33.json,True,378,,runtime_or_personal_data,False,False
core/state/memory/episodic/mem_b39b54fc6bda4422ab5ce9581611643c.json,True,784,,runtime_or_personal_data,False,False
core/state/memory/episodic/mem_b3dc950146894516aab3e9325dc68e00.json,True,405,,runtime_or_personal_data,False,False
core/state/memory/episodic/mem_b441ba148fe54a7d9bfeb635834c0e11.json,True,370,,runtime_or_personal_data,False,False
core/state/memory/episodic/mem_b448a8e3281746ed846b47599805db70.json,True,402,,runtime_or_personal_data,False,False
core/state/memory/episodic/mem_b49a5e1615b54e64b66a484956ea830c.json,True,428,,runtime_or_personal_data,False,False
core/state/memory/episodic/mem_b49af0233ec64a34a0af5182a6429ae0.json,True,395,,runtime_or_personal_data,False,False
core/state/memory/episodic/mem_b4ea2df47cdc4def8f78b65dda85098a.json,True,386,,runtime_or_personal_data,False,False
core/state/memory/episodic/mem_b549da2c5fc346c2b7bada9dbd8b8b38.json,True,418,,runtime_or_personal_data,False,False
core/state/memory/episodic/mem_b5fab5c9d7e946098381d533c7eab761.json,True,720,,runtime_or_personal_data,False,False
core/state/memory/episodic/mem_b663028d4aad401c9245058f56ea3b43.json,True,387,,runtime_or_personal_data,False,False
core/state/memory/episodic/mem_b69f4e5f5ce6468a9c73a42eb6225e34.json,True,348,,runtime_or_personal_data,False,False
core/state/memory/episodic/mem_b6d852c85d754bb39310b190ac95426b.json,True,741,,runtime_or_personal_data,False,False
core/state/memory/episodic/mem_b7267053569e4807aadd236ce854efbb.json,True,392,,runtime_or_personal_data,False,False
core/state/memory/episodic/mem_b772f11125554dc3bdad92adcf1cde76.json,True,685,,runtime_or_personal_data,False,False
core/state/memory/episodic/mem_b7973efeaecb44a395e62344a31e450c.json,True,1664,,runtime_or_personal_data,False,False
core/state/memory/episodic/mem_b7a4487226b04208b53fc7074b67e68a.json,True,542,,runtime_or_personal_data,False,False
core/state/memory/episodic/mem_b8457b217f45427db0cf8e033900a5b2.json,True,2274,,runtime_or_personal_data,False,False
core/state/memory/episodic/mem_b85789403f52498fb1500fae493160ea.json,True,380,,runtime_or_personal_data,False,False
core/state/memory/episodic/mem_b8b4de196d9043aca0f72bfbfc5c3365.json,True,399,,runtime_or_personal_data,False,False
core/state/memory/episodic/mem_b8dae4e5d52a4c32a308c67f80b97f5f.json,True,430,,runtime_or_personal_data,False,False
core/state/memory/episodic/mem_b8f8997337b148dc9d0b8a31bd68174b.json,True,428,,runtime_or_personal_data,False,False
core/state/memory/episodic/mem_b953888ddcdb414b98e6a83d3728ea08.json,True,370,,runtime_or_personal_data,False,False
core/state/memory/episodic/mem_b992326d99ec438c9ca3f8703a5d8cde.json,True,1979,,runtime_or_personal_data,False,False
core/state/memory/episodic/mem_b9fef3be5a9b4fe5bc09ee2a71988da4.json,True,349,,runtime_or_personal_data,False,False
core/state/memory/episodic/mem_bae84781ba3547e5a68c611b6b2869dc.json,True,1464,,runtime_or_personal_data,False,False
core/state/memory/episodic/mem_bb347243106f426c8fe47cd7ca1bbca1.json,True,436,,runtime_or_personal_data,False,False
core/state/memory/episodic/mem_bb8f69514a934104adb0197fdb583fb1.json,True,379,,runtime_or_personal_data,False,False
core/state/memory/episodic/mem_bb8ffc33a2084f71a959ce6eb1b93afd.json,True,366,,runtime_or_personal_data,False,False
core/state/memory/episodic/mem_bba03dcacdda45ab82f19ba3271891e0.json,True,382,,runtime_or_personal_data,False,False
core/state/memory/episodic/mem_bbb6d8a85dbc40f9aa8c18767a540bba.json,True,377,,runtime_or_personal_data,False,False
core/state/memory/episodic/mem_bd1d3e35b5074ea682dbc0f9720b7ca8.json,True,385,,runtime_or_personal_data,False,False
core/state/memory/episodic/mem_bd79ef888f45437787f89ec72128e75e.json,True,495,,runtime_or_personal_data,False,False
core/state/memory/episodic/mem_bda3fc870220410abc1e3da99c30163c.json,True,381,,runtime_or_personal_data,False,False
core/state/memory/episodic/mem_be256d44c7714aeeaf4e9dd36695b31e.json,True,533,,runtime_or_personal_data,False,False
core/state/memory/episodic/mem_be274b4523324466b8451e7d3938c274.json,True,594,,runtime_or_personal_data,False,False
core/state/memory/episodic/mem_beb627059be14f7f8a6238f488f1c462.json,True,456,,runtime_or_personal_data,False,False
core/state/memory/episodic/mem_bec03b730a1d4ae48dc9524e71a0d301.json,True,624,,runtime_or_personal_data,False,False
core/state/memory/episodic/mem_bf3d16c8846041dd9f0e550317a7bb12.json,True,384,,runtime_or_personal_data,False,False
core/state/memory/episodic/mem_bf69c9df2f4e4e8889537b74d94e4c1f.json,True,647,,runtime_or_personal_data,False,False
core/state/memory/episodic/mem_bf78df6891254130b966125aa199fb5c.json,True,2490,,runtime_or_personal_data,False,False
core/state/memory/episodic/mem_bfb51e817b474fe589159506ffeb0112.json,True,387,,runtime_or_personal_data,False,False
core/state/memory/episodic/mem_c00fb23ba51649e0a06f7f84cda8b2b1.json,True,610,,runtime_or_personal_data,False,False
core/state/memory/episodic/mem_c02416f3b17a45b0822206e178ea6b0c.json,True,440,,runtime_or_personal_data,False,False
core/state/memory/episodic/mem_c0254e4b3f0444e19f311940d9492936.json,True,898,,runtime_or_personal_data,False,False
core/state/memory/episodic/mem_c0ba98b8e7864bf2b5a72eff9d560925.json,True,370,,runtime_or_personal_data,False,False
core/state/memory/episodic/mem_c0e3832d2af14c98b845fffccff7b1fa.json,True,838,,runtime_or_personal_data,False,False
core/state/memory/episodic/mem_c0efe1933cbf44f8b186a82998634a3f.json,True,671,,runtime_or_personal_data,False,False
core/state/memory/episodic/mem_c1395084cecc4011aedeb16320c2de75.json,True,443,,runtime_or_personal_data,False,False
core/state/memory/episodic/mem_c1724ff697ae42238b9c00d09d3e7856.json,True,366,,runtime_or_personal_data,False,False
core/state/memory/episodic/mem_c2110d3476da4163a96cafdaee8c12a9.json,True,389,,runtime_or_personal_data,False,False
core/state/memory/episodic/mem_c23c91596ebb4ad687742f20928f0150.json,True,670,,runtime_or_personal_data,False,False
core/state/memory/episodic/mem_c25aba757abc4b9e8eba7c248cd228a3.json,True,383,,runtime_or_personal_data,False,False
core/state/memory/episodic/mem_c263f8dcd1144fcf8d583970512877a2.json,True,565,,runtime_or_personal_data,False,False
core/state/memory/episodic/mem_c2ccdd0f27c54fa89dbd7479fbdbdad2.json,True,397,,runtime_or_personal_data,False,False
core/state/memory/episodic/mem_c2d14afe3a53454486a1443f5aadeee3.json,True,378,,runtime_or_personal_data,False,False
core/state/memory/episodic/mem_c377ff214a374724878973f1dfc741f0.json,True,398,,runtime_or_personal_data,False,False
core/state/memory/episodic/mem_c3949819afaf4e79b3b9f6507602024d.json,True,1054,,runtime_or_personal_data,False,False
core/state/memory/episodic/mem_c3966b19be4e41468d89b8e23f86bec1.json,True,552,,runtime_or_personal_data,False,False
core/state/memory/episodic/mem_c3a477a33a22491495a4c9cc7d2d52a7.json,True,535,,runtime_or_personal_data,False,False
core/state/memory/episodic/mem_c3aa91fb5ecd438b987d802fbee2cc1b.json,True,381,,runtime_or_personal_data,False,False
core/state/memory/episodic/mem_c3ccd6eb19a447cc8c56c2421b5a5091.json,True,609,,runtime_or_personal_data,False,False
core/state/memory/episodic/mem_c3e195087d004e94b8bedbca8e24399f.json,True,881,,runtime_or_personal_data,False,False
core/state/memory/episodic/mem_c3fb75913bd449249575b03f0348ef2d.json,True,390,,runtime_or_personal_data,False,False
core/state/memory/episodic/mem_c4607053f2124261b226c988836456dc.json,True,377,,runtime_or_personal_data,False,False
core/state/memory/episodic/mem_c46fad93fdf846508c0bbc85afe58845.json,True,532,,runtime_or_personal_data,False,False
core/state/memory/episodic/mem_c473f5f8843f4e1198c32ed93cfb9f22.json,True,559,,runtime_or_personal_data,False,False
core/state/memory/episodic/mem_c480fd585b114c00a3cfab4069b61a1b.json,True,1195,,runtime_or_personal_data,False,False
core/state/memory/episodic/mem_c4a7c89273144c7fb97705fd285933dd.json,True,708,,runtime_or_personal_data,False,False
core/state/memory/episodic/mem_c59e51ec0817444988d439e9c8fd2595.json,True,655,,runtime_or_personal_data,False,False
core/state/memory/episodic/mem_c5d58af86f004386ab5cc5e77ed7bf0e.json,True,622,,runtime_or_personal_data,False,False
core/state/memory/episodic/mem_c64bbb99798e4f3397c591e64249f124.json,True,375,,runtime_or_personal_data,False,False
core/state/memory/episodic/mem_c6b75c22dafd4e4ebf28aa33d1f49aed.json,True,399,,runtime_or_personal_data,False,False
core/state/memory/episodic/mem_c6d88d7dc6a04e83bd982b6a0a9e8654.json,True,384,,runtime_or_personal_data,False,False
core/state/memory/episodic/mem_c777fb21cd204c2e81532970aab33adf.json,True,383,,runtime_or_personal_data,False,False
core/state/memory/episodic/mem_c7b383d13414475bb136fa7aa2445768.json,True,372,,runtime_or_personal_data,False,False
core/state/memory/episodic/mem_c811dc334e3e4f56a25d94b87d56c955.json,True,383,,runtime_or_personal_data,False,False
core/state/memory/episodic/mem_c81e10a91e884f62b6fe214b815e6b5d.json,True,430,,runtime_or_personal_data,False,False
core/state/memory/episodic/mem_c8890bbd59214825af34b3c3f635a125.json,True,643,,runtime_or_personal_data,False,False
core/state/memory/episodic/mem_c8c3a7da534d42e2bc8b0d0323efc0c1.json,True,373,,runtime_or_personal_data,False,False
core/state/memory/episodic/mem_c8f2dbb327c843579efce9701559cd88.json,True,406,,runtime_or_personal_data,False,False
core/state/memory/episodic/mem_c94e1fc0619d41a7a2646e6ea1fdf740.json,True,652,,runtime_or_personal_data,False,False
core/state/memory/episodic/mem_c9615101793f41bb9db2fae8ba1ce401.json,True,796,,runtime_or_personal_data,False,False
core/state/memory/episodic/mem_c96bed434d41419b889ddc5ee0971063.json,True,388,,runtime_or_personal_data,False,False
core/state/memory/episodic/mem_c96d4a84d1904c009e461b89b5d073fd.json,True,389,,runtime_or_personal_data,False,False
core/state/memory/episodic/mem_c995e804799f4082920a104e4db7332c.json,True,376,,runtime_or_personal_data,False,False
core/state/memory/episodic/mem_c9c03ca6531a4e5f9ca165b07f99d6af.json,True,375,,runtime_or_personal_data,False,False
core/state/memory/episodic/mem_c9e3b56ef77b48688f3e40fe617aee69.json,True,368,,runtime_or_personal_data,False,False
core/state/memory/episodic/mem_ca42c92ce6fb40e5b904515869960fd6.json,True,396,,runtime_or_personal_data,False,False
core/state/memory/episodic/mem_ca85b491e20b40f6b8f73fa8ae8c9f1d.json,True,378,,runtime_or_personal_data,False,False
core/state/memory/episodic/mem_cabf31de8e5047ccb7edec4d3dac98bf.json,True,379,,runtime_or_personal_data,False,False
core/state/memory/episodic/mem_cb36ad3b156f4b8ab67d084c3e18240e.json,True,384,,runtime_or_personal_data,False,False
core/state/memory/episodic/mem_cc4f696bc0794669831d541a79804493.json,True,381,,runtime_or_personal_data,False,False
core/state/memory/episodic/mem_cc7f52476b944e999f4f02ab11b596e7.json,True,433,,runtime_or_personal_data,False,False
core/state/memory/episodic/mem_ccfd924cbb6545a6b43a21a4c62f0552.json,True,422,,runtime_or_personal_data,False,False
core/state/memory/episodic/mem_cd75f4b269eb415198ea22ad49256ef0.json,True,398,,runtime_or_personal_data,False,False
core/state/memory/episodic/mem_cdcf9c2261a84db0916fc6b9a3a55fd7.json,True,430,,runtime_or_personal_data,False,False
core/state/memory/episodic/mem_cdfe484dff7b4dd1b55ac8df005f50c3.json,True,422,,runtime_or_personal_data,False,False
core/state/memory/episodic/mem_ce6b09a69d114032afb785a6c67e4478.json,True,773,,runtime_or_personal_data,False,False
core/state/memory/episodic/mem_ce8801a248b74e68b05ea93e962a57ed.json,True,1842,,runtime_or_personal_data,False,False
core/state/memory/episodic/mem_cec661bac9674cfc8ac9ddc775514ad1.json,True,430,,runtime_or_personal_data,False,False
core/state/memory/episodic/mem_cf0565993aad4a1d9de96c890d8603be.json,True,430,,runtime_or_personal_data,False,False
core/state/memory/episodic/mem_cf1163da86ed4b4c9a1c6fd5ad3b8edd.json,True,379,,runtime_or_personal_data,False,False
core/state/memory/episodic/mem_cf261fd84e9e440d86ba9ed28c8aaf71.json,True,389,,runtime_or_personal_data,False,False
core/state/memory/episodic/mem_cf2a3429fc834880954c38508201a917.json,True,389,,runtime_or_personal_data,False,False
core/state/memory/episodic/mem_cfaae831a9b34106951b8146595a39bd.json,True,365,,runtime_or_personal_data,False,False
core/state/memory/episodic/mem_cfd6c490bd48411586175e2be357aa39.json,True,381,,runtime_or_personal_data,False,False
core/state/memory/episodic/mem_d02e7df763cc4188abda20744b0b293c.json,True,497,,runtime_or_personal_data,False,False
core/state/memory/episodic/mem_d0827b8943ea479fbf5d42ae06991f06.json,True,380,,runtime_or_personal_data,False,False
core/state/memory/episodic/mem_d0ad136c796e4ab892ee13cd1ba55837.json,True,433,,runtime_or_personal_data,False,False
core/state/memory/episodic/mem_d0b583d50dcd46378408ed23b6bca7b9.json,True,386,,runtime_or_personal_data,False,False
core/state/memory/episodic/mem_d0c3387f61f74276b7fe373058fcb898.json,True,370,,runtime_or_personal_data,False,False
core/state/memory/episodic/mem_d0e52fb15eaf4756a7b37813281edd53.json,True,395,,runtime_or_personal_data,False,False
core/state/memory/episodic/mem_d14bfa995d4f4ba28e2db3dca1eb1848.json,True,716,,runtime_or_personal_data,False,False
core/state/memory/episodic/mem_d15c96f6185e44a3ac1fe77e01122d7f.json,True,360,,runtime_or_personal_data,False,False
core/state/memory/episodic/mem_d1741bcca7ae45b3b9408cc3fa4eaca6.json,True,372,,runtime_or_personal_data,False,False
core/state/memory/episodic/mem_d176ec9315c04a4584be91e186831915.json,True,432,,runtime_or_personal_data,False,False
core/state/memory/episodic/mem_d19bcfde8f7e452eab982723cd371af5.json,True,751,,runtime_or_personal_data,False,False
core/state/memory/episodic/mem_d1a9b09a7bc04efabef976ebacda1942.json,True,442,,runtime_or_personal_data,False,False
core/state/memory/episodic/mem_d20edd23b72b4234bb5640ca7243b10a.json,True,380,,runtime_or_personal_data,False,False
core/state/memory/episodic/mem_d213a9683c564d31a1b49ee48ac56e96.json,True,403,,runtime_or_personal_data,False,False
core/state/memory/episodic/mem_d387e4e1293547c89f8297f10f5b6125.json,True,401,,runtime_or_personal_data,False,False
core/state/memory/episodic/mem_d3d79e3646124869b0c785bc17d7d193.json,True,387,,runtime_or_personal_data,False,False
core/state/memory/episodic/mem_d417cd51b15b4573a08a3aad8bc7c327.json,True,648,,runtime_or_personal_data,False,False
core/state/memory/episodic/mem_d431947fb9714e8bb9bfe84632cd46ed.json,True,399,,runtime_or_personal_data,False,False
core/state/memory/episodic/mem_d4ed1f8ef122475da7218c70304bb49f.json,True,408,,runtime_or_personal_data,False,False
core/state/memory/episodic/mem_d50c2b09a612426ebbd4a5b6450cba26.json,True,402,,runtime_or_personal_data,False,False
core/state/memory/episodic/mem_d5314c2b058548c7af7dfb9e51522874.json,True,404,,runtime_or_personal_data,False,False
core/state/memory/episodic/mem_d56d32fcd0c448fd9581a060d0725287.json,True,405,,runtime_or_personal_data,False,False
core/state/memory/episodic/mem_d5fd2cc050884e4abe0a6b2c3fd36198.json,True,377,,runtime_or_personal_data,False,False
core/state/memory/episodic/mem_d677334346a24fc6b60a8dd5bf7d1210.json,True,396,,runtime_or_personal_data,False,False
core/state/memory/episodic/mem_d6d426a1c6b044a9adfc8e5f357f47d8.json,True,363,,runtime_or_personal_data,False,False
core/state/memory/episodic/mem_d756a8755abf4f94a4423181af298d1b.json,True,378,,runtime_or_personal_data,False,False
core/state/memory/episodic/mem_d7b3dbd2b90b4345ae21ecff88bbcdce.json,True,1758,,runtime_or_personal_data,False,False
core/state/memory/episodic/mem_d7b65398f3b646ee90931ef0059c3c6b.json,True,883,,runtime_or_personal_data,False,False
core/state/memory/episodic/mem_d7d8fde15cc248ccb5ea5948aec414a2.json,True,725,,runtime_or_personal_data,False,False
core/state/memory/episodic/mem_d7ec1fc5861840dabc661635e5f6a5f6.json,True,379,,runtime_or_personal_data,False,False
core/state/memory/episodic/mem_d7f1bbe1f82042258cb09f11b4240218.json,True,718,,runtime_or_personal_data,False,False
core/state/memory/episodic/mem_d86bc6c46ba1462eaf0fb908df08a0f2.json,True,390,,runtime_or_personal_data,False,False
core/state/memory/episodic/mem_d8d5d251540c4a439aa961706f094303.json,True,836,,runtime_or_personal_data,False,False
core/state/memory/episodic/mem_d90609667fe6490786195f68932b7e32.json,True,2088,,runtime_or_personal_data,False,False
core/state/memory/episodic/mem_d93147912d404047b17e83e97f5f8ea2.json,True,412,,runtime_or_personal_data,False,False
core/state/memory/episodic/mem_d9470dc21936496586cb4edd49b8f442.json,True,424,,runtime_or_personal_data,False,False
core/state/memory/episodic/mem_d99cf147cd454fd291176e69f2951746.json,True,575,,runtime_or_personal_data,False,False
core/state/memory/episodic/mem_d9cabab9a5264c42aff99045d952c76f.json,True,631,,runtime_or_personal_data,False,False
core/state/memory/episodic/mem_da120d4a7e0f4261a5bc83fe0342e6f9.json,True,498,,runtime_or_personal_data,False,False
core/state/memory/episodic/mem_da61a8c7116540bc986d466318f7b544.json,True,398,,runtime_or_personal_data,False,False
core/state/memory/episodic/mem_da75a0e804084636908e1d08c6376a31.json,True,433,,runtime_or_personal_data,False,False
core/state/memory/episodic/mem_dad9434930a0409b87fb51c3775a6085.json,True,370,,runtime_or_personal_data,False,False
core/state/memory/episodic/mem_db055ae4b2f748bfb2470f3c5fd58ab3.json,True,372,,runtime_or_personal_data,False,False
core/state/memory/episodic/mem_dc1b3ee0929243b9b51ba2686bb22a10.json,True,401,,runtime_or_personal_data,False,False
core/state/memory/episodic/mem_dc2ed66211c94dd1987e11f149edc8d4.json,True,389,,runtime_or_personal_data,False,False
core/state/memory/episodic/mem_dc797bf78c1d4b0ba25cd19c89e467c5.json,True,388,,runtime_or_personal_data,False,False
core/state/memory/episodic/mem_dd427e5480c44a4e84e463c20f4610ea.json,True,384,,runtime_or_personal_data,False,False
core/state/memory/episodic/mem_ddca5d82ab994e94a9248f78497c4d72.json,True,404,,runtime_or_personal_data,False,False
core/state/memory/episodic/mem_df02b0f81ce5482ca4df9686610725e4.json,True,412,,runtime_or_personal_data,False,False
core/state/memory/episodic/mem_e10488c20e9f469797f195e52ad25296.json,True,680,,runtime_or_personal_data,False,False
core/state/memory/episodic/mem_e10a79894d8a4dd49e0be1558a3efe78.json,True,377,,runtime_or_personal_data,False,False
core/state/memory/episodic/mem_e140fbc1bc6c4b97a5a83544a9dd38d8.json,True,388,,runtime_or_personal_data,False,False
core/state/memory/episodic/mem_e19a7bac4e73405b935fa8f65f93529f.json,True,594,,runtime_or_personal_data,False,False
core/state/memory/episodic/mem_e1a34c7504374631ac27495f08190a95.json,True,494,,runtime_or_personal_data,False,False
core/state/memory/episodic/mem_e1e120c23b8c4d69814ac7ca89bb4998.json,True,373,,runtime_or_personal_data,False,False
core/state/memory/episodic/mem_e1f63a1baa2b430ebb769632928b22cf.json,True,378,,runtime_or_personal_data,False,False
core/state/memory/episodic/mem_e1ff99085d134cfe8e78c5b48684034d.json,True,431,,runtime_or_personal_data,False,False
core/state/memory/episodic/mem_e30ea2a2fd994e8f8135289090854829.json,True,405,,runtime_or_personal_data,False,False
core/state/memory/episodic/mem_e34b20ca9fd54d5fbd1250d0de1872da.json,True,399,,runtime_or_personal_data,False,False
core/state/memory/episodic/mem_e34d99c50ff5468d91ab3910fc4a6587.json,True,422,,runtime_or_personal_data,False,False
core/state/memory/episodic/mem_e41b4ec4f9074ff689fc6f7bc52f8869.json,True,526,,runtime_or_personal_data,False,False
core/state/memory/episodic/mem_e41e22890ff54591aa280b9c1d6f0fd8.json,True,388,,runtime_or_personal_data,False,False
core/state/memory/episodic/mem_e4e5e47a70fc4d629fe9b789198234bd.json,True,391,,runtime_or_personal_data,False,False
core/state/memory/episodic/mem_e4ea4a7b8b1d42d3a43364d50491d0a5.json,True,403,,runtime_or_personal_data,False,False
core/state/memory/episodic/mem_e54a50e711f845fca6f6e064c1a5cf7c.json,True,395,,runtime_or_personal_data,False,False
core/state/memory/episodic/mem_e5725421943542d29b513d974b35c16e.json,True,381,,runtime_or_personal_data,False,False
core/state/memory/episodic/mem_e59f83ebc7974acea4bba719796db291.json,True,391,,runtime_or_personal_data,False,False
core/state/memory/episodic/mem_e5f614dfd9ad494eb87b5859e5ff1e1c.json,True,391,,runtime_or_personal_data,False,False
core/state/memory/episodic/mem_e5ffb5d6bb334cc9acf949adc8ebc981.json,True,767,,runtime_or_personal_data,False,False
core/state/memory/episodic/mem_e64b8f9e6c6d4bbfa72000a95dd9450d.json,True,752,,runtime_or_personal_data,False,False
core/state/memory/episodic/mem_e6b053bf21374ec5b4212cd036a89571.json,True,396,,runtime_or_personal_data,False,False
core/state/memory/episodic/mem_e6e635ef15d04a4abf1f01063c297c32.json,True,599,,runtime_or_personal_data,False,False
core/state/memory/episodic/mem_e731916df8f646789bea54fcafc3dea0.json,True,408,,runtime_or_personal_data,False,False
core/state/memory/episodic/mem_e777d944fe294b0daed20aefdfa7b3a3.json,True,383,,runtime_or_personal_data,False,False
core/state/memory/episodic/mem_e842d76ec0444bd998497aaa7018d881.json,True,372,,runtime_or_personal_data,False,False
core/state/memory/episodic/mem_e8a7daef4f4342a1acbfd1664449568a.json,True,376,,runtime_or_personal_data,False,False
core/state/memory/episodic/mem_e8eae9cfb65640dd8a38e823d40d9677.json,True,524,,runtime_or_personal_data,False,False
core/state/memory/episodic/mem_e921c2177e9a4711992f7f36a628fb19.json,True,385,,runtime_or_personal_data,False,False
core/state/memory/episodic/mem_eb7ac124e35644bf8c2956b5972ec95d.json,True,382,,runtime_or_personal_data,False,False
core/state/memory/episodic/mem_ebdaa03d3add42a3909876e5eaed50c1.json,True,441,,runtime_or_personal_data,False,False
core/state/memory/episodic/mem_ed8ec4497c4e4816ae8a9ca33e6e8f38.json,True,391,,runtime_or_personal_data,False,False
core/state/memory/episodic/mem_ede16b46fe8348909e2b9e4cb160d27d.json,True,651,,runtime_or_personal_data,False,False
core/state/memory/episodic/mem_ee04e900670048c49316ea58712298cb.json,True,385,,runtime_or_personal_data,False,False
core/state/memory/episodic/mem_ee2953856b694392a606630f919d998a.json,True,620,,runtime_or_personal_data,False,False
core/state/memory/episodic/mem_ee2bfb432f434661b5a5737483cd25d1.json,True,660,,runtime_or_personal_data,False,False
core/state/memory/episodic/mem_ee3d72cbb7d240e6af742e3f1094ae89.json,True,426,,runtime_or_personal_data,False,False
core/state/memory/episodic/mem_eed43a0877144f92ad05a96000994e0d.json,True,922,,runtime_or_personal_data,False,False
core/state/memory/episodic/mem_ef77377c4ffd40849183580ab81085f5.json,True,632,,runtime_or_personal_data,False,False
core/state/memory/episodic/mem_efaa6a194fbc4f64993f676edbd313c5.json,True,639,,runtime_or_personal_data,False,False
core/state/memory/episodic/mem_f10ed78ce7404f8da4b0f5d4e54f5317.json,True,376,,runtime_or_personal_data,False,False
core/state/memory/episodic/mem_f113483c91d44c2b850f3b29f6bd798b.json,True,671,,runtime_or_personal_data,False,False
core/state/memory/episodic/mem_f1268783ad974738a5e5337d241a30e1.json,True,390,,runtime_or_personal_data,False,False
core/state/memory/episodic/mem_f12d1ff6d94646c3960635c39cd0d21e.json,True,389,,runtime_or_personal_data,False,False
core/state/memory/episodic/mem_f150e7166a9f4f10a67a98323b49ab6b.json,True,769,,runtime_or_personal_data,False,False
core/state/memory/episodic/mem_f1acfc5c92a04841acc8e4809031c189.json,True,393,,runtime_or_personal_data,False,False
core/state/memory/episodic/mem_f1cfa94c49f940a180598f8e33e2db5a.json,True,381,,runtime_or_personal_data,False,False
core/state/memory/episodic/mem_f249d29623234c4a9a7d954756767605.json,True,818,,runtime_or_personal_data,False,False
core/state/memory/episodic/mem_f2d77f92619046c8b9a5344e48396158.json,True,378,,runtime_or_personal_data,False,False
core/state/memory/episodic/mem_f32a3a7d4d6a4363993963983d9b2bf5.json,True,348,,runtime_or_personal_data,False,False
core/state/memory/episodic/mem_f335079b004740deba6d5d76866881ab.json,True,381,,runtime_or_personal_data,False,False
core/state/memory/episodic/mem_f44dbd76bb134f9ba2b956716706cf40.json,True,395,,runtime_or_personal_data,False,False
core/state/memory/episodic/mem_f483fc2211914214bb931034bc019d48.json,True,654,,runtime_or_personal_data,False,False
core/state/memory/episodic/mem_f4a4f76dd2934bb2a3b319820ee4c597.json,True,360,,runtime_or_personal_data,False,False
core/state/memory/episodic/mem_f4acad1b313c499c8ee91cdfb108d445.json,True,371,,runtime_or_personal_data,False,False
core/state/memory/episodic/mem_f522c69390fc4efbab37afb1da994498.json,True,396,,runtime_or_personal_data,False,False
core/state/memory/episodic/mem_f5798ec739b744e4a4fab1c5604f97b7.json,True,452,,runtime_or_personal_data,False,False
core/state/memory/episodic/mem_f5d3f4c8d132454e89823f49d0d27ff2.json,True,394,,runtime_or_personal_data,False,False
core/state/memory/episodic/mem_f5f9f8aef04e4d7bb0965cf29958a365.json,True,399,,runtime_or_personal_data,False,False
core/state/memory/episodic/mem_f633330f50bb40c5bd8422b6e069f11a.json,True,878,,runtime_or_personal_data,False,False
core/state/memory/episodic/mem_f6484fac645e4d53accbd36a14340113.json,True,761,,runtime_or_personal_data,False,False
core/state/memory/episodic/mem_f6b2c329abcb43c5af09109094ebc143.json,True,916,,runtime_or_personal_data,False,False
core/state/memory/episodic/mem_f6ccc1d659264d77ad4510c644272449.json,True,391,,runtime_or_personal_data,False,False
core/state/memory/episodic/mem_f7062619ca2841e89d30d1040c0e9ee9.json,True,540,,runtime_or_personal_data,False,False
core/state/memory/episodic/mem_f70dbbe23d4b4554bd17e4c239886afd.json,True,521,,runtime_or_personal_data,False,False
core/state/memory/episodic/mem_f719a4fbe7e142549d5757c6759d8355.json,True,430,,runtime_or_personal_data,False,False
core/state/memory/episodic/mem_f77fd5ea062c41c9b4180c6b819c166c.json,True,349,,runtime_or_personal_data,False,False
core/state/memory/episodic/mem_f791c8b761d04fdf97a41ea2090776d3.json,True,388,,runtime_or_personal_data,False,False
core/state/memory/episodic/mem_f7b2af28f07c4bebaf5b8e8cb707a493.json,True,388,,runtime_or_personal_data,False,False
core/state/memory/episodic/mem_f7d8cd62622d4e4c9d7e11eb250c9249.json,True,752,,runtime_or_personal_data,False,False
core/state/memory/episodic/mem_f7e39c54022e48488c1777cadeb2583a.json,True,348,,runtime_or_personal_data,False,False
core/state/memory/episodic/mem_f83af29c0166425c9ffb446f17e2f22d.json,True,367,,runtime_or_personal_data,False,False
core/state/memory/episodic/mem_f85e1704200f452f95687cf21586f34d.json,True,522,,runtime_or_personal_data,False,False
core/state/memory/episodic/mem_f8861a2ef06049c7919c17e93109c067.json,True,417,,runtime_or_personal_data,False,False
core/state/memory/episodic/mem_f8abceb1ffc945ed9987c82e2e3c0009.json,True,623,,runtime_or_personal_data,False,False
core/state/memory/episodic/mem_f8c674d0d8a143dda8e01083b28d42d6.json,True,786,,runtime_or_personal_data,False,False
core/state/memory/episodic/mem_f8ea854a3fc44c88a30b5fc0d1583737.json,True,393,,runtime_or_personal_data,False,False
core/state/memory/episodic/mem_f98cb234b6ec4c50b3bad334e313dea4.json,True,389,,runtime_or_personal_data,False,False
core/state/memory/episodic/mem_f9e0bb170e2a455187a7d7d745de0f45.json,True,396,,runtime_or_personal_data,False,False
core/state/memory/episodic/mem_fa84a6397d9f4940969947e8e7623519.json,True,402,,runtime_or_personal_data,False,False
core/state/memory/episodic/mem_fabb19d3ef8f4f969a5ca6a7794ed6ea.json,True,386,,runtime_or_personal_data,False,False
core/state/memory/episodic/mem_faf6da18db34494796b44f1485d49ee6.json,True,546,,runtime_or_personal_data,False,False
core/state/memory/episodic/mem_fb333a00eb81480a9b5772abacce7f72.json,True,1299,,runtime_or_personal_data,False,False
core/state/memory/episodic/mem_fbbab270a779441ab9ad0c12bd1b3369.json,True,381,,runtime_or_personal_data,False,False
core/state/memory/episodic/mem_fbd5e7f06b954b98b26a88a24419ef51.json,True,396,,runtime_or_personal_data,False,False
core/state/memory/episodic/mem_fc73b6e6bd544f5f8e7d4a2627129906.json,True,768,,runtime_or_personal_data,False,False
core/state/memory/episodic/mem_fca520f502b84516b45127dd6e34c35d.json,True,520,,runtime_or_personal_data,False,False
core/state/memory/episodic/mem_fd2f653506624566a0b3759c96cb5c9a.json,True,1602,,runtime_or_personal_data,False,False
core/state/memory/episodic/mem_fdf0d8186c2f4d94ae0ceec5a303e7c2.json,True,348,,runtime_or_personal_data,False,False
core/state/memory/episodic/mem_fe227bab55644e35825d5a2a30255a44.json,True,752,,runtime_or_personal_data,False,False
core/state/memory/episodic/mem_fe312d99790841bb9433bb9fceda9b6d.json,True,395,,runtime_or_personal_data,False,False
core/state/memory/episodic/mem_fe51389292e042a080e5451b82a47d1a.json,True,642,,runtime_or_personal_data,False,False
core/state/memory/episodic/mem_feca31fa239d448480df744a6b574303.json,True,537,,runtime_or_personal_data,False,False
core/state/memory/episodic/mem_ff69838252d7435a8800f0e42f1d2cef.json,True,394,,runtime_or_personal_data,False,False
core/state/memory/episodic/mem_ffd6c2ae638946ab9415986bf7ed3285.json,True,538,,runtime_or_personal_data,False,False
core/state/memory/episodic/mem_resident_5334d63e2e3450ae6bbfa9471ec992015879e75495a42949640303516be3b5ef.json,True,2277,,runtime_or_personal_data,False,False
core/state/memory/episodic/mem_resident_541a6f60d21d6be1c3c5b5942b710aeaef177fd2d357a76e1f5db3ebbeeeb33b.json,True,2182,,runtime_or_personal_data,False,False
core/state/memory/episodic/mem_resident_5fc74a313aab191ad98a3fa2e34471aaefd594b7fcf8ebe2f8a46cca319314e6.json,True,2093,,runtime_or_personal_data,False,False
core/state/memory/episodic/mem_resident_a8289d01e688611bcf726aa7ee0d1c861bc3f51faca2996abb6825aaf59f3136.json,True,2175,,runtime_or_personal_data,False,False
core/state/memory_activity.json,True,47550,,runtime_or_personal_data,False,False
core/state/memory_governor.json,True,948,,runtime_or_personal_data,False,False
core/state/memory_identity.json,True,954,,runtime_or_personal_data,False,False
core/state/memory_scopes.json,True,6017,,runtime_or_personal_data,False,False
core/state/metrics_delta.json,True,4145,,runtime_or_personal_data,False,False
core/state/mnemosyne_continuity.json,True,26519,,runtime_or_personal_data,False,False
core/state/model-benchmarks/core/lfm2-5-8b-a1b-q4-k-m.json,True,14789,,runtime_or_personal_data,False,False
core/state/model-benchmarks/core/qwen3-5-9b-q4-k-m.json,True,13262,,runtime_or_personal_data,False,False
core/state/model-benchmarks/core/shootout-summary.json,True,2296,,runtime_or_personal_data,False,False
core/state/model_benchmark_plan.json,True,21744,,runtime_or_personal_data,False,False
core/state/model_candidate_shortlist.json,True,69203,,runtime_or_personal_data,False,False
core/state/model_control_surface.json,True,73459,,runtime_or_personal_data,False,False
core/state/model_freshness_audit.json,True,174008,,runtime_or_personal_data,False,False
core/state/model_stage_manifest_plan.json,True,27337,,runtime_or_personal_data,False,False
core/state/moria_repository_contract.json,True,897,,runtime_or_personal_data,False,False
core/state/multi_domain_routing_contract.json,True,8858,,runtime_or_personal_data,False,False
core/state/nanoclaw_productization_contract.json,True,4088,,runtime_or_personal_data,False,False
core/state/network_native_node_onboarding_contract.json,True,6196,,runtime_or_personal_data,False,False
core/state/node_hardening_receipt.json,True,6435,,runtime_or_personal_data,False,False
core/state/opencode_productization_contract.json,True,4377,,runtime_or_personal_data,False,False
core/state/opencode_project_runtime.json,True,15895,,runtime_or_personal_data,False,False
core/state/opencode_route_governor.json,True,2576,,runtime_or_personal_data,False,False
core/state/operator_actions.json,True,2979,,runtime_or_personal_data,False,False
core/state/operator_legibility_contract.json,True,2211,,runtime_or_personal_data,False,False
core/state/operator_runtime_status.json,True,39624,,runtime_or_personal_data,False,False
core/state/oracle_runtime.json,True,3277,,runtime_or_personal_data,False,False
core/state/orome/operator-session/operator_sessions.jsonl,True,379858,,runtime_or_personal_data,False,False
core/state/output_accounting.json,True,3066,,runtime_or_personal_data,False,False
core/state/output_topology.json,True,3191,,runtime_or_personal_data,False,False
core/state/package_enablement.json,True,11146,,runtime_or_personal_data,False,False
core/state/package_health.json,True,11476,,runtime_or_personal_data,False,False
core/state/package_runtime_activation.json,True,5793,,runtime_or_personal_data,False,False
core/state/paperclip_alignment.json,True,5040,,runtime_or_personal_data,False,False
core/state/permission_profiles.json,True,1143,,runtime_or_personal_data,False,False
core/state/personal_runtime.json,True,4355,,runtime_or_personal_data,False,False
core/state/plan_map.json,True,386,,runtime_or_personal_data,False,False
core/state/plans/INDEX.md,True,1039,,runtime_or_personal_data,False,False
core/state/plans/README.md,True,408,,runtime_or_personal_data,False,False
core/state/plans/plan_goal_council_presence_20260504.json,True,768,,runtime_or_personal_data,False,False
core/state/plans/plan_goal_council_presence_20260505.json,True,768,,runtime_or_personal_data,False,False
core/state/plans/plan_goal_council_presence_20260506.json,True,768,,runtime_or_personal_data,False,False
core/state/plans/plan_goal_daily_joulework_report_20260504.json,True,751,,runtime_or_personal_data,False,False
core/state/plans/plan_goal_daily_joulework_report_20260505.json,True,751,,runtime_or_personal_data,False,False
core/state/plans/plan_goal_daily_joulework_report_20260506.json,True,751,,runtime_or_personal_data,False,False
core/state/plans/plan_goal_knowledge_index_freshness_20260504.json,True,597,,runtime_or_personal_data,False,False
core/state/plans/plan_goal_knowledge_index_freshness_20260505.json,True,597,,runtime_or_personal_data,False,False
core/state/plans/plan_goal_knowledge_index_freshness_20260506.json,True,597,,runtime_or_personal_data,False,False
core/state/plans/plan_goal_ledger_compaction_20260504.json,True,590,,runtime_or_personal_data,False,False
core/state/plans/plan_goal_ledger_compaction_20260505.json,True,590,,runtime_or_personal_data,False,False
core/state/plans/plan_goal_ledger_compaction_20260506.json,True,590,,runtime_or_personal_data,False,False
core/state/plans/plan_goal_provider_mesh_health_20260504.json,True,675,,runtime_or_personal_data,False,False
core/state/plans/plan_goal_provider_mesh_health_20260505.json,True,675,,runtime_or_personal_data,False,False
core/state/plans/plan_goal_provider_mesh_health_20260506.json,True,675,,runtime_or_personal_data,False,False
core/state/platform_os_boundary_review.json,True,2865,,runtime_or_personal_data,False,False
core/state/platform_os_core_manifest_audit.json,True,3510,,runtime_or_personal_data,False,False
core/state/platform_os_human_tenant_extraction.json,True,1035,,runtime_or_personal_data,False,False
core/state/platform_os_schema_freeze_audit.json,True,7236,,runtime_or_personal_data,False,False
core/state/plutus_runtime.json,True,93676,,runtime_or_personal_data,False,False
core/state/portfolio_classification_posture.json,True,1812,,runtime_or_personal_data,False,False
core/state/priority_human_crate_spawn_registry.json,True,2690,,runtime_or_personal_data,False,False
core/state/project_dossier_standard.json,True,2725,,runtime_or_personal_data,False,False
core/state/project_intake_governance.json,True,2279,,runtime_or_personal_data,False,False
core/state/project_intake_lifecycle.json,True,2261,,runtime_or_personal_data,False,False
core/state/provider_intelligence.json,True,37300,,runtime_or_personal_data,False,False
core/state/provider_route_smoke_latest.json,True,2962,,runtime_or_personal_data,False,False
core/state/queue_active.json,True,1918367,,runtime_or_personal_data,False,False
core/state/queue_federation.json,True,23496,,runtime_or_personal_data,False,False
core/state/queue_federation_blocked_candidate_closeout.json,True,41026,,runtime_or_personal_data,False,False
core/state/queue_hygiene.json,True,1425,,runtime_or_personal_data,False,False
core/state/queue_summary.json,True,39216,,runtime_or_personal_data,False,False
core/state/remote_confidence_snapshot.json,True,9928,,runtime_or_personal_data,False,False
core/state/remote_operator_contract.json,True,5753,,runtime_or_personal_data,False,False
core/state/repeated_audit_status.json,True,19855,,runtime_or_personal_data,False,False
core/state/repo_reorganization.json,True,1388,,runtime_or_personal_data,False,False
core/state/research_workflow_contract.json,True,1909,,runtime_or_personal_data,False,False
core/state/runtime_admission_pressure.json,True,3050,,runtime_or_personal_data,False,False
core/state/runtime_admission_receipts.json,True,23573,,runtime_or_personal_data,False,False
core/state/runtime_admission_recovery.json,True,1064,,runtime_or_personal_data,False,False
core/state/runtime_admission_recovery_executor.json,True,12588,,runtime_or_personal_data,False,False
core/state/runtime_budget_policy.json,True,12273,,runtime_or_personal_data,False,False
core/state/runtime_build_cache.json,True,1494,,runtime_or_personal_data,False,False
core/state/runtime_governor_contract.json,True,56878,,runtime_or_personal_data,False,False
core/state/runtime_recovery_route_governor.json,True,725,,runtime_or_personal_data,False,False
core/state/runtime_settings.json,True,9733,,runtime_or_personal_data,False,False
core/state/runtime_topology.json,True,4837,,runtime_or_personal_data,False,False
core/state/scout_runtime.json,True,4236,,runtime_or_personal_data,False,False
core/state/search_runtime_contract.json,True,2372,,runtime_or_personal_data,False,False
core/state/setup_console_readiness.json,True,4625,,runtime_or_personal_data,False,False
core/state/setup_repair_execution_gate.json,True,4104,,runtime_or_personal_data,False,False
core/state/setup_repair_preflight.json,True,4104,,runtime_or_personal_data,False,False
core/state/skylight_admin_redesign_brief.json,True,2190,,runtime_or_personal_data,False,False
core/state/skylight_workflow_perspectives.json,True,1566,,runtime_or_personal_data,False,False
core/state/social_pipeline_contract.json,True,1258,,runtime_or_personal_data,False,False
core/state/socratic_validator_audit.json,True,1726,,runtime_or_personal_data,False,False
core/state/socratic_validator_contract.json,True,3291,,runtime_or_personal_data,False,False
core/state/soterion_communication_contract.json,True,3859,,runtime_or_personal_data,False,False
core/state/soterion_joulework_enforcement.json,True,17336,,runtime_or_personal_data,False,False
core/state/soterion_render_contract.json,True,575,,runtime_or_personal_data,False,False
core/state/soterion_sigil_method_contract.json,True,2114,,runtime_or_personal_data,False,False
core/state/source_absorption_autopilot.json,True,1662,,runtime_or_personal_data,False,False
core/state/source_absorption_downstream_reconciliation.json,True,326,,runtime_or_personal_data,False,False
core/state/source_absorption_execution.json,True,2872,,runtime_or_personal_data,False,False
core/state/source_absorption_executor.json,True,785,,runtime_or_personal_data,False,False
core/state/source_absorption_pipeline.json,True,19537,,runtime_or_personal_data,False,False
core/state/source_absorption_portfolio.json,True,19446,,runtime_or_personal_data,False,False
core/state/source_ecosystem_operationalization.json,True,10047,,runtime_or_personal_data,False,False
core/state/source_ecosystem_registry.json,True,13040,,runtime_or_personal_data,False,False
core/state/source_lesson_embodiment_backlog.json,True,297,,runtime_or_personal_data,False,False
core/state/source_lesson_embodiment_registry.json,True,18574,,runtime_or_personal_data,False,False
core/state/storage_hygiene.json,True,13523,,runtime_or_personal_data,False,False
core/state/storage_hygiene_apply.json,True,3859,,runtime_or_personal_data,False,False
core/state/storage_hygiene_apply_dry_run.json,True,659,,runtime_or_personal_data,False,False
core/state/storage_pressure.json,True,31313,,runtime_or_personal_data,False,False
core/state/system_control.json,True,54941,,runtime_or_personal_data,False,False
core/state/system_inventory.md,True,682,,runtime_or_personal_data,False,False
core/state/system_manifest.json,True,15708,,runtime_or_personal_data,False,False
core/state/system_source_map.json,True,15371,,runtime_or_personal_data,False,False
core/state/task_agent_boundaries.json,True,17595,,runtime_or_personal_data,False,False
core/state/tauri_embodiment.json,True,1043,,runtime_or_personal_data,False,False
core/state/tool_fit_model_intelligence.json,True,235009,,runtime_or_personal_data,False,False
core/state/tool_garage_contract.json,True,5643,,runtime_or_personal_data,False,False
core/state/tool_harness_architecture_contract.json,True,2342,,runtime_or_personal_data,False,False
core/state/warden_edge_contract.json,True,98641,,runtime_or_personal_data,False,False
core/state/warden_nightly_doctrine.json,True,24187,,runtime_or_personal_data,False,False
core/state/warden_scout_runtime.json,True,1511,,runtime_or_personal_data,False,False
core/state/warden_security_enforcement.json,True,1009,,runtime_or_personal_data,False,False
core/state/world.json,True,3514,,runtime_or_personal_data,False,False
crates/README.md,True,399,,documentation,False,False
crates/engine/BREAKDOWN.md,True,6216,,documentation,False,False
crates/engine/Cargo.toml,True,1315,,config_asset_or_other,False,False
crates/engine/INDEX.md,True,2191,,documentation,False,False
crates/engine/OWNERSHIP.md,True,2386,,documentation,False,False
crates/engine/README.md,True,2010,,documentation,False,False
crates/engine/STATUS.md,True,2517,,documentation,False,False
crates/engine/examples/replay_objective_leaf_tmp.rs,True,597,16,source,False,False
crates/engine/src/adapters/assimilation.rs,True,20298,639,source,False,False
crates/engine/src/adapters/catalog.rs,True,9709,277,source,False,False
crates/engine/src/adapters/company.rs,True,7715,206,source,False,False
crates/engine/src/adapters/hermes.rs,True,83182,2152,source,False,False
crates/engine/src/adapters/hermes/launch.rs,True,3421,118,source,False,False
crates/engine/src/adapters/hermes/launch/tests.rs,True,2865,94,source,False,False
crates/engine/src/adapters/hermes/recovery.rs,True,5032,128,source,False,False
crates/engine/src/adapters/hermes/retained.rs,True,14994,422,source,False,False
crates/engine/src/adapters/hermes/retained/dispatch.rs,True,5194,150,source,False,False
crates/engine/src/adapters/hermes/retained/gate_tests.rs,True,4626,143,source,False,False
crates/engine/src/adapters/hermes/retained_tests.rs,True,2282,64,source,False,False
crates/engine/src/adapters/hermes/verify_retained_artifacts.py,True,1461,35,source,False,False
crates/engine/src/adapters/hermes/workspace.rs,True,20284,535,source,False,False
crates/engine/src/adapters/hermes/workspace/capture.rs,True,4408,136,source,False,False
crates/engine/src/adapters/hermes/workspace/capture/tests.rs,True,2025,46,source,False,False
crates/engine/src/adapters/hermes/workspace/capture_tests.rs,True,3840,110,source,False,False
crates/engine/src/adapters/hermes/workspace/physical_alias_tests.rs,True,2259,56,source,False,False
crates/engine/src/adapters/homeostasis.rs,True,20885,598,source,False,False
crates/engine/src/adapters/jsonl.rs,True,21224,588,source,False,False
crates/engine/src/adapters/knowledge_delta.rs,True,16137,441,source,False,False
crates/engine/src/adapters/mod.rs,True,7809,245,source,False,False
crates/engine/src/adapters/placement_learning.rs,True,8039,224,source,False,False
crates/engine/src/bin/arda-objective-store.rs,True,1769,51,source,False,False
crates/engine/src/bin/arda-snapshot-keeper.rs,True,5955,160,source,False,False
crates/engine/src/bin/arda-snapshot-worker.rs,True,26976,679,source,False,False
crates/engine/src/bin/keeper_abandonment/mod.rs,False,7870,209,source,False,False
crates/engine/src/bin/keeper_abandonment/tests.rs,False,12965,386,source,False,False
crates/engine/src/bin/keeper_config/mod.rs,True,925,27,source,False,False
crates/engine/src/bin/keeper_managed/mod.rs,True,8521,230,source,False,False
crates/engine/src/bin/keeper_managed/tests.rs,True,2598,70,source,False,False
crates/engine/src/bin/keeper_owner/mod.rs,True,20886,439,source,False,False
crates/engine/src/bin/keeper_owner/pending.rs,True,7455,202,source,False,False
crates/engine/src/bin/keeper_owner/pending/tests.rs,True,2605,57,source,False,False
crates/engine/src/bin/keeper_owner/preparation_tests.rs,True,11144,317,source,False,False
crates/engine/src/bin/keeper_owner/qualification.rs,True,4614,145,source,False,False
crates/engine/src/bin/keeper_owner/qualification_boundaries.rs,True,5566,168,source,False,False
crates/engine/src/bin/keeper_owner/revocation_tests.rs,False,7179,200,source,False,False
crates/engine/src/bin/keeper_owner/runtime_state.rs,True,7248,162,source,False,False
crates/engine/src/bin/keeper_readiness/mod.rs,True,1567,50,source,False,False
crates/engine/src/bin/keeper_reconcile/missing_authority_tests.rs,False,9480,239,source,False,False
crates/engine/src/bin/keeper_reconcile/mod.rs,True,16737,482,source,False,False
crates/engine/src/bin/keeper_reconcile/tests.rs,True,5749,163,source,False,False
crates/engine/src/bin/keeper_retirement/mod.rs,False,4370,114,source,False,False
crates/engine/src/bin/keeper_storage/abandonment.rs,False,1288,26,source,False,False
crates/engine/src/bin/keeper_storage/anchored_vfs.rs,True,2686,78,source,False,False
crates/engine/src/bin/keeper_storage/mod.rs,True,8175,218,source,False,False
crates/engine/src/bin/keeper_storage/offline.rs,True,5022,133,source,False,False
crates/engine/src/bin/snapshot_admission/grant.rs,True,6122,168,source,False,False
crates/engine/src/bin/snapshot_admission/mod.rs,True,5398,138,source,False,False
crates/engine/src/bin/snapshot_admission/physical.rs,True,135,2,source,False,False
crates/engine/src/bin/snapshot_child/mod.rs,True,3793,124,source,False,False
crates/engine/src/bin/snapshot_ephemeral/mod.rs,True,4620,113,source,False,False
crates/engine/src/bin/snapshot_lease/mod.rs,True,5381,156,source,False,False
crates/engine/src/bin/snapshot_output/mod.rs,True,2481,79,source,False,False
crates/engine/src/bin/snapshot_rebind/mod.rs,True,3805,96,source,False,False
crates/engine/src/bin/snapshot_runtime/bootstrap.py,True,6644,139,source,False,False
crates/engine/src/bin/snapshot_runtime/dispatch.rs,True,4599,130,source,False,False
crates/engine/src/bin/snapshot_runtime/finalization.py,True,4043,75,source,False,False
crates/engine/src/bin/snapshot_runtime/inference_broker.rs,True,16138,382,source,False,False
crates/engine/src/bin/snapshot_runtime/inference_broker_retry_tests.rs,True,4861,104,source,False,False
crates/engine/src/bin/snapshot_runtime/inference_transport.py,True,1683,41,source,False,False
crates/engine/src/bin/snapshot_runtime/mod.rs,True,3984,110,source,False,False
crates/engine/src/bin/snapshot_runtime/network_filter.rs,True,6501,190,source,False,False
crates/engine/src/bin/snapshot_runtime/profile_guard.py,True,3202,61,source,False,False
crates/engine/src/bin/snapshot_runtime/readonly_tools.py,True,8983,164,source,False,False
crates/engine/src/bin/snapshot_runtime/verifier.py,True,1111,29,source,False,False
crates/engine/src/bin/snapshot_state/mod.rs,True,7128,202,source,False,False
crates/engine/src/bin/snapshot_workspace_tests/mod.rs,True,2398,54,source,False,False
crates/engine/src/bin/test_validation.rs,True,2138,52,source,False,False
crates/engine/src/council.rs,True,20386,568,source,False,False
crates/engine/src/harness.rs,True,47043,1287,source,False,False
crates/engine/src/harness/adaptive_placement.rs,True,21390,609,source,False,False
crates/engine/src/harness/continuity.rs,True,30786,867,source,False,False
crates/engine/src/harness/mesh.rs,True,17831,504,source,False,False
crates/engine/src/harness/next_action.rs,True,1188,29,source,False,False
crates/engine/src/harness/operator_messages.rs,True,80141,2090,source,False,False
crates/engine/src/harness/operator_messages/abandonment_tests.rs,False,5487,128,source,False,False
crates/engine/src/harness/operator_messages/completion_fence_tests.rs,True,7244,185,source,False,False
crates/engine/src/harness/operator_messages/recovery_tests.rs,True,20264,492,source,False,False
crates/engine/src/harness/operator_messages/research_replay.rs,True,6375,182,source,False,False
crates/engine/src/harness/operator_messages/research_replay/tests.rs,True,6606,173,source,False,False
crates/engine/src/harness/operator_messages/unfinished_tests.rs,True,60866,1535,source,False,False
crates/engine/src/harness/operator_messages/unfinished_tests/restart.rs,True,9302,228,source,False,False
crates/engine/src/harness/operator_messages/unfinished_tests/transport.rs,True,16961,380,source,False,False
crates/engine/src/harness/operator_projection.rs,True,3210,93,source,False,False
crates/engine/src/harness/organism.rs,True,1384,42,source,False,False
crates/engine/src/harness/personal_briefs.rs,True,7879,217,source,False,False
crates/engine/src/harness/personal_ops.rs,True,41151,1231,source,False,False
crates/engine/src/harness/prerequisites.rs,True,3788,108,source,False,False
crates/engine/src/harness/presence.rs,True,9513,302,source,False,False
crates/engine/src/harness/projects.rs,True,15149,445,source,False,False
crates/engine/src/harness/projects/lookup_tests.rs,True,3047,77,source,False,False
crates/engine/src/harness/projects/strict_value.rs,True,3481,84,source,False,False
crates/engine/src/harness/recovery_jobs.rs,True,5333,151,source,False,False
crates/engine/src/harness/recovery_jobs/shutdown_tests.rs,True,6548,169,source,False,False
crates/engine/src/harness/recovery_jobs/tests.rs,True,4891,138,source,False,False
crates/engine/src/harness/research.rs,True,67886,1859,source,False,False
crates/engine/src/harness/research/fetch_safety_tests.rs,True,1696,58,source,False,False
crates/engine/src/harness/research/lineage.rs,True,5989,142,source,False,False
crates/engine/src/harness/research/lineage/tests.rs,True,6873,165,source,False,False
crates/engine/src/harness/research/question.rs,True,14876,367,source,False,False
crates/engine/src/harness/research/question/admission.rs,True,5561,137,source,False,False
crates/engine/src/harness/research/question/admission/tests.rs,True,3822,89,source,False,False
crates/engine/src/harness/research/question/tests.rs,True,3706,84,source,False,False
crates/engine/src/harness/research_operator.rs,True,33968,933,source,False,False
crates/engine/src/harness/runs.rs,True,95044,2555,source,False,False
crates/engine/src/harness/runs/recovery.rs,True,8202,240,source,False,False
crates/engine/src/harness/runs/recovery/publication.rs,True,13829,368,source,False,False
crates/engine/src/harness/runs/recovery/publication_tests.rs,True,6879,150,source,False,False
crates/engine/src/harness/runs/retained_dispatch.rs,True,2591,71,source,False,False
crates/engine/src/lib.rs,True,870,26,source,False,False
crates/engine/src/manwe.rs,True,244,6,source,False,False
crates/engine/src/next_action.rs,True,13064,338,source,False,False
crates/engine/src/next_action/hygiene.rs,True,2497,59,source,False,False
crates/engine/src/objectives/abandonment.rs,False,12444,293,source,False,False
crates/engine/src/objectives/abandonment/application.rs,False,9654,247,source,False,False
crates/engine/src/objectives/abandonment/application_tests.rs,False,16286,485,source,False,False
crates/engine/src/objectives/abandonment/disposition.rs,False,25388,638,source,False,False
crates/engine/src/objectives/abandonment/guards.rs,False,18001,411,source,False,False
crates/engine/src/objectives/abandonment/public_os_tests.rs,False,6325,170,source,False,False
crates/engine/src/objectives/abandonment/receipts.rs,False,8163,183,source,False,False
crates/engine/src/objectives/abandonment/reservations.rs,False,2516,53,source,False,False
crates/engine/src/objectives/abandonment/tests.rs,False,16588,417,source,False,False
crates/engine/src/objectives/agenda.rs,True,4255,104,source,False,False
crates/engine/src/objectives/capture_envelope.rs,True,5572,157,source,False,False
crates/engine/src/objectives/capture_envelope/tests.rs,True,5726,131,source,False,False
crates/engine/src/objectives/captured_fds.rs,True,6543,187,source,False,False
crates/engine/src/objectives/keeper_client.rs,True,8881,266,source,False,False
crates/engine/src/objectives/migrations.rs,True,21600,469,source,False,False
crates/engine/src/objectives/mod.rs,True,1412,43,source,False,False
crates/engine/src/objectives/model.rs,True,7686,264,source,False,False
crates/engine/src/objectives/physical_tree.rs,True,16725,464,source,False,False
crates/engine/src/objectives/request_binding.rs,True,912,28,source,False,False
crates/engine/src/objectives/runtime.rs,True,19150,525,source,False,False
crates/engine/src/objectives/runtime_operation.rs,True,5838,159,source,False,False
crates/engine/src/objectives/runtime_operation/tests.rs,True,2724,77,source,False,False
crates/engine/src/objectives/runtime_policy.rs,True,10419,288,source,False,False
crates/engine/src/objectives/runtime_policy/tests.rs,True,7777,193,source,False,False
crates/engine/src/objectives/runtime_policy/transport.rs,True,4076,108,source,False,False
crates/engine/src/objectives/scheduling.rs,True,4575,104,source,False,False
crates/engine/src/objectives/snapshot_protocol.rs,True,4196,126,source,False,False
crates/engine/src/objectives/snapshots.rs,True,13841,318,source,False,False
crates/engine/src/objectives/store.rs,True,105149,2513,source,False,False
crates/engine/src/objectives/store/admissions.rs,True,1981,53,source,False,False
crates/engine/src/objectives/store/authority.rs,True,8632,224,source,False,False
crates/engine/src/objectives/store/explicit_runtime.rs,False,10155,208,source,False,False
crates/engine/src/objectives/store/recovery.rs,True,26650,555,source,False,False
crates/engine/src/objectives/store/recovery/admission.rs,True,12015,245,source,False,False
crates/engine/src/objectives/store/recovery/cleanup.rs,True,12655,285,source,False,False
crates/engine/src/objectives/store/recovery/material.rs,True,6951,155,source,False,False
crates/engine/src/objectives/store/recovery/material/tests.rs,True,31111,795,source,False,False
crates/engine/src/objectives/store/recovery/publications.rs,True,8624,182,source,False,False
crates/engine/src/objectives/store/recovery/publications/completion.rs,True,7955,162,source,False,False
crates/engine/src/objectives/terminal_revocation.rs,False,5205,140,source,False,False
crates/engine/src/objectives/tree_witness.rs,True,4747,134,source,False,False
crates/engine/src/objectives/workbench.rs,True,53956,1261,source,False,False
crates/engine/src/objectives/workbench/recovery_authorization.rs,True,8545,201,source,False,False
crates/engine/src/objectives/workbench/recovery_authorization/dispatch.rs,True,7807,203,source,False,False
crates/engine/src/objectives/workbench/recovery_authorization/provider.rs,True,15661,367,source,False,False
crates/engine/src/objectives/workbench/recovery_authorization/publication.rs,True,8212,188,source,False,False
crates/engine/src/objectives/workbench/retained_authorization.rs,True,1734,47,source,False,False
crates/engine/src/observability.rs,True,10046,279,source,False,False
crates/engine/src/operator_projection.rs,True,27025,695,source,False,False
crates/engine/src/orome.rs,True,4187,130,source,False,False
crates/engine/src/personal_ops/calendar.rs,True,19765,577,source,False,False
crates/engine/src/personal_ops/mod.rs,True,593,15,source,False,False
crates/engine/src/personal_ops/proactive_cycle.rs,True,21317,602,source,False,False
crates/engine/src/personal_ops/store.rs,True,6608,181,source,False,False
crates/engine/src/registry.rs,True,18578,532,source,False,False
crates/engine/src/runs/executor.rs,True,9929,280,source,False,False
crates/engine/src/runs/governance.rs,True,24550,685,source,False,False
crates/engine/src/runs/mod.rs,True,1352,32,source,False,False
crates/engine/src/runs/orchestrator.rs,True,15513,456,source,False,False
crates/engine/src/runs/recovery.rs,True,1234,38,source,False,False
crates/engine/src/runs/recovery_evidence.rs,True,9555,249,source,False,False
crates/engine/src/runs/recovery_evidence/adversarial_tests.rs,True,3578,105,source,False,False
crates/engine/src/runs/recovery_evidence/tests.rs,True,10733,283,source,False,False
crates/engine/src/runs/recovery_grant.rs,True,31346,769,source,False,False
crates/engine/src/runs/resource_ledger.rs,True,10633,283,source,False,False
crates/engine/src/runs/store.rs,True,39055,1051,source,False,False
crates/engine/src/supervisor.rs,True,26855,771,source,False,False
crates/engine/tests/adapter_catalog.rs,True,2765,79,source,False,False
crates/engine/tests/admission_recovery/mod.rs,True,8177,217,source,False,False
crates/engine/tests/assimilation.rs,True,9679,291,source,False,False
crates/engine/tests/calendar_adapter.rs,True,14044,435,source,False,False
crates/engine/tests/company_adapter_contract.rs,True,7100,193,source,False,False
crates/engine/tests/context_bootstrap_restart.rs,True,20934,567,source,False,False
crates/engine/tests/council_execution.rs,True,16731,443,source,False,False
crates/engine/tests/deterministic_composition.rs,True,7184,210,source,False,False
crates/engine/tests/fixtures/admitted_evidence.rs,True,3968,76,source,False,False
crates/engine/tests/fixtures/context_provider.rs,True,8428,177,source,False,False
crates/engine/tests/fixtures/gateway.rs,True,3070,91,source,False,False
crates/engine/tests/fixtures/gateway_authority.rs,True,10347,276,source,False,False
crates/engine/tests/fixtures/inference_transport_guards.py,True,2136,46,source,False,False
crates/engine/tests/fixtures/installed_admission.rs,True,8037,191,source,False,False
crates/engine/tests/fixtures/installed_policy.rs,True,3093,70,source,False,False
crates/engine/tests/fixtures/keeper_active_rebind.rs,True,19566,530,source,False,False
crates/engine/tests/fixtures/keeper_active_release.rs,True,5355,153,source,False,False
crates/engine/tests/fixtures/keeper_adapter.rs,True,14583,361,source,False,False
crates/engine/tests/fixtures/keeper_prepare_rollback.rs,True,8137,227,source,False,False
crates/engine/tests/fixtures/keeper_undelivered_commit.rs,True,10184,251,source,False,False
crates/engine/tests/fixtures/managed_escape.py,True,1682,43,source,False,False
crates/engine/tests/fixtures/managed_escape.rs,True,5778,152,source,False,False
crates/engine/tests/fixtures/objective_agenda.rs,True,1510,40,source,False,False
crates/engine/tests/fixtures/provider_waiter_loss.rs,True,5309,148,source,False,False
crates/engine/tests/fixtures/readonly_source_guards.py,True,3285,64,source,False,False
crates/engine/tests/fixtures/recovery_window.rs,True,1558,36,source,False,False
crates/engine/tests/fixtures/retained_adapter.rs,True,15406,427,source,False,False
crates/engine/tests/fixtures/retained_harness_loss.rs,True,11776,315,source,False,False
crates/engine/tests/fixtures/retained_readonly_concurrency.rs,True,7427,186,source,False,False
crates/engine/tests/fixtures/retained_replay.rs,True,8968,218,source,False,False
crates/engine/tests/fixtures/runtime_bootstrap_guards.py,True,7576,135,source,False,False
crates/engine/tests/fixtures/runtime_finalization_tests.py,True,3096,63,source,False,False
crates/engine/tests/fixtures/snapshot_bootstrap.py,True,3971,99,source,False,False
crates/engine/tests/fixtures/snapshot_executable_retention.py,True,4344,88,source,False,False
crates/engine/tests/fixtures/snapshot_worker.py,True,19206,326,source,False,False
crates/engine/tests/fixtures/terminal_revocation.rs,False,11595,280,source,False,False
crates/engine/tests/fixtures/workbench/javascript/adapter.mjs,True,3599,,config_asset_or_other,False,False
crates/engine/tests/fixtures/workbench/javascript/arda-project.json,True,853,,config_asset_or_other,False,False
crates/engine/tests/fixtures/workbench/javascript/package.json,True,146,,config_asset_or_other,False,False
crates/engine/tests/fixtures/workbench/javascript/src/greeting.js,True,48,3,source,False,False
crates/engine/tests/fixtures/workbench/javascript/test/greeting.test.js,True,192,7,source,False,False
crates/engine/tests/fixtures/workbench/python/adapter.py,True,2384,67,source,False,False
crates/engine/tests/fixtures/workbench/python/arda-project.json,True,890,,config_asset_or_other,False,False
crates/engine/tests/fixtures/workbench/python/pyproject.toml,True,133,,config_asset_or_other,False,False
crates/engine/tests/fixtures/workbench/python/src/greeting.py,True,42,2,source,False,False
crates/engine/tests/fixtures/workbench/python/tests/test_greeting.py,True,335,16,source,False,False
crates/engine/tests/fixtures/workbench/rust/Cargo.toml,True,106,,config_asset_or_other,False,False
crates/engine/tests/fixtures/workbench/rust/arda-project.json,True,872,,config_asset_or_other,False,False
crates/engine/tests/fixtures/workbench/rust/fake_hermes.py,True,3512,100,source,False,False
crates/engine/tests/fixtures/workbench/rust/src/lib.rs,True,204,13,source,False,False
crates/engine/tests/governance_enforcer.rs,True,12194,324,source,False,False
crates/engine/tests/harness_a2a_mesh.rs,True,18008,513,source,False,False
crates/engine/tests/harness_adaptive_placement.rs,True,14845,410,source,False,False
crates/engine/tests/harness_continuity.rs,True,13798,421,source,False,False
crates/engine/tests/harness_next_action.rs,True,2463,74,source,False,False
crates/engine/tests/harness_operator_messages.rs,True,72227,2042,source,False,False
crates/engine/tests/harness_operator_projection.rs,True,7040,193,source,False,False
crates/engine/tests/harness_organism_manifest.rs,True,4241,127,source,False,False
crates/engine/tests/harness_personal_ops.rs,True,33259,1039,source,False,False
crates/engine/tests/harness_presence.rs,True,10851,315,source,False,False
crates/engine/tests/harness_projects.rs,True,5786,168,source,False,False
crates/engine/tests/harness_research_operator.rs,True,7684,232,source,False,False
crates/engine/tests/harness_runs.rs,True,93103,2539,source,False,False
crates/engine/tests/hermes_adapter_contract.rs,True,45071,1217,source,False,False
crates/engine/tests/hud_convergence_contract.rs,True,1713,63,source,False,False
crates/engine/tests/keeper_managed_release.rs,True,22689,668,source,False,False
crates/engine/tests/keeper_offline_readonly.rs,True,3328,85,source,False,False
crates/engine/tests/keeper_reconcile.rs,True,3303,91,source,False,False
crates/engine/tests/keeper_revocation_transport.rs,False,7068,193,source,False,False
crates/engine/tests/keeper_storage_anchor.rs,True,2661,63,source,False,False
crates/engine/tests/knowledge_delta_loop.rs,True,5246,140,source,False,False
crates/engine/tests/next_action_projection.rs,True,12873,357,source,False,False
crates/engine/tests/objective_authority.rs,True,4903,123,source,False,False
crates/engine/tests/objective_runtime.rs,True,60729,1703,source,False,False
crates/engine/tests/objective_snapshots.rs,True,16443,444,source,False,False
crates/engine/tests/objective_store.rs,True,62129,1800,source,False,False
crates/engine/tests/objective_store/recovery_fence.rs,True,29336,863,source,False,False
crates/engine/tests/operator_projection_publisher.rs,True,21105,518,source,False,False
crates/engine/tests/orome_operator_bridge.rs,True,3040,82,source,False,False
crates/engine/tests/orome_smoke.rs,True,632,17,source,False,False
crates/engine/tests/personal_ops_store.rs,True,3546,115,source,False,False
crates/engine/tests/proactive_cycle.rs,True,11351,315,source,False,False
crates/engine/tests/project_adapter_jsonl.rs,True,10711,306,source,False,False
crates/engine/tests/research_delivery/admission.rs,True,18502,478,source,False,False
crates/engine/tests/research_delivery/admission_restart.rs,True,3765,92,source,False,False
crates/engine/tests/research_delivery/mod.rs,True,8076,221,source,False,False
crates/engine/tests/research_store_isolation.rs,True,1805,46,source,False,False
crates/engine/tests/resident_restart_fixture.rs.inc,True,31378,,config_asset_or_other,False,False
crates/engine/tests/resident_retained_restart.rs.inc,True,24446,,config_asset_or_other,False,False
crates/engine/tests/retained_tree_identity.rs,True,4025,97,source,False,False
crates/engine/tests/retired_queue_projection.rs,True,1750,47,source,False,False
crates/engine/tests/run_recovery.rs,True,6799,189,source,False,False
crates/engine/tests/runtime_bundle_worker.rs,True,32653,777,source,False,False
crates/engine/tests/runtime_config_generation.rs,True,3659,107,source,False,False
crates/engine/tests/runtime_grant_capture.rs,True,4238,106,source,False,False
crates/engine/tests/same_mount_test.rs,True,535,13,source,False,False
crates/engine/tests/snapshot_capture.rs,True,5088,144,source,False,False
crates/engine/tests/snapshot_keeper_storage.rs,True,2790,64,source,False,False
crates/engine/tests/snapshot_worker.rs,True,1736,54,source,False,False
crates/engine/tests/stage4_memory_learning_context.rs,True,7760,186,source,False,False
crates/engine/tests/stage5_homeostasis_recovery.rs,True,11275,329,source,False,False
crates/engine/tests/tree_witness.rs,True,3842,109,source,False,False
crates/engine/tests/workbench_boundary_recovery.rs,True,11410,332,source,False,False
crates/engine/tests/workbench_javascript_golden.rs,True,11743,341,source,False,False
crates/engine/tests/workbench_python_golden.rs,True,14064,407,source,False,False
crates/engine/tests/workbench_rust_golden.rs,True,31531,894,source,False,False
crates/engine/tests/worker_orchestrator.rs,True,11569,341,source,False,False
crates/spine/INDEX.md,True,821,,documentation,False,False
crates/spine/contract/arda-contract-registry/BREAKDOWN.md,True,3806,,documentation,False,False
crates/spine/contract/arda-contract-registry/Cargo.toml,True,249,,config_asset_or_other,False,False
crates/spine/contract/arda-contract-registry/INDEX.md,True,1450,,documentation,False,False
crates/spine/contract/arda-contract-registry/OWNERSHIP.md,True,1755,,documentation,False,False
crates/spine/contract/arda-contract-registry/README.md,True,1072,,documentation,False,False
crates/spine/contract/arda-contract-registry/STATUS.md,True,1707,,documentation,False,False
crates/spine/contract/arda-contract-registry/src/lib.rs,True,18,1,source,False,False
crates/spine/contract/arda-contract-registry/src/registry.rs,True,5287,155,source,False,False
crates/spine/contract/arda-contract-registry/tests/registry_smoke.rs,True,3489,108,source,False,False
crates/spine/executors/INDEX.md,True,538,,documentation,False,False
crates/spine/executors/arda-varda/BREAKDOWN.md,True,8974,,documentation,False,False
crates/spine/executors/arda-varda/Cargo.toml,True,1120,,config_asset_or_other,False,False
crates/spine/executors/arda-varda/INDEX.md,True,941,,documentation,False,False
crates/spine/executors/arda-varda/README.md,True,8729,,documentation,False,False
crates/spine/executors/arda-varda/fixtures/retrieval_benchmark_v1.json,True,1178,,config_asset_or_other,False,False
crates/spine/executors/arda-varda/src/INDEX.md,True,378,,documentation,False,False
crates/spine/executors/arda-varda/src/README.md,True,417,,documentation,False,False
crates/spine/executors/arda-varda/src/benchmark.rs,True,7490,201,source,False,False
crates/spine/executors/arda-varda/src/bin/arda-varda-benchmark.rs,True,1183,35,source,False,False
crates/spine/executors/arda-varda/src/bin/arda-varda-server.rs,True,480,12,source,False,False
crates/spine/executors/arda-varda/src/human.rs,True,18269,551,source,False,False
crates/spine/executors/arda-varda/src/ingest.rs,True,145771,3815,source,False,False
crates/spine/executors/arda-varda/src/ingest/INDEX.md,True,593,,documentation,False,False
crates/spine/executors/arda-varda/src/ingest/README.md,True,427,,documentation,False,False
crates/spine/executors/arda-varda/src/ingest/activity.rs,True,15148,484,source,False,False
crates/spine/executors/arda-varda/src/ingest/crawl.rs,True,11703,360,source,False,False
crates/spine/executors/arda-varda/src/ingest/curriculum_generator.rs,True,1909,58,source,False,False
crates/spine/executors/arda-varda/src/ingest/deep.rs,True,9765,227,source,False,False
crates/spine/executors/arda-varda/src/ingest/deep_cache.rs,True,6246,205,source,False,False
crates/spine/executors/arda-varda/src/ingest/external_lane.rs,True,18168,526,source,False,False
crates/spine/executors/arda-varda/src/ingest/extraction.rs,True,13180,316,source,False,False
crates/spine/executors/arda-varda/src/ingest/github.rs,True,21411,683,source,False,False
crates/spine/executors/arda-varda/src/ingest/http_client.rs,True,2532,71,source,False,False
crates/spine/executors/arda-varda/src/ingest/importers.rs,True,9342,292,source,False,False
crates/spine/executors/arda-varda/src/ingest/index.rs,True,29791,862,source,False,False
crates/spine/executors/arda-varda/src/ingest/interceptor.rs,True,15515,477,source,False,False
crates/spine/executors/arda-varda/src/ingest/io.rs,True,15686,444,source,False,False
crates/spine/executors/arda-varda/src/ingest/layout.rs,True,7083,184,source,False,False
crates/spine/executors/arda-varda/src/ingest/metrics.rs,True,13430,370,source,False,False
crates/spine/executors/arda-varda/src/ingest/observability.rs,True,31810,812,source,False,False
crates/spine/executors/arda-varda/src/ingest/policy.rs,True,26228,677,source,False,False
crates/spine/executors/arda-varda/src/ingest/query.rs,True,3703,112,source,False,False
crates/spine/executors/arda-varda/src/ingest/remediation.rs,True,1852,51,source,False,False
crates/spine/executors/arda-varda/src/ingest/routing.rs,True,7882,237,source,False,False
crates/spine/executors/arda-varda/src/ingest/schema.rs,True,3698,110,source,False,False
crates/spine/executors/arda-varda/src/ingest/scholarly.rs,True,14045,403,source,False,False
crates/spine/executors/arda-varda/src/ingest/source.rs,True,17425,548,source,False,False
crates/spine/executors/arda-varda/src/ingest/uncertainty_sampler.rs,True,3995,122,source,False,False
crates/spine/executors/arda-varda/src/ingest/views.rs,True,12547,339,source,False,False
crates/spine/executors/arda-varda/src/learning.rs,True,2980,103,source,False,False
crates/spine/executors/arda-varda/src/lib.rs,True,7482,219,source,False,False
crates/spine/executors/arda-varda/src/outcome_learning.rs,True,4606,129,source,False,False
crates/spine/executors/arda-varda/src/rumil.rs,True,2735,76,source,False,False
crates/spine/executors/arda-varda/src/transport/INDEX.md,True,359,,documentation,False,False
crates/spine/executors/arda-varda/src/transport/README.md,True,433,,documentation,False,False
crates/spine/executors/arda-varda/src/transport/http.rs,True,40738,1165,source,False,False
crates/spine/executors/arda-varda/src/transport/ipc.rs,True,19144,544,source,False,False
crates/spine/executors/arda-varda/src/transport/mod.rs,True,2525,88,source,False,False
crates/spine/executors/arda-varda/tests/rumil_evaluation_contract.rs,True,2510,71,source,False,False
crates/spine/governance/INDEX.md,True,559,,documentation,False,False
crates/spine/governance/arda-core/BREAKDOWN.md,True,9297,,documentation,False,False
crates/spine/governance/arda-core/Cargo.toml,True,741,,config_asset_or_other,False,False
crates/spine/governance/arda-core/INDEX.jsonl,True,4786,,config_asset_or_other,False,False
crates/spine/governance/arda-core/INDEX.md,True,1501,,documentation,False,False
crates/spine/governance/arda-core/OWNERSHIP.md,True,1400,,documentation,False,False
crates/spine/governance/arda-core/README.md,True,2493,,documentation,False,False
crates/spine/governance/arda-core/STATUS.md,True,6323,,documentation,False,False
crates/spine/governance/arda-core/docs/interop/landscape.md,True,1728,,documentation,False,False
crates/spine/governance/arda-core/examples/python-project.json,True,798,,config_asset_or_other,False,False
crates/spine/governance/arda-core/examples/rust-project.json,True,926,,config_asset_or_other,False,False
crates/spine/governance/arda-core/examples/validate_contracts.rs,False,1158,26,source,False,False
crates/spine/governance/arda-core/src/INDEX.md,True,1227,,documentation,False,False
crates/spine/governance/arda-core/src/README.md,True,410,,documentation,False,False
crates/spine/governance/arda-core/src/agent.rs,True,889,33,source,False,False
crates/spine/governance/arda-core/src/aipkg.rs,True,18970,537,source,False,False
crates/spine/governance/arda-core/src/background.rs,True,16611,500,source,False,False
crates/spine/governance/arda-core/src/capability_composition.rs,True,13100,430,source,False,False
crates/spine/governance/arda-core/src/company_ops.rs,True,22761,701,source,False,False
crates/spine/governance/arda-core/src/config.rs,True,2489,83,source,False,False
crates/spine/governance/arda-core/src/contract/INDEX.md,True,688,,documentation,False,False
crates/spine/governance/arda-core/src/contract/README.md,True,424,,documentation,False,False
crates/spine/governance/arda-core/src/contract/decision.rs,True,2224,84,source,False,False
crates/spine/governance/arda-core/src/contract/goal.rs,True,1723,66,source,False,False
crates/spine/governance/arda-core/src/contract/ledger_entry.rs,True,1142,49,source,False,False
crates/spine/governance/arda-core/src/contract/memory.rs,True,1912,75,source,False,False
crates/spine/governance/arda-core/src/contract/mod.rs,True,3659,111,source,False,False
crates/spine/governance/arda-core/src/contract/plan.rs,True,1559,62,source,False,False
crates/spine/governance/arda-core/src/contract/reflection.rs,True,1603,61,source,False,False
crates/spine/governance/arda-core/src/council_run.rs,True,11804,311,source,False,False
crates/spine/governance/arda-core/src/daemon.rs,True,1921,73,source,False,False
crates/spine/governance/arda-core/src/error.rs,True,733,24,source,False,False
crates/spine/governance/arda-core/src/external_capability.rs,True,14217,397,source,False,False
crates/spine/governance/arda-core/src/governance/INDEX.md,True,614,,documentation,False,False
crates/spine/governance/arda-core/src/governance/README.md,True,428,,documentation,False,False
crates/spine/governance/arda-core/src/governance/corpus.rs,True,1272,34,source,False,False
crates/spine/governance/arda-core/src/governance/mod.rs,True,177,6,source,False,False
crates/spine/governance/arda-core/src/governance_gates.rs,True,17942,571,source,False,False
crates/spine/governance/arda-core/src/layout.rs,True,2049,64,source,False,False
crates/spine/governance/arda-core/src/learning.rs,True,9820,343,source,False,False
crates/spine/governance/arda-core/src/learning_adapter.rs,True,4922,159,source,False,False
crates/spine/governance/arda-core/src/ledger.rs,True,2637,89,source,False,False
crates/spine/governance/arda-core/src/lib.rs,True,2958,85,source,False,False
crates/spine/governance/arda-core/src/llm.rs,True,11242,386,source,False,False
crates/spine/governance/arda-core/src/loop_alerts.rs,True,10830,303,source,False,False
crates/spine/governance/arda-core/src/loop_economy.rs,True,6117,192,source,False,False
crates/spine/governance/arda-core/src/loop_engine.rs,True,56753,1579,source,False,False
crates/spine/governance/arda-core/src/loop_observability.rs,True,6111,196,source,False,False
crates/spine/governance/arda-core/src/message.rs,True,4575,160,source,False,False
crates/spine/governance/arda-core/src/next_action.rs,True,3595,123,source,False,False
crates/spine/governance/arda-core/src/operator_projection.rs,True,19673,585,source,False,False
crates/spine/governance/arda-core/src/organism.rs,True,9024,265,source,False,False
crates/spine/governance/arda-core/src/orome_runtime.rs,True,6900,234,source,False,False
crates/spine/governance/arda-core/src/payment_capability.rs,True,24967,694,source,False,False
crates/spine/governance/arda-core/src/personal_ops.rs,True,14586,480,source,False,False
crates/spine/governance/arda-core/src/personal_ops_projection.rs,True,10666,306,source,False,False
crates/spine/governance/arda-core/src/pipeline.rs,True,1633,59,source,False,False
crates/spine/governance/arda-core/src/proactive_communication.rs,True,16752,494,source,False,False
crates/spine/governance/arda-core/src/project_contract.rs,True,12141,394,source,False,False
crates/spine/governance/arda-core/src/router.rs,True,932,40,source,False,False
crates/spine/governance/arda-core/src/run_graph.rs,True,33693,927,source,False,False
crates/spine/governance/arda-core/src/service_registry/capability.rs,True,10471,333,source,False,False
crates/spine/governance/arda-core/src/service_registry/contract.rs,True,2820,104,source,False,False
crates/spine/governance/arda-core/src/service_registry/crate_identity.rs,True,709,25,source,False,False
crates/spine/governance/arda-core/src/service_registry/mod.rs,True,841,21,source,False,False
crates/spine/governance/arda-core/src/service_registry/registry.rs,True,4868,149,source,False,False
crates/spine/governance/arda-core/src/service_registry/service.rs,True,5576,189,source,False,False
crates/spine/governance/arda-core/src/service_registry/test_support.rs,True,63,1,source,False,False
crates/spine/governance/arda-core/src/soterion.rs,True,23644,712,source,False,False
crates/spine/governance/arda-core/src/soterion_watcher.rs,True,7789,243,source,False,False
crates/spine/governance/arda-core/src/state.rs,True,8863,281,source,False,False
crates/spine/governance/arda-core/src/systemd.rs,True,6165,202,source,False,False
crates/spine/governance/arda-core/src/task.rs,True,8469,246,source,False,False
crates/spine/governance/arda-core/src/tool.rs,True,5010,160,source,False,False
crates/spine/governance/arda-core/src/tool_contract/mod.rs,True,32,2,source,False,False
crates/spine/governance/arda-core/src/tool_contract/service.rs,True,4068,134,source,False,False
crates/spine/governance/arda-core/src/tool_contract/types.rs,True,5787,193,source,False,False
crates/spine/governance/arda-core/tests/INDEX.md,True,555,,documentation,False,False
crates/spine/governance/arda-core/tests/README.md,True,609,,documentation,False,False
crates/spine/governance/arda-core/tests/capability_composition.rs,True,4731,126,source,False,False
crates/spine/governance/arda-core/tests/capability_registry.rs,True,5735,176,source,False,False
crates/spine/governance/arda-core/tests/company_ops.rs,True,13772,379,source,False,False
crates/spine/governance/arda-core/tests/council_run.rs,True,8019,246,source,False,False
crates/spine/governance/arda-core/tests/deterministic_composition.rs,True,11409,356,source,False,False
crates/spine/governance/arda-core/tests/external_capability.rs,True,1852,47,source,False,False
crates/spine/governance/arda-core/tests/next_action.rs,True,3138,87,source,False,False
crates/spine/governance/arda-core/tests/operator_projection.rs,True,5591,151,source,False,False
crates/spine/governance/arda-core/tests/organism_manifest.rs,True,2963,81,source,False,False
crates/spine/governance/arda-core/tests/payment_capability.rs,True,11479,313,source,False,False
crates/spine/governance/arda-core/tests/personal_ops.rs,True,5298,168,source,False,False
crates/spine/governance/arda-core/tests/personal_ops_projection.rs,True,9427,299,source,False,False
crates/spine/governance/arda-core/tests/proactive_communication.rs,True,11286,278,source,False,False
crates/spine/governance/arda-core/tests/project_contract.rs,True,8278,219,source,False,False
crates/spine/governance/arda-core/tests/retired_jsonl_authority.rs,True,4646,135,source,False,False
crates/spine/governance/arda-core/tests/run_graph.rs,True,11416,337,source,False,False
crates/spine/governance/arda-core/tests/tool_harness_smoke.rs,True,1061,30,source,False,False
crates/spine/governance/arda-governance/BREAKDOWN.md,True,8187,,documentation,False,False
crates/spine/governance/arda-governance/Cargo.toml,True,628,,config_asset_or_other,False,False
crates/spine/governance/arda-governance/GOVERNANCE_PROVENANCE.md,True,13277,,documentation,False,False
crates/spine/governance/arda-governance/INDEX.md,True,1126,,documentation,False,False
crates/spine/governance/arda-governance/OWNERSHIP.md,True,1677,,documentation,False,False
crates/spine/governance/arda-governance/PLAN.md,True,2798,,documentation,False,False
crates/spine/governance/arda-governance/README.md,True,14921,,documentation,False,False
crates/spine/governance/arda-governance/STATUS.md,True,3740,,documentation,False,False
crates/spine/governance/arda-governance/src/INDEX.md,True,1281,,documentation,False,False
crates/spine/governance/arda-governance/src/README.md,True,2084,,documentation,False,False
crates/spine/governance/arda-governance/src/audio.rs,True,4192,129,source,False,False
crates/spine/governance/arda-governance/src/bacon_lite.rs,True,42784,1296,source,False,False
crates/spine/governance/arda-governance/src/empirical_distrust.rs,True,2116,57,source,False,False
crates/spine/governance/arda-governance/src/environmental.rs,True,16159,496,source,False,False
crates/spine/governance/arda-governance/src/evidence.rs,True,10503,315,source,False,False
crates/spine/governance/arda-governance/src/game_theory.rs,True,17907,526,source,False,False
crates/spine/governance/arda-governance/src/joulework.rs,True,5035,145,source,False,False
crates/spine/governance/arda-governance/src/lib.rs,True,6508,143,source,False,False
crates/spine/governance/arda-governance/src/love_dynamics.rs,True,4675,140,source,False,False
crates/spine/governance/arda-governance/src/love_equation.rs,True,5335,152,source,False,False
crates/spine/governance/arda-governance/src/metrics.rs,True,12307,365,source,False,False
crates/spine/governance/arda-governance/src/nonconformist_bee.rs,True,3501,119,source,False,False
crates/spine/governance/arda-governance/src/normalization.rs,True,1473,62,source,False,False
crates/spine/governance/arda-governance/src/operator.rs,True,7934,221,source,False,False
crates/spine/governance/arda-governance/src/paths.rs,True,3204,102,source,False,False
crates/spine/governance/arda-governance/src/philosopher_profiles.rs,True,14540,406,source,False,False
crates/spine/governance/arda-governance/src/readiness.rs,True,21750,575,source,False,False
crates/spine/governance/arda-governance/src/realm_policy.rs,True,20429,608,source,False,False
crates/spine/governance/arda-governance/src/resonance.rs,True,35713,946,source,False,False
crates/spine/governance/arda-governance/src/scorer.rs,True,13970,445,source,False,False
crates/spine/governance/arda-governance/src/solar.rs,True,13664,385,source,False,False
crates/spine/governance/arda-governance/src/triad.rs,True,29666,906,source,False,False
crates/spine/governance/arda-governance/src/triad_philosopher.rs,True,8308,239,source,False,False
crates/spine/governance/arda-governance/src/versions.rs,True,1204,33,source,False,False
crates/spine/governance/arda-governance/src/vision.rs,True,5611,174,source,False,False
crates/spine/governance/arda-governance/tests/INDEX.md,True,1264,,documentation,False,False
crates/spine/governance/arda-governance/tests/README.md,True,793,,documentation,False,False
crates/spine/governance/arda-governance/tests/alignment_stack.rs,True,4863,142,source,False,False
crates/spine/governance/arda-governance/tests/fixtures/public_api_v1.json,True,2444,,config_asset_or_other,False,False
crates/spine/governance/arda-governance/tests/fixtures/realm_policy_operations.toml,True,1048,,config_asset_or_other,False,False
crates/spine/governance/arda-governance/tests/fixtures/realm_policy_research.toml,True,1026,,config_asset_or_other,False,False
crates/spine/governance/arda-governance/tests/governance_observability.rs,True,5895,179,source,False,False
crates/spine/governance/arda-governance/tests/path_independence.rs,True,2090,59,source,False,False
crates/spine/governance/arda-governance/tests/phase7_philosopher_expansion.rs,True,6520,183,source,False,False
crates/spine/governance/arda-governance/tests/phase8_realm_policy.rs,True,13102,366,source,False,False
crates/spine/governance/arda-governance/tests/philosopher_profiles.rs,True,8012,208,source,False,False
crates/spine/governance/arda-governance/tests/policy_versioning.rs,True,5505,156,source,False,False
crates/spine/governance/arda-governance/tests/public_api_compat.rs,True,8230,208,source,False,False
crates/spine/governance/arda-governance/tests/structured_evidence.rs,True,8293,232,source,False,False
crates/spine/interface/INDEX.md,True,538,,documentation,False,False
crates/spine/interface/arda-mirromere/Cargo.toml,True,401,,config_asset_or_other,False,False
crates/spine/interface/arda-mirromere/src/lib.rs,True,38842,1063,source,False,False
crates/spine/interface/arda-mirromere/tests/projection.rs,True,7052,177,source,False,False
crates/spine/interface/arda-orome/BREAKDOWN.md,True,4218,,documentation,False,False
crates/spine/interface/arda-orome/Cargo.toml,True,1405,,config_asset_or_other,False,False
crates/spine/interface/arda-orome/INDEX.md,True,1029,,documentation,False,False
crates/spine/interface/arda-orome/OWNERSHIP.md,True,1632,,documentation,False,False
crates/spine/interface/arda-orome/README.md,True,4611,,documentation,False,False
crates/spine/interface/arda-orome/STATUS.md,True,3622,,documentation,False,False
crates/spine/interface/arda-orome/build.rs,True,772,31,source,False,False
crates/spine/interface/arda-orome/core/state/hermes_discord_runtime.json,True,7181,,config_asset_or_other,False,False
crates/spine/interface/arda-orome/proto/health_model.proto,True,564,,config_asset_or_other,False,False
crates/spine/interface/arda-orome/proto/route_governance.proto,True,764,,config_asset_or_other,False,False
crates/spine/interface/arda-orome/src/a2a_mesh.rs,True,21130,581,source,False,False
crates/spine/interface/arda-orome/src/agent.rs,True,3233,101,source,False,False
crates/spine/interface/arda-orome/src/comm.rs,True,6144,255,source,False,False
crates/spine/interface/arda-orome/src/commercial.rs,True,4470,121,source,False,False
crates/spine/interface/arda-orome/src/context_cache.rs,True,5246,172,source,False,False
crates/spine/interface/arda-orome/src/context_enrichment.rs,True,16120,486,source,False,False
crates/spine/interface/arda-orome/src/context_handoff.rs,True,5294,141,source,False,False
crates/spine/interface/arda-orome/src/discord_health.rs,True,6116,187,source,False,False
crates/spine/interface/arda-orome/src/discord_safe_message.rs,True,6947,225,source,False,False
crates/spine/interface/arda-orome/src/governance.rs,True,2699,78,source,False,False
crates/spine/interface/arda-orome/src/grpc.rs,True,926,23,source,False,False
crates/spine/interface/arda-orome/src/grpc/arda.orome.health_model.rs,True,16708,406,source,False,False
crates/spine/interface/arda-orome/src/grpc/arda.orome.route_governance.rs,True,18040,434,source,False,False
crates/spine/interface/arda-orome/src/intent.rs,True,5794,181,source,False,False
crates/spine/interface/arda-orome/src/lib.rs,True,2734,72,source,False,False
crates/spine/interface/arda-orome/src/mcp/browser.rs,True,2964,79,source,False,False
crates/spine/interface/arda-orome/src/mcp/channel.rs,True,2296,80,source,False,False
crates/spine/interface/arda-orome/src/mcp/external_sources.rs,True,15835,416,source,False,False
crates/spine/interface/arda-orome/src/mcp/mod.rs,True,353,17,source,False,False
crates/spine/interface/arda-orome/src/mcp/protocol.rs,True,121,4,source,False,False
crates/spine/interface/arda-orome/src/mcp/server.rs,True,19044,571,source,False,False
crates/spine/interface/arda-orome/src/mcp/tools.rs,True,5056,197,source,False,False
crates/spine/interface/arda-orome/src/message.rs,True,4336,173,source,False,False
crates/spine/interface/arda-orome/src/message_retry_expiry.rs,True,3155,97,source,False,False
crates/spine/interface/arda-orome/src/mnemosyne_integration.rs,True,3608,104,source,False,False
crates/spine/interface/arda-orome/src/operator_bridge.rs,True,28254,855,source,False,False
crates/spine/interface/arda-orome/src/personal_reminder.rs,True,7802,219,source,False,False
crates/spine/interface/arda-orome/src/protocol.rs,True,4103,161,source,False,False
crates/spine/interface/arda-orome/src/provider/adapter.rs,True,2018,83,source,False,False
crates/spine/interface/arda-orome/src/provider/http.rs,True,5725,171,source,False,False
crates/spine/interface/arda-orome/src/provider/mod.rs,True,870,23,source,False,False
crates/spine/interface/arda-orome/src/provider/orchestration.rs,True,13176,427,source,False,False
crates/spine/interface/arda-orome/src/provider/registry.rs,True,2355,86,source,False,False
crates/spine/interface/arda-orome/src/provider/runtime.rs,True,3579,119,source,False,False
crates/spine/interface/arda-orome/src/provider/streaming.rs,True,1850,76,source,False,False
crates/spine/interface/arda-orome/src/provider/tests.rs,True,4919,163,source,False,False
crates/spine/interface/arda-orome/src/registry.rs,True,4723,169,source,False,False
crates/spine/interface/arda-orome/src/router.rs,True,4339,161,source,False,False
crates/spine/interface/arda-orome/src/service.rs,True,89491,2233,source,False,False
crates/spine/interface/arda-orome/src/service/INDEX.md,True,623,,documentation,False,False
crates/spine/interface/arda-orome/src/service/README.md,True,1068,,documentation,False,False
crates/spine/interface/arda-orome/src/service/classification.rs,True,17070,536,source,False,False
crates/spine/interface/arda-orome/src/service/comms_event.rs,True,4281,118,source,False,False
crates/spine/interface/arda-orome/src/service/council.rs,True,42767,1146,source,False,False
crates/spine/interface/arda-orome/src/service/decision.rs,True,8627,272,source,False,False
crates/spine/interface/arda-orome/src/service/inbound.rs,True,23154,646,source,False,False
crates/spine/interface/arda-orome/src/service/interrupts.rs,True,30245,747,source,False,False
crates/spine/interface/arda-orome/src/service/outbound.rs,True,20582,524,source,False,False
crates/spine/interface/arda-orome/src/service/provider_compat.rs,True,3905,122,source,False,False
crates/spine/interface/arda-orome/src/service/queue_state.rs,True,3170,114,source,False,False
crates/spine/interface/arda-orome/src/service/runtime.rs,True,8748,228,source,False,False
crates/spine/interface/arda-orome/src/service/semantic_channel.rs,True,22029,637,source,False,False
crates/spine/interface/arda-orome/src/service/status.rs,True,17168,441,source,False,False
crates/spine/interface/arda-orome/src/service/subagent_completion.rs,True,6132,179,source,False,False
crates/spine/interface/arda-orome/src/service/support.rs,True,8003,247,source,False,False
crates/spine/interface/arda-orome/src/service/task_approval.rs,True,5320,155,source,False,False
crates/spine/interface/arda-orome/src/surface_handoff.rs,True,12045,344,source,False,False
crates/spine/interface/arda-orome/src/types.rs,True,17559,625,source,False,False
crates/spine/interface/arda-orome/tests/a2a_mesh.rs,True,8688,264,source,False,False
crates/spine/interface/arda-orome/tests/commercial_delivery.rs,True,4947,130,source,False,False
crates/spine/interface/arda-orome/tests/governance_ledger.rs,True,2441,67,source,False,False
crates/spine/interface/arda-orome/tests/http_provider_transport.rs,True,5238,139,source,False,False
crates/spine/interface/arda-orome/tests/operator_bridge.rs,True,10472,274,source,False,False
crates/spine/interface/arda-orome/tests/personal_reminder.rs,True,7606,230,source,False,False
crates/spine/interface/arda-orome/tests/provider_orchestration.rs,True,6271,204,source,False,False
crates/spine/memory/INDEX.md,True,532,,documentation,False,False
crates/spine/memory/arda-vaire/BREAKDOWN.md,True,8142,,documentation,False,False
crates/spine/memory/arda-vaire/Cargo.toml,True,932,,config_asset_or_other,False,False
crates/spine/memory/arda-vaire/INDEX.md,True,351,,documentation,False,False
crates/spine/memory/arda-vaire/README.md,True,6087,,documentation,False,False
crates/spine/memory/arda-vaire/benches/recall_fidelity.rs,True,3040,88,source,False,False
crates/spine/memory/arda-vaire/src/INDEX.md,True,696,,documentation,False,False
crates/spine/memory/arda-vaire/src/README.md,True,411,,documentation,False,False
crates/spine/memory/arda-vaire/src/error.rs,True,1016,44,source,False,False
crates/spine/memory/arda-vaire/src/lib.rs,True,1147,34,source,False,False
crates/spine/memory/arda-vaire/src/persona/derive.rs,True,10974,306,source,False,False
crates/spine/memory/arda-vaire/src/persona/mod.rs,True,31,2,source,False,False
crates/spine/memory/arda-vaire/src/persona/types.rs,True,5556,172,source,False,False
crates/spine/memory/arda-vaire/src/retrieval_eval.rs,True,6453,198,source,False,False
crates/spine/memory/arda-vaire/src/schema.rs,True,746,12,source,False,False
crates/spine/memory/arda-vaire/src/service.rs,True,47658,1250,source,False,False
crates/spine/memory/arda-vaire/src/service/INDEX.md,True,743,,documentation,False,False
crates/spine/memory/arda-vaire/src/service/README.md,True,423,,documentation,False,False
crates/spine/memory/arda-vaire/src/service/context_capsule.rs,True,22525,587,source,False,False
crates/spine/memory/arda-vaire/src/service/context_outcome.rs,True,8403,242,source,False,False
crates/spine/memory/arda-vaire/src/service/context_outcome/replay_tests.rs,True,2406,53,source,False,False
crates/spine/memory/arda-vaire/src/service/continuity.rs,True,10853,298,source,False,False
crates/spine/memory/arda-vaire/src/service/governance.rs,True,34775,917,source,False,False
crates/spine/memory/arda-vaire/src/service/governed.rs,True,6819,180,source,False,False
crates/spine/memory/arda-vaire/src/service/organism_context.rs,True,12244,354,source,False,False
crates/spine/memory/arda-vaire/src/service/persona_derive.rs,True,13039,349,source,False,False
crates/spine/memory/arda-vaire/src/service/promotion.rs,True,13628,355,source,False,False
crates/spine/memory/arda-vaire/src/service/retention.rs,True,6749,201,source,False,False
crates/spine/memory/arda-vaire/src/service/retrieval.rs,True,23832,686,source,False,False
crates/spine/memory/arda-vaire/src/service/scope_policy.rs,True,7036,231,source,False,False
crates/spine/memory/arda-vaire/src/service/status.rs,True,6603,193,source,False,False
crates/spine/memory/arda-vaire/src/service/store.rs,True,24805,666,source,False,False
crates/spine/memory/arda-vaire/src/significance.rs,True,6635,222,source,False,False
crates/spine/memory/arda-vaire/src/transport/INDEX.md,True,627,,documentation,False,False
crates/spine/memory/arda-vaire/src/transport/README.md,True,427,,documentation,False,False
crates/spine/memory/arda-vaire/src/transport/http.rs,True,10064,290,source,False,False
crates/spine/memory/arda-vaire/src/transport/ipc.rs,True,10155,285,source,False,False
crates/spine/memory/arda-vaire/src/transport/mod.rs,True,3285,109,source,False,False
crates/spine/memory/arda-vaire/tests/INDEX.md,True,732,,documentation,False,False
crates/spine/memory/arda-vaire/tests/README.md,True,415,,documentation,False,False
crates/spine/memory/arda-vaire/tests/context_capsule.rs,True,18038,510,source,False,False
crates/spine/memory/arda-vaire/tests/durable_metrics.rs,True,3093,81,source,False,False
crates/spine/memory/arda-vaire/tests/fixtures/retrieval_equivalence_v1.json,True,2983,,config_asset_or_other,False,False
crates/spine/memory/arda-vaire/tests/knowledge_deltas.rs,True,5160,139,source,False,False
crates/spine/memory/arda-vaire/tests/organism_context.rs,True,4737,131,source,False,False
crates/spine/memory/arda-vaire/tests/public_flows.rs,True,2783,73,source,False,False
crates/spine/memory/arda-vaire/tests/retrieval_equivalence.rs,True,1824,62,source,False,False
crates/spine/memory/arda-vaire/tests/schema_migration.rs,True,3506,85,source,False,False
crates/spine/memory/arda-vaire/tests/soak_recovery.rs,True,4099,114,source,False,False
crates/spine/observability/INDEX.md,True,545,,documentation,False,False
crates/spine/observability/arda-aule/BREAKDOWN.md,True,6771,,documentation,False,False
crates/spine/observability/arda-aule/Cargo.toml,True,2892,,config_asset_or_other,False,False
crates/spine/observability/arda-aule/INDEX.md,True,1385,,documentation,False,False
crates/spine/observability/arda-aule/OWNERSHIP.md,True,1849,,documentation,False,False
crates/spine/observability/arda-aule/README.md,True,4007,,documentation,False,False
crates/spine/observability/arda-aule/STATUS.md,True,2511,,documentation,False,False
crates/spine/observability/arda-aule/src/ceo/core_link.rs,True,2424,88,source,False,False
crates/spine/observability/arda-aule/src/ceo/mod.rs,True,176,8,source,False,False
crates/spine/observability/arda-aule/src/ceo/pipeline.rs,True,5955,187,source,False,False
crates/spine/observability/arda-aule/src/ceo/router.rs,True,142,7,source,False,False
crates/spine/observability/arda-aule/src/cli/main.rs,True,48883,1432,source,False,False
crates/spine/observability/arda-aule/src/cli/metrics_exporter.rs,True,26757,677,source,False,False
crates/spine/observability/arda-aule/src/company_ops/mod.rs,True,1672,55,source,False,False
crates/spine/observability/arda-aule/src/company_ops/projection.rs,True,8415,245,source,False,False
crates/spine/observability/arda-aule/src/company_ops/store.rs,True,3361,100,source,False,False
crates/spine/observability/arda-aule/src/contract.rs,True,1764,55,source,False,False
crates/spine/observability/arda-aule/src/council.rs,True,4547,142,source,False,False
crates/spine/observability/arda-aule/src/governance_metrics.rs,True,3157,95,source,False,False
crates/spine/observability/arda-aule/src/lib.rs,True,4590,129,source,False,False
crates/spine/observability/arda-aule/src/presence_projection.rs,True,13416,405,source,False,False
crates/spine/observability/arda-aule/src/prometheus/autopilot/a2h.rs,True,16173,493,source,False,False
crates/spine/observability/arda-aule/src/prometheus/autopilot/bootstrap.rs,True,4676,142,source,False,False
crates/spine/observability/arda-aule/src/prometheus/autopilot/core_executor_bridge.rs,True,3385,124,source,False,False
crates/spine/observability/arda-aule/src/prometheus/autopilot/dashboard.rs,True,3096,104,source,False,False
crates/spine/observability/arda-aule/src/prometheus/autopilot/decomposer.rs,True,16341,555,source,False,False
crates/spine/observability/arda-aule/src/prometheus/autopilot/delegation.rs,True,6197,185,source,False,False
crates/spine/observability/arda-aule/src/prometheus/autopilot/evidence_registry.rs,True,6665,183,source,False,False
crates/spine/observability/arda-aule/src/prometheus/autopilot/execution_outcome.rs,True,12692,359,source,False,False
crates/spine/observability/arda-aule/src/prometheus/autopilot/executive_cycle.rs,True,18688,535,source,False,False
crates/spine/observability/arda-aule/src/prometheus/autopilot/governance_policy.rs,True,28475,790,source,False,False
crates/spine/observability/arda-aule/src/prometheus/autopilot/knowledge_triage.rs,True,77792,2148,source,False,False
crates/spine/observability/arda-aule/src/prometheus/autopilot/learning.rs,True,105,2,source,False,False
crates/spine/observability/arda-aule/src/prometheus/autopilot/learning_consumer.rs,True,24349,671,source,False,False
crates/spine/observability/arda-aule/src/prometheus/autopilot/mod.rs,True,4520,102,source,False,False
crates/spine/observability/arda-aule/src/prometheus/autopilot/oracle_gate.rs,True,9634,294,source,False,False
crates/spine/observability/arda-aule/src/prometheus/autopilot/outcomes.rs,True,6965,216,source,False,False
crates/spine/observability/arda-aule/src/prometheus/autopilot/pipeline_bridge.rs,True,3371,114,source,False,False
crates/spine/observability/arda-aule/src/prometheus/autopilot/planner.rs,True,8953,239,source,False,False
crates/spine/observability/arda-aule/src/prometheus/autopilot/queue_operation.rs,True,16094,485,source,False,False
crates/spine/observability/arda-aule/src/prometheus/autopilot/queue_writer.rs,True,11753,331,source,False,False
crates/spine/observability/arda-aule/src/prometheus/autopilot/reporting.rs,True,29410,845,source,False,False
crates/spine/observability/arda-aule/src/prometheus/autopilot/runner.rs,True,179641,4546,source,False,False
crates/spine/observability/arda-aule/src/prometheus/autopilot/schedule.rs,True,33783,919,source,False,False
crates/spine/observability/arda-aule/src/prometheus/autopilot/service_health.rs,True,10302,320,source,False,False
crates/spine/observability/arda-aule/src/prometheus/autopilot/source_registry.rs,True,4487,127,source,False,False
crates/spine/observability/arda-aule/src/prometheus/autopilot/task_queue.rs,True,318049,8155,source,False,False
crates/spine/observability/arda-aule/src/prometheus/autopilot/taxonomy.rs,True,2127,61,source,False,False
crates/spine/observability/arda-aule/src/prometheus/autopilot/validator.rs,True,8436,258,source,False,False
crates/spine/observability/arda-aule/src/prometheus/autopilot/workbench_executor.rs,True,285941,7082,source,False,False
crates/spine/observability/arda-aule/src/prometheus/autopilot/workbench_executor/provider_transport.rs,True,2218,56,source,False,False
crates/spine/observability/arda-aule/src/prometheus/autopilot/workbench_executor/runtime_admission.rs,False,2967,84,source,False,False
crates/spine/observability/arda-aule/src/prometheus/autopilot/workbench_executor/strict_value.rs,True,3498,85,source,False,False
crates/spine/observability/arda-aule/src/prometheus/autopilot/workbench_executor/workspace_authority.rs,True,10101,281,source,False,False
crates/spine/observability/arda-aule/src/prometheus/autopilot/workbench_executor/workspace_authority/tests.rs,True,19881,483,source,False,False
crates/spine/observability/arda-aule/src/prometheus/autopilot/workbench_executor/workspace_authority/tests/recovery.rs,True,8425,195,source,False,False
crates/spine/observability/arda-aule/src/prometheus/core_link.rs,True,88119,2182,source,False,False
crates/spine/observability/arda-aule/src/prometheus/core_link/arda.rs,True,42189,951,source,False,False
crates/spine/observability/arda-aule/src/prometheus/core_link/chronos.rs,True,2781,63,source,False,False
crates/spine/observability/arda-aule/src/prometheus/core_link/fleet.rs,True,31808,765,source,False,False
crates/spine/observability/arda-aule/src/prometheus/core_link/governance_runtime.rs,True,15556,383,source,False,False
crates/spine/observability/arda-aule/src/prometheus/core_link/hermes_command.rs,True,8617,245,source,False,False
crates/spine/observability/arda-aule/src/prometheus/core_link/human_context.rs,True,10346,243,source,False,False
crates/spine/observability/arda-aule/src/prometheus/core_link/io.rs,True,13384,393,source,False,False
crates/spine/observability/arda-aule/src/prometheus/core_link/memory.rs,True,13943,387,source,False,False
crates/spine/observability/arda-aule/src/prometheus/core_link/operations_flow.rs,True,19290,514,source,False,False
crates/spine/observability/arda-aule/src/prometheus/core_link/operator_actions.rs,True,10415,261,source,False,False
crates/spine/observability/arda-aule/src/prometheus/core_link/package_enablement.rs,True,11487,274,source,False,False
crates/spine/observability/arda-aule/src/prometheus/core_link/paperclip.rs,True,15608,378,source,False,False
crates/spine/observability/arda-aule/src/prometheus/core_link/snapshot.rs,True,11627,112,source,False,False
crates/spine/observability/arda-aule/src/prometheus/core_link/soterion.rs,True,9923,287,source,False,False
crates/spine/observability/arda-aule/src/prometheus/core_link/storage_pressure.rs,True,5570,147,source,False,False
crates/spine/observability/arda-aule/src/prometheus/core_link/support.rs,True,17766,528,source,False,False
crates/spine/observability/arda-aule/src/prometheus/core_link/topology.rs,True,22548,561,source,False,False
crates/spine/observability/arda-aule/src/prometheus/core_link/warden.rs,True,31365,872,source,False,False
crates/spine/observability/arda-aule/src/prometheus/council.rs,True,7214,224,source,False,False
crates/spine/observability/arda-aule/src/prometheus/error.rs,True,1103,36,source,False,False
crates/spine/observability/arda-aule/src/prometheus/heartbeat.rs,True,3967,129,source,False,False
crates/spine/observability/arda-aule/src/prometheus/mod.rs,True,691,23,source,False,False
crates/spine/observability/arda-aule/src/prometheus/orders.rs,True,18971,529,source,False,False
crates/spine/observability/arda-aule/src/prometheus/planner.rs,True,9767,269,source,False,False
crates/spine/observability/arda-aule/src/prometheus/queue_authority.rs,True,2044,67,source,False,False
crates/spine/observability/arda-aule/src/prometheus/registry.rs,True,6968,225,source,False,False
crates/spine/observability/arda-aule/src/prometheus/router.rs,True,142,7,source,False,False
crates/spine/observability/arda-aule/src/prometheus/service.rs,True,17286,436,source,False,False
crates/spine/observability/arda-aule/src/prometheus/service/drift.rs,True,5325,132,source,False,False
crates/spine/observability/arda-aule/src/prometheus/service/execution_intents.rs,True,16453,437,source,False,False
crates/spine/observability/arda-aule/src/prometheus/service/runtime.rs,True,6027,166,source,False,False
crates/spine/observability/arda-aule/src/prometheus/service/status.rs,True,7184,199,source,False,False
crates/spine/observability/arda-aule/src/prometheus/service/support.rs,True,2367,79,source,False,False
crates/spine/observability/arda-aule/src/prometheus/thought.rs,True,5412,179,source,False,False
crates/spine/observability/arda-aule/src/prometheus/transport/http.rs,True,19224,572,source,False,False
crates/spine/observability/arda-aule/src/prometheus/transport/ipc.rs,True,9005,257,source,False,False
crates/spine/observability/arda-aule/src/prometheus/transport/mod.rs,True,2609,89,source,False,False
crates/spine/observability/arda-aule/src/service.rs,True,1879,59,source,False,False
crates/spine/observability/arda-aule/src/telemetry/config.rs,True,3441,104,source,False,False
crates/spine/observability/arda-aule/src/telemetry/events.rs,True,1504,43,source,False,False
crates/spine/observability/arda-aule/src/telemetry/mod.rs,True,3304,122,source,False,False
crates/spine/observability/arda-aule/src/telemetry/tracer.rs,True,1965,61,source,False,False
crates/spine/observability/arda-aule/tests/autopilot_surface.rs,True,539,18,source,False,False
crates/spine/observability/arda-aule/tests/ceo_surface.rs,True,1087,34,source,False,False
crates/spine/observability/arda-aule/tests/company_ops.rs,True,7141,209,source,False,False
crates/spine/observability/arda-aule/tests/contract_smoke.rs,True,649,20,source,False,False
crates/spine/observability/arda-aule/tests/council_surface.rs,True,826,23,source,False,False
crates/spine/observability/arda-aule/tests/council_surface_full.rs,True,1638,44,source,False,False
crates/spine/observability/arda-aule/tests/governance_cli.rs,True,2485,81,source,False,False
crates/spine/observability/arda-aule/tests/metrics_exporter_cli.rs,True,3393,72,source,False,False
crates/spine/observability/arda-aule/tests/retired_autopilot_cli.rs,True,1083,28,source,False,False
crates/spine/observability/arda-aule/tests/retired_queue_writers.rs,True,5041,144,source,False,False
crates/spine/observability/arda-aule/tests/stage6_arandur_ceo_cycle.rs,True,11761,281,source,False,False
crates/spine/observability/arda-aule/tests/telemetry_surface.rs,True,5040,142,source,False,False
crates/spine/runtime/INDEX.md,True,565,,documentation,False,False
crates/spine/runtime/arda-economics/BREAKDOWN.md,True,6519,,documentation,False,False
crates/spine/runtime/arda-economics/Cargo.toml,True,767,,config_asset_or_other,False,False
crates/spine/runtime/arda-economics/INDEX.md,True,1498,,documentation,False,False
crates/spine/runtime/arda-economics/OWNERSHIP.md,True,937,,documentation,False,False
crates/spine/runtime/arda-economics/README.md,True,1960,,documentation,False,False
crates/spine/runtime/arda-economics/STATUS.md,True,1652,,documentation,False,False
crates/spine/runtime/arda-economics/src/economics.rs,True,7471,264,source,False,False
crates/spine/runtime/arda-economics/src/error.rs,True,1126,40,source,False,False
crates/spine/runtime/arda-economics/src/joule_work.rs,True,16343,472,source,False,False
crates/spine/runtime/arda-economics/src/ledger.rs,True,3255,107,source,False,False
crates/spine/runtime/arda-economics/src/lib.rs,True,854,26,source,False,False
crates/spine/runtime/arda-economics/src/love_equation.rs,True,6155,205,source,False,False
crates/spine/runtime/arda-economics/src/meter.rs,True,29495,874,source,False,False
crates/spine/runtime/arda-economics/src/service.rs,True,27353,767,source,False,False
crates/spine/runtime/arda-economics/src/transport/INDEX.md,True,629,,documentation,False,False
crates/spine/runtime/arda-economics/src/transport/README.md,True,433,,documentation,False,False
crates/spine/runtime/arda-economics/src/transport/finance_stream.rs,True,7547,206,source,False,False
crates/spine/runtime/arda-economics/src/transport/http.rs,True,9601,296,source,False,False
crates/spine/runtime/arda-economics/src/transport/ipc.rs,True,9737,259,source,False,False
crates/spine/runtime/arda-economics/src/transport/mod.rs,True,4016,131,source,False,False
crates/spine/runtime/arda-mandos/BREAKDOWN.md,True,6306,,documentation,False,False
crates/spine/runtime/arda-mandos/Cargo.toml,True,894,,config_asset_or_other,False,False
crates/spine/runtime/arda-mandos/INDEX.md,True,1697,,documentation,False,False
crates/spine/runtime/arda-mandos/OWNERSHIP.md,True,1500,,documentation,False,False
crates/spine/runtime/arda-mandos/README.md,True,3513,,documentation,False,False
crates/spine/runtime/arda-mandos/STATUS.md,True,1557,,documentation,False,False
crates/spine/runtime/arda-mandos/src/context.rs,True,27839,848,source,False,False
crates/spine/runtime/arda-mandos/src/evidence.rs,True,10689,375,source,False,False
crates/spine/runtime/arda-mandos/src/lib.rs,True,1822,44,source,False,False
crates/spine/runtime/arda-mandos/src/notify.rs,True,2347,81,source,False,False
crates/spine/runtime/arda-mandos/src/pageindex.rs,True,14978,455,source,False,False
crates/spine/runtime/arda-mandos/src/reasoning.rs,True,87865,2454,source,False,False
crates/spine/runtime/arda-mandos/src/rumil.rs,True,2320,62,source,False,False
crates/spine/runtime/arda-mandos/src/scoring.rs,True,5491,173,source,False,False
crates/spine/runtime/arda-mandos/src/service.rs,True,54062,1436,source,False,False
crates/spine/runtime/arda-mandos/src/transport/dispatch.rs,True,8517,272,source,False,False
crates/spine/runtime/arda-mandos/src/transport/http.rs,True,14141,404,source,False,False
crates/spine/runtime/arda-mandos/src/transport/ipc.rs,True,12389,357,source,False,False
crates/spine/runtime/arda-mandos/src/transport/mod.rs,True,6054,190,source,False,False
crates/spine/runtime/arda-mandos/tests/rumil_evidence_contract.rs,True,2548,65,source,False,False
crates/spine/runtime/arda-mandos/tests/target_local.rs,True,2213,60,source,False,False
crates/spine/runtime/arda-rumil/BREAKDOWN.md,True,2001,,documentation,False,False
crates/spine/runtime/arda-rumil/Cargo.toml,True,1039,,config_asset_or_other,False,False
crates/spine/runtime/arda-rumil/INDEX.md,True,1055,,documentation,False,False
crates/spine/runtime/arda-rumil/OWNERSHIP.md,True,1466,,documentation,False,False
crates/spine/runtime/arda-rumil/README.md,True,3262,,documentation,False,False
crates/spine/runtime/arda-rumil/STATUS.md,True,1647,,documentation,False,False
crates/spine/runtime/arda-rumil/profiles/arda-v1.toml,True,877,,config_asset_or_other,False,False
crates/spine/runtime/arda-rumil/profiles/generic-mixed-v1.toml,True,959,,config_asset_or_other,False,False
crates/spine/runtime/arda-rumil/profiles/generic-node-v1.toml,True,731,,config_asset_or_other,False,False
crates/spine/runtime/arda-rumil/profiles/generic-python-v1.toml,True,766,,config_asset_or_other,False,False
crates/spine/runtime/arda-rumil/profiles/generic-rust-v1.toml,True,868,,config_asset_or_other,False,False
crates/spine/runtime/arda-rumil/src/adapters/cargo.rs,True,7480,213,source,False,False
crates/spine/runtime/arda-rumil/src/adapters/generic.rs,True,1565,53,source,False,False
crates/spine/runtime/arda-rumil/src/adapters/git.rs,True,6621,197,source,False,False
crates/spine/runtime/arda-rumil/src/adapters/mod.rs,True,3525,113,source,False,False
crates/spine/runtime/arda-rumil/src/baseline.rs,True,7909,218,source,False,False
crates/spine/runtime/arda-rumil/src/comparison.rs,True,3647,110,source,False,False
crates/spine/runtime/arda-rumil/src/constants.rs,True,2095,47,source,False,False
crates/spine/runtime/arda-rumil/src/contracts.rs,True,16806,538,source,False,False
crates/spine/runtime/arda-rumil/src/error.rs,True,3052,115,source,False,False
crates/spine/runtime/arda-rumil/src/evaluation.rs,True,4642,140,source,False,False
crates/spine/runtime/arda-rumil/src/findings.rs,True,4583,144,source,False,False
crates/spine/runtime/arda-rumil/src/hash.rs,True,1879,63,source,False,False
crates/spine/runtime/arda-rumil/src/inventory.rs,True,15718,459,source,False,False
crates/spine/runtime/arda-rumil/src/lib.rs,True,4308,85,source,False,False
crates/spine/runtime/arda-rumil/src/organization.rs,True,13620,409,source,False,False
crates/spine/runtime/arda-rumil/src/policy.rs,True,2329,83,source,False,False
crates/spine/runtime/arda-rumil/src/profile.rs,True,6986,204,source,False,False
crates/spine/runtime/arda-rumil/src/providers/cargo_commands.rs,True,253,10,source,False,False
crates/spine/runtime/arda-rumil/src/providers/mod.rs,True,4152,126,source,False,False
crates/spine/runtime/arda-rumil/src/providers/module_structure.rs,True,331,11,source,False,False
crates/spine/runtime/arda-rumil/src/providers/runner.rs,True,10298,281,source,False,False
crates/spine/runtime/arda-rumil/src/providers/security.rs,True,434,19,source,False,False
crates/spine/runtime/arda-rumil/src/providers/source.rs,True,4126,125,source,False,False
crates/spine/runtime/arda-rumil/src/tree.rs,True,2138,59,source,False,False
crates/spine/runtime/arda-rumil/tests/adapter_contract.rs,True,6881,211,source,False,False
crates/spine/runtime/arda-rumil/tests/contract_compliance.rs,True,7431,193,source,False,False
crates/spine/runtime/arda-rumil/tests/evidence_consumer_contract.rs,True,4112,123,source,False,False
crates/spine/runtime/arda-rumil/tests/findings_comparison_contract.rs,True,9665,245,source,False,False
crates/spine/runtime/arda-rumil/tests/inventory_contract.rs,True,9967,304,source,False,False
crates/spine/runtime/arda-rumil/tests/organization_contract.rs,True,8559,285,source,False,False
crates/spine/runtime/arda-rumil/tests/profile_generalization_contract.rs,True,3677,108,source,False,False
crates/spine/runtime/arda-rumil/tests/provider_contract.rs,True,7657,220,source,False,False
crates/spine/runtime/manwe/BREAKDOWN.md,True,3759,,documentation,False,False
crates/spine/runtime/manwe/Cargo.toml,True,1220,,config_asset_or_other,False,False
crates/spine/runtime/manwe/PROVIDERS.md,True,2773,,documentation,False,False
crates/spine/runtime/manwe/README.md,True,4126,,documentation,False,False
crates/spine/runtime/manwe/STATUS.md,True,3617,,documentation,False,False
crates/spine/runtime/manwe/src/INDEX.md,True,524,,documentation,False,False
crates/spine/runtime/manwe/src/README.md,True,764,,documentation,False,False
crates/spine/runtime/manwe/src/adaptive/error.rs,True,1357,59,source,False,False
crates/spine/runtime/manwe/src/adaptive/mod.rs,True,134,8,source,False,False
crates/spine/runtime/manwe/src/adaptive/routing_adapter.rs,True,1046,36,source,False,False
crates/spine/runtime/manwe/src/adaptive/service/full/adaptive_routing.rs,True,29797,881,source,False,False
crates/spine/runtime/manwe/src/adaptive/service/full/agent_quotas.rs,True,5189,163,source,False,False
crates/spine/runtime/manwe/src/adaptive/service/full/bandit.rs,True,4868,161,source,False,False
crates/spine/runtime/manwe/src/adaptive/service/full/bootstrap.rs,True,1256,38,source,False,False
crates/spine/runtime/manwe/src/adaptive/service/full/bootstrap_defaults.rs,True,19485,495,source,False,False
crates/spine/runtime/manwe/src/adaptive/service/full/bootstrap_overlay.rs,True,48872,1386,source,False,False
crates/spine/runtime/manwe/src/adaptive/service/full/bootstrap_runtime.rs,True,5581,167,source,False,False
crates/spine/runtime/manwe/src/adaptive/service/full/capabilities.rs,True,16453,465,source,False,False
crates/spine/runtime/manwe/src/adaptive/service/full/catalog_reconciliation.rs,True,21065,588,source,False,False
crates/spine/runtime/manwe/src/adaptive/service/full/codex_responses_driver.rs,True,28915,829,source,False,False
crates/spine/runtime/manwe/src/adaptive/service/full/echo_gate.rs,True,15507,462,source,False,False
crates/spine/runtime/manwe/src/adaptive/service/full/event_writer.rs,True,6820,186,source,False,False
crates/spine/runtime/manwe/src/adaptive/service/full/health_probe.rs,True,5710,145,source,False,False
crates/spine/runtime/manwe/src/adaptive/service/full/hermes_cli_driver.rs,True,16419,506,source,False,False
crates/spine/runtime/manwe/src/adaptive/service/full/hermes_proxy_driver.rs,True,7792,239,source,False,False
crates/spine/runtime/manwe/src/adaptive/service/full/http_clients.rs,True,2087,56,source,False,False
crates/spine/runtime/manwe/src/adaptive/service/full/metrics.rs,True,11835,319,source,False,False
crates/spine/runtime/manwe/src/adaptive/service/full/observability.rs,True,28956,742,source,False,False
crates/spine/runtime/manwe/src/adaptive/service/full/paths.rs,True,621,24,source,False,False
crates/spine/runtime/manwe/src/adaptive/service/full/provider_admin.rs,True,12631,352,source,False,False
crates/spine/runtime/manwe/src/adaptive/service/full/proxy.rs,True,70595,1696,source,False,False
crates/spine/runtime/manwe/src/adaptive/service/full/route_candidate_cache.rs,True,11621,329,source,False,False
crates/spine/runtime/manwe/src/adaptive/service/full/route_policy.rs,True,66591,1927,source,False,False
crates/spine/runtime/manwe/src/adaptive/service/full/route_policy_tests.rs,True,100059,2948,source,False,False
crates/spine/runtime/manwe/src/adaptive/service/full/route_scoring.rs,True,32660,999,source,False,False
crates/spine/runtime/manwe/src/adaptive/service/full/route_selection.rs,True,79485,2170,source,False,False
crates/spine/runtime/manwe/src/adaptive/service/full/route_sessions.rs,True,3806,120,source,False,False
crates/spine/runtime/manwe/src/adaptive/service/full/routing.rs,True,31090,968,source,False,False
crates/spine/runtime/manwe/src/adaptive/service/full/runtime_state.rs,True,33862,890,source,False,False
crates/spine/runtime/manwe/src/adaptive/service/full/service_events.rs,True,5930,195,source,False,False
crates/spine/runtime/manwe/src/adaptive/service/full/state_io.rs,True,3954,132,source,False,False
crates/spine/runtime/manwe/src/adaptive/service/full/state_mutation.rs,True,36766,1006,source,False,False
crates/spine/runtime/manwe/src/adaptive/service/full/status.rs,True,25912,725,source,False,False
crates/spine/runtime/manwe/src/adaptive/service/full/tests.rs,True,92282,2731,source,False,False
crates/spine/runtime/manwe/src/adaptive/service/full_service.rs,True,41260,1039,source,False,False
crates/spine/runtime/manwe/src/adaptive/service/mod.rs,True,29,1,source,False,False
crates/spine/runtime/manwe/src/adaptive/service/types.rs,True,221,6,source,False,False
crates/spine/runtime/manwe/src/adaptive/transport/http.rs,True,150991,4172,source,False,False
crates/spine/runtime/manwe/src/adaptive/transport/ipc.rs,True,9384,248,source,False,False
crates/spine/runtime/manwe/src/adaptive/transport/mod.rs,True,3127,101,source,False,False
crates/spine/runtime/manwe/src/adaptive/types.rs,True,243,6,source,False,False
crates/spine/runtime/manwe/src/config.rs,True,9327,258,source,False,False
crates/spine/runtime/manwe/src/error.rs,True,1411,61,source,False,False
crates/spine/runtime/manwe/src/lib.rs,True,247,11,source,False,False
crates/spine/runtime/manwe/src/main.rs,True,3706,123,source,False,False
crates/spine/runtime/manwe/src/routing_adapter.rs,True,933,33,source,False,False
crates/spine/runtime/manwe/src/types.rs,True,12912,372,source,False,False
crates/spine/runtime/manwe/tests/.gitignore,True,23,,config_asset_or_other,False,False
crates/spine/runtime/manwe/tests/check_docs.py,True,3216,92,source,False,False
crates/spine/runtime/manwe/tests/process_smoke.py,True,7340,211,source,False,False
data/apollo/interruptions.jsonl,True,1874,,runtime_or_personal_data,False,False
data/arandur/executive_cycles.jsonl,True,14235,,runtime_or_personal_data,False,False
data/archive/autopilot/annunimas-stale-20260813T191625Z/autopilot.state.json,True,7077,,runtime_or_personal_data,False,False
data/archive/autopilot/annunimas-stale-20260813T191625Z/manifest.json,True,1064,,runtime_or_personal_data,False,False
data/archive/autopilot/annunimas-stale-20260813T191625Z/project_task_executor.json,True,12736,,runtime_or_personal_data,False,False
data/archive/runtime-proofs/incomplete-20260813/queue-runtime-proof-20260813/checkpoint.json,True,3375,,runtime_or_personal_data,False,False
data/archive/runtime-proofs/incomplete-20260813/queue-runtime-proof-20260813/events.jsonl,True,2944,,runtime_or_personal_data,False,False
data/arda/acceptance/m4/project-a-v2/README.acceptance,True,47,,runtime_or_personal_data,False,False
data/arda/acceptance/m4/project-a-v3/README.acceptance,True,47,,runtime_or_personal_data,False,False
data/arda/acceptance/m4/project-a-v4/README.acceptance,True,76,,runtime_or_personal_data,False,False
data/arda/acceptance/m4/project-a-v5/README.acceptance,True,41,,runtime_or_personal_data,False,False
data/arda/acceptance/m4/project-a/acceptance.txt,True,50,,runtime_or_personal_data,False,False
data/arda/acceptance/m4/project-b-v2/README.acceptance,True,47,,runtime_or_personal_data,False,False
data/arda/acceptance/m4/project-b-v3/README.acceptance,True,47,,runtime_or_personal_data,False,False
data/arda/acceptance/m4/project-b-v4/README.acceptance,True,76,,runtime_or_personal_data,False,False
data/arda/acceptance/m4/project-b-v5/README.acceptance,True,41,,runtime_or_personal_data,False,False
data/arda/acceptance/m4/project-b/acceptance.txt,True,50,,runtime_or_personal_data,False,False
data/arda/objectives.sqlite3,True,757760,,runtime_or_personal_data,False,False
data/arda/objectives.sqlite3.authority.json,True,101,,runtime_or_personal_data,False,False
data/arda/objectives.sqlite3.bak,True,610304,,runtime_or_personal_data,False,False
data/arda/objectives.sqlite3.bak-shm,False,32768,,runtime_or_personal_data,False,False
data/arda/objectives.sqlite3.bak-wal,False,0,,runtime_or_personal_data,False,False
data/assimilation/candidates.jsonl,True,23920,,runtime_or_personal_data,False,False
data/athena/books/src_279bd805.jsonl,True,2139,,runtime_or_personal_data,False,False
data/athena/books/src_50671138.jsonl,True,588,,runtime_or_personal_data,False,False
data/athena/books/src_9e2d5d03.jsonl,True,2113,,runtime_or_personal_data,False,False
data/athena/books/src_a39e1393.jsonl,True,15019,,runtime_or_personal_data,False,False
data/athena/books/src_b4a98f51.jsonl,True,2176,,runtime_or_personal_data,False,False
data/athena/books/src_cbde3f74.jsonl,True,2172,,runtime_or_personal_data,False,False
data/athena/books/src_d89a82e3.jsonl,True,2186,,runtime_or_personal_data,False,False
data/athena/books/src_df615b81.jsonl,True,586,,runtime_or_personal_data,False,False
data/athena/books/src_ecdd327c.jsonl,True,2171,,runtime_or_personal_data,False,False
data/athena/cache/deep_analysis/3a4d91e7f84566870accac90ebfe56dc2fb865e0696d0214b3e6597708b96940.json,True,1904,,runtime_or_personal_data,False,False
data/athena/cache/deep_analysis/53e0026e7b09b1b235765ede90cb18d49dbf1d09d68ce22d10c9ebba4f2dfbd1.json,True,1878,,runtime_or_personal_data,False,False
data/athena/cache/deep_analysis/6ea8efbb67c94d41ddabdb12993deac7cfa0e43f877289173020f27078379b55.json,True,1945,,runtime_or_personal_data,False,False
data/athena/cache/deep_analysis/a80287a66ca9fb077bcd290089581459f8f8dbfb255d7b6cd1401f7fee07f9c0.json,True,1941,,runtime_or_personal_data,False,False
data/athena/cache/deep_analysis/c00fe7ef8975f42348319ce3a60596285cc70e98a1a72f631e7ef85774d2e8cf.json,True,1955,,runtime_or_personal_data,False,False
data/athena/cache/deep_analysis/e691b83059ca20e822c1a6f9d3e97d731cccd2557f42f60a09ef3534c54f2045.json,True,1947,,runtime_or_personal_data,False,False
data/athena/cache/deep_analysis/f8598b182e70ad2842d4e52f42d5b221f79972e9c2ba0ea5a9bda62385f1a023.json,True,3464,,runtime_or_personal_data,False,False
data/athena/crawl_receipts.jsonl,True,10997,,runtime_or_personal_data,False,False
data/athena/crawls/src_279bd805.md,True,7478,,runtime_or_personal_data,False,False
data/athena/crawls/src_9e2d5d03.md,True,2689,,runtime_or_personal_data,False,False
data/athena/crawls/src_a39e1393.md,True,8304,,runtime_or_personal_data,False,False
data/athena/crawls/src_b4a98f51.md,True,120693,,runtime_or_personal_data,False,False
data/athena/crawls/src_cbde3f74.md,True,24807,,runtime_or_personal_data,False,False
data/athena/crawls/src_d89a82e3.md,True,187,,runtime_or_personal_data,False,False
data/athena/crawls/src_ecdd327c.md,True,30602,,runtime_or_personal_data,False,False
data/athena/deep_graph.jsonl,True,9987,,runtime_or_personal_data,False,False
data/athena/deep_queue.jsonl,True,1722,,runtime_or_personal_data,False,False
data/athena/digest-index-v1.json,True,7555,,runtime_or_personal_data,False,False
data/athena/digest-index-v1.lock,True,0,,runtime_or_personal_data,False,False
data/athena/digest.jsonl,True,34296,,runtime_or_personal_data,False,False
data/athena/external_source_lane_ledger.jsonl,True,459,,runtime_or_personal_data,False,False
data/athena/planning_task_receipts.jsonl,True,0,,runtime_or_personal_data,False,False
data/athena/policy_readiness.jsonl,True,3960,,runtime_or_personal_data,False,False
data/athena/scholarly_reenrichment.jsonl,True,0,,runtime_or_personal_data,False,False
data/athena/uncertainty_selections.jsonl,True,0,,runtime_or_personal_data,False,False
data/ceo/a2h.pending.jsonl,True,3790,,runtime_or_personal_data,False,False
data/ceo/autopilot.governed.state.json,True,7990298,,runtime_or_personal_data,False,False
data/ceo/heartbeats.jsonl,True,3381156,,runtime_or_personal_data,False,False
data/ceo/learning.json,True,1821,,runtime_or_personal_data,False,False
data/ceo/outcomes.cursor.json,True,9744,,runtime_or_personal_data,False,False
data/ceo/pipeline_ledger/ledger_2026-08-27.jsonl,True,8368,,runtime_or_personal_data,False,False
data/ceo/pipeline_ledger/ledger_2026-08-28.jsonl,True,2810,,runtime_or_personal_data,False,False
data/ceo/pipeline_ledger/ledger_2026-08-30.jsonl,True,60168,,runtime_or_personal_data,False,False
data/ceo/pipeline_ledger/ledger_2026-08-31.jsonl,True,355761,,runtime_or_personal_data,False,False
data/ceo/pipeline_ledger/ledger_2026-09-01.jsonl,True,431139,,runtime_or_personal_data,False,False
data/ceo/pipeline_ledger/ledger_2026-09-02.jsonl,True,428121,,runtime_or_personal_data,False,False
data/ceo/pipeline_ledger/ledger_2026-09-03.jsonl,True,425097,,runtime_or_personal_data,False,False
data/ceo/pipeline_ledger/ledger_2026-09-04.jsonl,True,379884,,runtime_or_personal_data,False,False
data/ceo/pipeline_ledger/ledger_2026-09-07.jsonl,True,66330,,runtime_or_personal_data,False,False
data/ceo/pipeline_ledger/ledger_2026-09-08.jsonl,True,428130,,runtime_or_personal_data,False,False
data/ceo/pipeline_ledger/ledger_2026-09-09.jsonl,True,428127,,runtime_or_personal_data,False,False
data/ceo/pipeline_ledger/ledger_2026-09-10.jsonl,True,346722,,runtime_or_personal_data,False,False
data/ceo/pipeline_ledger/ledger_2026-09-11.jsonl,True,313554,,runtime_or_personal_data,False,False
data/ceo/pipeline_ledger/ledger_2026-09-12.jsonl,True,428130,,runtime_or_personal_data,False,False
data/ceo/pipeline_ledger/ledger_2026-09-13.jsonl,True,425115,,runtime_or_personal_data,False,False
data/ceo/pipeline_ledger/ledger_2026-09-14.jsonl,True,15075,,runtime_or_personal_data,False,False
data/ceo/reports/daily_2026-08-27.md,True,2440,,runtime_or_personal_data,False,False
data/ceo/reports/daily_2026-08-28.md,True,2413,,runtime_or_personal_data,False,False
data/ceo/reports/daily_2026-08-29.md,True,2413,,runtime_or_personal_data,False,False
data/ceo/reports/daily_2026-08-30.md,True,2562,,runtime_or_personal_data,False,False
data/ceo/reports/daily_2026-08-31.md,True,2676,,runtime_or_personal_data,False,False
data/ceo/reports/daily_2026-09-01.md,True,2745,,runtime_or_personal_data,False,False
data/ceo/reports/daily_2026-09-02.md,True,2695,,runtime_or_personal_data,False,False
data/ceo/reports/daily_2026-09-03.md,True,2700,,runtime_or_personal_data,False,False
data/ceo/reports/daily_2026-09-04.md,True,2700,,runtime_or_personal_data,False,False
data/ceo/reports/daily_2026-09-07.md,True,2719,,runtime_or_personal_data,False,False
data/ceo/reports/daily_2026-09-08.md,True,2720,,runtime_or_personal_data,False,False
data/ceo/reports/daily_2026-09-09.md,True,2720,,runtime_or_personal_data,False,False
data/ceo/reports/daily_2026-09-10.md,True,2721,,runtime_or_personal_data,False,False
data/ceo/reports/daily_2026-09-11.md,True,2721,,runtime_or_personal_data,False,False
data/ceo/reports/daily_2026-09-12.md,True,2721,,runtime_or_personal_data,False,False
data/ceo/reports/daily_2026-09-13.md,True,2722,,runtime_or_personal_data,False,False
data/ceo/reports/daily_2026-09-14.md,True,2722,,runtime_or_personal_data,False,False
data/ceo/reports/weekly_2026-W35.md,True,1303,,runtime_or_personal_data,False,False
data/ceo/reports/weekly_2026-W36.md,True,1377,,runtime_or_personal_data,False,False
data/ceo/reports/weekly_2026-W37.md,True,1383,,runtime_or_personal_data,False,False
data/ceo/reports/weekly_2026-W38.md,True,1383,,runtime_or_personal_data,False,False
data/charon_route_smoke_history.jsonl,True,95524,,runtime_or_personal_data,False,False
data/comm/a2h.jsonl,True,2270,,runtime_or_personal_data,False,False
data/council/agent_conversations.jsonl,True,1713879,,runtime_or_personal_data,False,False
data/hades/action_queue.jsonl,True,577200,,runtime_or_personal_data,False,False
data/hades/autonomy_cleanup_approval_packets.json,True,485,,runtime_or_personal_data,False,False
data/hades/markdown_link_check_last.md,True,300,,runtime_or_personal_data,False,False
data/hades/nightly_operations_history.jsonl,True,14354,,runtime_or_personal_data,False,False
data/knowledge/athena/index/sources.jsonl,True,1506481,,runtime_or_personal_data,False,False
data/locks/workbench-outcome-projection.lock,True,0,,runtime_or_personal_data,False,False
data/media/imports/255f281d2a387af5e104184ab347fbf867c02b18e5f4588f625c4c1787b7bc85,True,3538347,,runtime_or_personal_data,False,False
data/media/imports/8e50fa21d85fe335d64f625ca262277fe39e48ef8ddc96fd4eeaa4ef4257b00b,True,434336,,runtime_or_personal_data,False,False
data/mnemosyne/chain_head,True,64,,runtime_or_personal_data,False,False
data/mnemosyne/episodic/2026-07/mem_00751744ddfd4418aebe27907a00608c.jsonl,True,645,,runtime_or_personal_data,False,False
data/mnemosyne/episodic/2026-07/mem_0086626825bb42cfb6ad35a01043705f.jsonl,True,715,,runtime_or_personal_data,False,False
data/mnemosyne/episodic/2026-07/mem_00a856fe318847c28dc8c7b5c587a52a.jsonl,True,746,,runtime_or_personal_data,False,False
data/mnemosyne/episodic/2026-07/mem_00eca2d040f84d86b899592f34aced35.jsonl,True,734,,runtime_or_personal_data,False,False
data/mnemosyne/episodic/2026-07/mem_01c2b464b59543f5b4348182bc9a5014.jsonl,True,710,,runtime_or_personal_data,False,False
data/mnemosyne/episodic/2026-07/mem_01fc94542adf46af9ff8742887d9dc6f.jsonl,True,714,,runtime_or_personal_data,False,False
data/mnemosyne/episodic/2026-07/mem_021b9802c4394c38a6c7802a16500447.jsonl,True,645,,runtime_or_personal_data,False,False
data/mnemosyne/episodic/2026-07/mem_03063c44808243e5894acbddcd8faea8.jsonl,True,710,,runtime_or_personal_data,False,False
data/mnemosyne/episodic/2026-07/mem_0609ce86bfc849c8a235d1f0b006be04.jsonl,True,714,,runtime_or_personal_data,False,False
data/mnemosyne/episodic/2026-07/mem_0976838568234d57b5d0b872a27a12a9.jsonl,True,714,,runtime_or_personal_data,False,False
data/mnemosyne/episodic/2026-07/mem_0a0bc45169c648de9ee5848a3f03938a.jsonl,True,752,,runtime_or_personal_data,False,False
data/mnemosyne/episodic/2026-07/mem_0c3a103df16148eda9a334aa491c5c7a.jsonl,True,721,,runtime_or_personal_data,False,False
data/mnemosyne/episodic/2026-07/mem_0c8e4c5a15914c4a835a42b98a4349f9.jsonl,True,711,,runtime_or_personal_data,False,False
data/mnemosyne/episodic/2026-07/mem_0ebcd974c16e4493bb246f7682b81a16.jsonl,True,715,,runtime_or_personal_data,False,False
data/mnemosyne/episodic/2026-07/mem_0f8c192503044e6da218dad3318f2636.jsonl,True,792,,runtime_or_personal_data,False,False
data/mnemosyne/episodic/2026-07/mem_0fa05c2400584465a0c3938c2122721c.jsonl,True,775,,runtime_or_personal_data,False,False
data/mnemosyne/episodic/2026-07/mem_0fc4b868d45b4b74a4f7a9d5d3d99824.jsonl,True,715,,runtime_or_personal_data,False,False
data/mnemosyne/episodic/2026-07/mem_112ad33cd33c4c6998c494cb9fb45b13.jsonl,True,710,,runtime_or_personal_data,False,False
data/mnemosyne/episodic/2026-07/mem_12331d51eb6b4ab2b63bd8e18280bbef.jsonl,True,712,,runtime_or_personal_data,False,False
data/mnemosyne/episodic/2026-07/mem_127da5ce43ba4834bd5a1a84e2d577cc.jsonl,True,637,,runtime_or_personal_data,False,False
data/mnemosyne/episodic/2026-07/mem_13766270e3b6451d9f48d1429b0b9636.jsonl,True,715,,runtime_or_personal_data,False,False
data/mnemosyne/episodic/2026-07/mem_14e81ed4c3714fb78eff1701818d803c.jsonl,True,647,,runtime_or_personal_data,False,False
data/mnemosyne/episodic/2026-07/mem_15580ca3f1c14bf6b7f4fd1bd7c12672.jsonl,True,647,,runtime_or_personal_data,False,False
data/mnemosyne/episodic/2026-07/mem_1594fa5a9c0444c486aaba057c7738b2.jsonl,True,714,,runtime_or_personal_data,False,False
data/mnemosyne/episodic/2026-07/mem_163df768d6574d2891c5b289304e70da.jsonl,True,710,,runtime_or_personal_data,False,False
data/mnemosyne/episodic/2026-07/mem_1656954ad9b64d64981d9e90026bd003.jsonl,True,867,,runtime_or_personal_data,False,False
data/mnemosyne/episodic/2026-07/mem_16ca358055ce4f63bb5ffc7b1ec19660.jsonl,True,645,,runtime_or_personal_data,False,False
data/mnemosyne/episodic/2026-07/mem_17dfe1e5599645fdadbc92d715d3d89b.jsonl,True,713,,runtime_or_personal_data,False,False
data/mnemosyne/episodic/2026-07/mem_1879afc08d5343d4860ed367aea5a98b.jsonl,True,710,,runtime_or_personal_data,False,False
data/mnemosyne/episodic/2026-07/mem_18edd735d5754365b3afa9c6656a8cd4.jsonl,True,645,,runtime_or_personal_data,False,False
data/mnemosyne/episodic/2026-07/mem_18f86a0ac82b4240adc5d8bc6a2b97fc.jsonl,True,645,,runtime_or_personal_data,False,False
data/mnemosyne/episodic/2026-07/mem_18f8909a3e784f34aaaab1e2a24c2102.jsonl,True,714,,runtime_or_personal_data,False,False
data/mnemosyne/episodic/2026-07/mem_194e4305f81841adbdb7c2a77f6e0b55.jsonl,True,714,,runtime_or_personal_data,False,False
data/mnemosyne/episodic/2026-07/mem_19b8f7ebc410439e8e68b0eb6828b58f.jsonl,True,714,,runtime_or_personal_data,False,False
data/mnemosyne/episodic/2026-07/mem_1a38108b8c9f4531be52676ca0151527.jsonl,True,645,,runtime_or_personal_data,False,False
data/mnemosyne/episodic/2026-07/mem_1ad3e43e3b9c4e8380506a71ce44ca20.jsonl,True,715,,runtime_or_personal_data,False,False
data/mnemosyne/episodic/2026-07/mem_1bd5176b6f2845dcbe403082d8bd8e0e.jsonl,True,736,,runtime_or_personal_data,False,False
data/mnemosyne/episodic/2026-07/mem_1c8e0ae9499e493fb9e779a3482bb311.jsonl,True,712,,runtime_or_personal_data,False,False
data/mnemosyne/episodic/2026-07/mem_1de8c1bce2aa4cf7b52d558419f39d01.jsonl,True,645,,runtime_or_personal_data,False,False
data/mnemosyne/episodic/2026-07/mem_1f093a27ab074db0bb59150f21864e16.jsonl,True,797,,runtime_or_personal_data,False,False
data/mnemosyne/episodic/2026-07/mem_1ff1d76098764ebd9fcf4d51898dd994.jsonl,True,636,,runtime_or_personal_data,False,False
data/mnemosyne/episodic/2026-07/mem_20d9de326fe54b4a8ecfaeeae6ec0e66.jsonl,True,785,,runtime_or_personal_data,False,False
data/mnemosyne/episodic/2026-07/mem_216510520f834f65bfeb3c1e43135e65.jsonl,True,876,,runtime_or_personal_data,False,False
data/mnemosyne/episodic/2026-07/mem_218550b15d314e3385dc0070fdd6f2f5.jsonl,True,716,,runtime_or_personal_data,False,False
data/mnemosyne/episodic/2026-07/mem_21c065e73ed44484949c3b84f8777a96.jsonl,True,643,,runtime_or_personal_data,False,False
data/mnemosyne/episodic/2026-07/mem_22be74463c3442c997bc36b836d02a8d.jsonl,True,844,,runtime_or_personal_data,False,False
data/mnemosyne/episodic/2026-07/mem_22cd6605572f4431873a26f0498f9e63.jsonl,True,717,,runtime_or_personal_data,False,False
data/mnemosyne/episodic/2026-07/mem_22ddf9c497cd4988a47dcb02d0b4deff.jsonl,True,775,,runtime_or_personal_data,False,False
data/mnemosyne/episodic/2026-07/mem_22f374dc8afd41ae8dbda5ab531a796b.jsonl,True,707,,runtime_or_personal_data,False,False
data/mnemosyne/episodic/2026-07/mem_2304f0e8e68f488880664c1752019e96.jsonl,True,714,,runtime_or_personal_data,False,False
data/mnemosyne/episodic/2026-07/mem_23353ca460bc41d9b67b17706b5cd61b.jsonl,True,792,,runtime_or_personal_data,False,False
data/mnemosyne/episodic/2026-07/mem_23b835892c0045dd85a6278305f3ff40.jsonl,True,712,,runtime_or_personal_data,False,False
data/mnemosyne/episodic/2026-07/mem_23f0f2b2233848e0bd3d85e86965f7f7.jsonl,True,710,,runtime_or_personal_data,False,False
data/mnemosyne/episodic/2026-07/mem_256ce69585b14b16985f393d23a9e2f6.jsonl,True,645,,runtime_or_personal_data,False,False
data/mnemosyne/episodic/2026-07/mem_25dcb6030a5b4685bf1cfeda08faaa0f.jsonl,True,645,,runtime_or_personal_data,False,False
data/mnemosyne/episodic/2026-07/mem_265f2213ac2b475c8636df763cbf84cc.jsonl,True,692,,runtime_or_personal_data,False,False
data/mnemosyne/episodic/2026-07/mem_26635ab131584e6da589ebb1fd0abf62.jsonl,True,645,,runtime_or_personal_data,False,False
data/mnemosyne/episodic/2026-07/mem_268af4ca213447d29813467583e29f23.jsonl,True,715,,runtime_or_personal_data,False,False
data/mnemosyne/episodic/2026-07/mem_269990cb19384963b8f49b0d10585edb.jsonl,True,753,,runtime_or_personal_data,False,False
data/mnemosyne/episodic/2026-07/mem_26a354751d9e4d9fa81ccd3a2928a6e9.jsonl,True,775,,runtime_or_personal_data,False,False
data/mnemosyne/episodic/2026-07/mem_27bc73ff45054ce7b98783eab9f2d822.jsonl,True,712,,runtime_or_personal_data,False,False
data/mnemosyne/episodic/2026-07/mem_27c12cadf1fb4231b0204090aae9f5f9.jsonl,True,714,,runtime_or_personal_data,False,False
data/mnemosyne/episodic/2026-07/mem_2888b1c932d54eb6b923c13318c86e9a.jsonl,True,647,,runtime_or_personal_data,False,False
data/mnemosyne/episodic/2026-07/mem_2917b5e5d0cd4f7387e0460ac965b2eb.jsonl,True,716,,runtime_or_personal_data,False,False
data/mnemosyne/episodic/2026-07/mem_2a88042d5d274579b8105a5483b1ebe6.jsonl,True,788,,runtime_or_personal_data,False,False
data/mnemosyne/episodic/2026-07/mem_2c873849bf484eca9af091d008ef1b57.jsonl,True,715,,runtime_or_personal_data,False,False
data/mnemosyne/episodic/2026-07/mem_2cef92039c494357a444ef4971d83a99.jsonl,True,742,,runtime_or_personal_data,False,False
data/mnemosyne/episodic/2026-07/mem_2d47dd142ab446dd9378f9cc1cd664c2.jsonl,True,645,,runtime_or_personal_data,False,False
data/mnemosyne/episodic/2026-07/mem_2e6bf70e11804d3fb9fb657b30cdd071.jsonl,True,835,,runtime_or_personal_data,False,False
data/mnemosyne/episodic/2026-07/mem_2eae275ff498404baead1a6d43c3c7b1.jsonl,True,633,,runtime_or_personal_data,False,False
data/mnemosyne/episodic/2026-07/mem_2f1e60f68b6c4e95859155fa3c4da8f8.jsonl,True,710,,runtime_or_personal_data,False,False
data/mnemosyne/episodic/2026-07/mem_2fc3e68b9b764fbca5e3660c15380837.jsonl,True,753,,runtime_or_personal_data,False,False
data/mnemosyne/episodic/2026-07/mem_2ffe49120c5944b198b9dcac114ce93d.jsonl,True,844,,runtime_or_personal_data,False,False
data/mnemosyne/episodic/2026-07/mem_30e80f26b4e846caa3011d28e2e6c696.jsonl,True,758,,runtime_or_personal_data,False,False
data/mnemosyne/episodic/2026-07/mem_310ce045e93746629930d25eafa40929.jsonl,True,715,,runtime_or_personal_data,False,False
data/mnemosyne/episodic/2026-07/mem_3125dffc851b45e580390d599c4dd2e2.jsonl,True,710,,runtime_or_personal_data,False,False
data/mnemosyne/episodic/2026-07/mem_32a3578c5bd14e258098865fc9fd45ae.jsonl,True,715,,runtime_or_personal_data,False,False
data/mnemosyne/episodic/2026-07/mem_3468dbb3eaf84115b75af27d96673951.jsonl,True,645,,runtime_or_personal_data,False,False
data/mnemosyne/episodic/2026-07/mem_35284f0ded5c4dca9b1f237375317991.jsonl,True,700,,runtime_or_personal_data,False,False
data/mnemosyne/episodic/2026-07/mem_361cede6b0ad4db0bd9b11aef5630d47.jsonl,True,711,,runtime_or_personal_data,False,False
data/mnemosyne/episodic/2026-07/mem_361ff9973145408fbc636f0c66c43cea.jsonl,True,636,,runtime_or_personal_data,False,False
data/mnemosyne/episodic/2026-07/mem_37543047d9104440883f0a922f4a685f.jsonl,True,715,,runtime_or_personal_data,False,False
data/mnemosyne/episodic/2026-07/mem_376afae75da04cd79d3ece38a747e104.jsonl,True,632,,runtime_or_personal_data,False,False
data/mnemosyne/episodic/2026-07/mem_382058dd32b041e8a7699bb9bf83a359.jsonl,True,632,,runtime_or_personal_data,False,False
data/mnemosyne/episodic/2026-07/mem_3868a14cf1014b88adec42d1cd8da61e.jsonl,True,710,,runtime_or_personal_data,False,False
data/mnemosyne/episodic/2026-07/mem_38bb75967d094735a269676bdbed0113.jsonl,True,884,,runtime_or_personal_data,False,False
data/mnemosyne/episodic/2026-07/mem_391696f8cc304d00ae8d95d9e69458d9.jsonl,True,694,,runtime_or_personal_data,False,False
data/mnemosyne/episodic/2026-07/mem_392cbe99403e4ad0aed73e5a00b83f41.jsonl,True,633,,runtime_or_personal_data,False,False
data/mnemosyne/episodic/2026-07/mem_39700196b26c429888bcce0eae334b15.jsonl,True,792,,runtime_or_personal_data,False,False
data/mnemosyne/episodic/2026-07/mem_399749dcea5748a4ad8992e4db685eb5.jsonl,True,708,,runtime_or_personal_data,False,False
data/mnemosyne/episodic/2026-07/mem_3b2049d8b83747edbe81788a621a09fd.jsonl,True,715,,runtime_or_personal_data,False,False
data/mnemosyne/episodic/2026-07/mem_3bc4bbf652b04505bc140514c410edf9.jsonl,True,645,,runtime_or_personal_data,False,False
data/mnemosyne/episodic/2026-07/mem_3c4b9acb11914ee89e65fd87ee2d06b9.jsonl,True,783,,runtime_or_personal_data,False,False
data/mnemosyne/episodic/2026-07/mem_3cb8e13018c04623980cc7013ddb71de.jsonl,True,712,,runtime_or_personal_data,False,False
data/mnemosyne/episodic/2026-07/mem_3cc5d64a87c645428477da61cbe0bd4c.jsonl,True,710,,runtime_or_personal_data,False,False
data/mnemosyne/episodic/2026-07/mem_3cdc2ee077f74aa3bc15ca08e49a432f.jsonl,True,694,,runtime_or_personal_data,False,False
data/mnemosyne/episodic/2026-07/mem_3d4afadace964bd48ba1be45fbd4fb11.jsonl,True,714,,runtime_or_personal_data,False,False
data/mnemosyne/episodic/2026-07/mem_3dc5914f899540b7995ff8bc9bfbcb6b.jsonl,True,645,,runtime_or_personal_data,False,False
data/mnemosyne/episodic/2026-07/mem_3e58404deb09479fa24616ca830e12f3.jsonl,True,712,,runtime_or_personal_data,False,False
data/mnemosyne/episodic/2026-07/mem_3eb242f528464316bb2c6e23f52b4f49.jsonl,True,645,,runtime_or_personal_data,False,False
data/mnemosyne/episodic/2026-07/mem_3edb4c7a32c54ef49705946fe64f566f.jsonl,True,798,,runtime_or_personal_data,False,False
data/mnemosyne/episodic/2026-07/mem_3f3d055afe264951b50b496168785874.jsonl,True,752,,runtime_or_personal_data,False,False
data/mnemosyne/episodic/2026-07/mem_3f7cde1dc3b44e2691ad579cdcbe62cb.jsonl,True,714,,runtime_or_personal_data,False,False
data/mnemosyne/episodic/2026-07/mem_41ff175b7f7f4d54b741d634b4377422.jsonl,True,790,,runtime_or_personal_data,False,False
data/mnemosyne/episodic/2026-07/mem_42fbe1d3d2094a12bc05a6064fae21c0.jsonl,True,734,,runtime_or_personal_data,False,False
data/mnemosyne/episodic/2026-07/mem_44aa45a980954faca49e13276d32f2a6.jsonl,True,723,,runtime_or_personal_data,False,False
data/mnemosyne/episodic/2026-07/mem_4543c7ba14f346c3a2717528079e4496.jsonl,True,712,,runtime_or_personal_data,False,False
data/mnemosyne/episodic/2026-07/mem_4670c93b9b224539b7d00bdcb332d65e.jsonl,True,709,,runtime_or_personal_data,False,False
data/mnemosyne/episodic/2026-07/mem_46bb7ba9faeb4b019e34a124ee43cf4c.jsonl,True,705,,runtime_or_personal_data,False,False
data/mnemosyne/episodic/2026-07/mem_4a0fc9b269c94afaa0cb5d25489e43d4.jsonl,True,742,,runtime_or_personal_data,False,False
data/mnemosyne/episodic/2026-07/mem_4a44abddb2b048e3a4c6706eab9a764b.jsonl,True,714,,runtime_or_personal_data,False,False
data/mnemosyne/episodic/2026-07/mem_4bad8e74e77441a3994d25568690ee5b.jsonl,True,750,,runtime_or_personal_data,False,False
data/mnemosyne/episodic/2026-07/mem_4bdac7fe059b466f9189a56c8ec6f0d1.jsonl,True,645,,runtime_or_personal_data,False,False
data/mnemosyne/episodic/2026-07/mem_4c0328ea5f3645b4b1053fa102166087.jsonl,True,884,,runtime_or_personal_data,False,False
data/mnemosyne/episodic/2026-07/mem_4debbb5805c74dbfb9eb4d687b055214.jsonl,True,731,,runtime_or_personal_data,False,False
data/mnemosyne/episodic/2026-07/mem_4e86942a8f4548618f9f695fad2644f5.jsonl,True,632,,runtime_or_personal_data,False,False
data/mnemosyne/episodic/2026-07/mem_4ea7e21b676d4fbba39eaa466f298975.jsonl,True,715,,runtime_or_personal_data,False,False
data/mnemosyne/episodic/2026-07/mem_5023ea6487fa431fba98ec520a8615c3.jsonl,True,711,,runtime_or_personal_data,False,False
data/mnemosyne/episodic/2026-07/mem_513aaa7890d448559a29ec27bdd4aee6.jsonl,True,745,,runtime_or_personal_data,False,False
data/mnemosyne/episodic/2026-07/mem_51bd074ef45145c88e19e30f87427741.jsonl,True,742,,runtime_or_personal_data,False,False
data/mnemosyne/episodic/2026-07/mem_52d1ec44ceb04352b85c39a603ceb018.jsonl,True,714,,runtime_or_personal_data,False,False
data/mnemosyne/episodic/2026-07/mem_53823e2addd84918b3dd8587da85931f.jsonl,True,735,,runtime_or_personal_data,False,False
data/mnemosyne/episodic/2026-07/mem_56c7725e6b074a0793b4b8b43ac626b2.jsonl,True,629,,runtime_or_personal_data,False,False
data/mnemosyne/episodic/2026-07/mem_5721ba0561f6441e885958f4437eca77.jsonl,True,746,,runtime_or_personal_data,False,False
data/mnemosyne/episodic/2026-07/mem_57c46747fe3a4755876df76109094319.jsonl,True,746,,runtime_or_personal_data,False,False
data/mnemosyne/episodic/2026-07/mem_58385fded3734c52951d06de39d58119.jsonl,True,714,,runtime_or_personal_data,False,False
data/mnemosyne/episodic/2026-07/mem_5900b1e0f6674d16a0e961f55583decc.jsonl,True,634,,runtime_or_personal_data,False,False
data/mnemosyne/episodic/2026-07/mem_5997b72e60ed447fa47559db272c95fa.jsonl,True,720,,runtime_or_personal_data,False,False
data/mnemosyne/episodic/2026-07/mem_5a890bfb525b42c991989a6b2c5f0353.jsonl,True,735,,runtime_or_personal_data,False,False
data/mnemosyne/episodic/2026-07/mem_5b38d01f59ca49b687a0d72f3b7f7397.jsonl,True,742,,runtime_or_personal_data,False,False
data/mnemosyne/episodic/2026-07/mem_5b3ac716c4f74d46a8703d2135ebda26.jsonl,True,721,,runtime_or_personal_data,False,False
data/mnemosyne/episodic/2026-07/mem_5b8dbe49b76a4f16b23b952a08118eab.jsonl,True,743,,runtime_or_personal_data,False,False
data/mnemosyne/episodic/2026-07/mem_5c84a4df9ab9437d8454ac5f16cd30a2.jsonl,True,745,,runtime_or_personal_data,False,False
data/mnemosyne/episodic/2026-07/mem_5d99ed48fbce442a9a8851e503171f57.jsonl,True,867,,runtime_or_personal_data,False,False
data/mnemosyne/episodic/2026-07/mem_5e9524d734ca47bbbebf19156d6349fa.jsonl,True,712,,runtime_or_personal_data,False,False
data/mnemosyne/episodic/2026-07/mem_5ece479b48074323a8499d7799a762aa.jsonl,True,745,,runtime_or_personal_data,False,False
data/mnemosyne/episodic/2026-07/mem_5f1eb7fa936f46ef90c697ef9af60a8f.jsonl,True,715,,runtime_or_personal_data,False,False
data/mnemosyne/episodic/2026-07/mem_5f51340dedcc407f997c434f5714f44c.jsonl,True,645,,runtime_or_personal_data,False,False
data/mnemosyne/episodic/2026-07/mem_5f5f5e25f8b542c88c2464be833e9db4.jsonl,True,636,,runtime_or_personal_data,False,False
data/mnemosyne/episodic/2026-07/mem_5fb8f3a9fa5440308417d52277d1277f.jsonl,True,645,,runtime_or_personal_data,False,False
data/mnemosyne/episodic/2026-07/mem_60111d11be1c485e932ccd3bb2b22779.jsonl,True,792,,runtime_or_personal_data,False,False
data/mnemosyne/episodic/2026-07/mem_6064983e3b6d46d3b6f4b52c546480f5.jsonl,True,710,,runtime_or_personal_data,False,False
data/mnemosyne/episodic/2026-07/mem_60777c190a704279ac48ab2007f1fbc4.jsonl,True,710,,runtime_or_personal_data,False,False
data/mnemosyne/episodic/2026-07/mem_60a9712b33694aa9831f2507f602e97e.jsonl,True,715,,runtime_or_personal_data,False,False
data/mnemosyne/episodic/2026-07/mem_60d73c6548d74e8d888df0ef6b57c5db.jsonl,True,745,,runtime_or_personal_data,False,False
data/mnemosyne/episodic/2026-07/mem_610e034ae585435a9aecd8fb32c714ad.jsonl,True,717,,runtime_or_personal_data,False,False
data/mnemosyne/episodic/2026-07/mem_6187fba5b8284370af9cd6536a53cb72.jsonl,True,759,,runtime_or_personal_data,False,False
data/mnemosyne/episodic/2026-07/mem_632152fbbfd7499daa23c4ba3533effe.jsonl,True,743,,runtime_or_personal_data,False,False
data/mnemosyne/episodic/2026-07/mem_637ece026e7047d0a80677b0352906dc.jsonl,True,693,,runtime_or_personal_data,False,False
data/mnemosyne/episodic/2026-07/mem_63e0d3dc913a47a0911913beef817cce.jsonl,True,722,,runtime_or_personal_data,False,False
data/mnemosyne/episodic/2026-07/mem_64ad055d033849c997dfbb29031fa6f6.jsonl,True,835,,runtime_or_personal_data,False,False
data/mnemosyne/episodic/2026-07/mem_6511d3e8cb964ca0aaa3d0e10504f8e3.jsonl,True,715,,runtime_or_personal_data,False,False
data/mnemosyne/episodic/2026-07/mem_65460e0abd164d5394e9f96d33f6dc95.jsonl,True,784,,runtime_or_personal_data,False,False
data/mnemosyne/episodic/2026-07/mem_657ed93e22184526b525b9d011883454.jsonl,True,645,,runtime_or_personal_data,False,False
data/mnemosyne/episodic/2026-07/mem_658354f2cb864bf691be412e05f673a4.jsonl,True,636,,runtime_or_personal_data,False,False
data/mnemosyne/episodic/2026-07/mem_66c8b5b181f94bd8aa504ad4a8666cc8.jsonl,True,710,,runtime_or_personal_data,False,False
data/mnemosyne/episodic/2026-07/mem_6769da99cf5848ccad402449c84ff727.jsonl,True,637,,runtime_or_personal_data,False,False
data/mnemosyne/episodic/2026-07/mem_67aa1e9416ae46138ed7d141dcd893f0.jsonl,True,712,,runtime_or_personal_data,False,False
data/mnemosyne/episodic/2026-07/mem_68bf1a8a43d64da19fd9b4a6978c1aef.jsonl,True,645,,runtime_or_personal_data,False,False
data/mnemosyne/episodic/2026-07/mem_68c0796bea7b45b8986c677395247314.jsonl,True,697,,runtime_or_personal_data,False,False
data/mnemosyne/episodic/2026-07/mem_697ad3e1107a447a93ab8581e889b475.jsonl,True,715,,runtime_or_personal_data,False,False
data/mnemosyne/episodic/2026-07/mem_69bc4e4f4f6f4a00a342e1d86ff95689.jsonl,True,637,,runtime_or_personal_data,False,False
data/mnemosyne/episodic/2026-07/mem_6a69d52eb2634936b4ee94090db5c408.jsonl,True,646,,runtime_or_personal_data,False,False
data/mnemosyne/episodic/2026-07/mem_6a829768841b4c7b863e95120375a1e1.jsonl,True,750,,runtime_or_personal_data,False,False
data/mnemosyne/episodic/2026-07/mem_6a867e8d652a4e999fcea78306dd57dc.jsonl,True,746,,runtime_or_personal_data,False,False
data/mnemosyne/episodic/2026-07/mem_6bcfc9427dc54e879baf460ff33243bd.jsonl,True,745,,runtime_or_personal_data,False,False
data/mnemosyne/episodic/2026-07/mem_6e44711b2f614f94a9b2ee3d7dda37d8.jsonl,True,742,,runtime_or_personal_data,False,False
data/mnemosyne/episodic/2026-07/mem_6e6064630b3343a18d8486b862c0344d.jsonl,True,645,,runtime_or_personal_data,False,False
data/mnemosyne/episodic/2026-07/mem_6e78c6f2e2b44f95a2791ede73650724.jsonl,True,712,,runtime_or_personal_data,False,False
data/mnemosyne/episodic/2026-07/mem_6e86dc40037e4efaac1449dbadba4e58.jsonl,True,710,,runtime_or_personal_data,False,False
data/mnemosyne/episodic/2026-07/mem_6fca5044cc624d4b9af2f2d7b00871a1.jsonl,True,714,,runtime_or_personal_data,False,False
data/mnemosyne/episodic/2026-07/mem_701c700a740b4f28893c02840a2ac92e.jsonl,True,645,,runtime_or_personal_data,False,False
data/mnemosyne/episodic/2026-07/mem_706a93531e134dce9634d2b27174a2fe.jsonl,True,710,,runtime_or_personal_data,False,False
data/mnemosyne/episodic/2026-07/mem_716ac69bb34849c0a3178164ecb98080.jsonl,True,706,,runtime_or_personal_data,False,False
data/mnemosyne/episodic/2026-07/mem_72dc7168e0c4470b93e776a7cf91799d.jsonl,True,647,,runtime_or_personal_data,False,False
data/mnemosyne/episodic/2026-07/mem_7305e76658f8482a819017ff982bb69d.jsonl,True,710,,runtime_or_personal_data,False,False
data/mnemosyne/episodic/2026-07/mem_745e965754634ed8895de953c05b29ee.jsonl,True,742,,runtime_or_personal_data,False,False
data/mnemosyne/episodic/2026-07/mem_746d6d6e57c749cdb4d9004b60732f6f.jsonl,True,632,,runtime_or_personal_data,False,False
data/mnemosyne/episodic/2026-07/mem_77842b14e39f4a4aaa160f82c9c5d0e4.jsonl,True,642,,runtime_or_personal_data,False,False
data/mnemosyne/episodic/2026-07/mem_788f453ec7da4488b91e2be66af72c14.jsonl,True,699,,runtime_or_personal_data,False,False
data/mnemosyne/episodic/2026-07/mem_78d17bceed5d468ab05c3c3c38751915.jsonl,True,710,,runtime_or_personal_data,False,False
data/mnemosyne/episodic/2026-07/mem_79fbf74e2fb24e189bee82c0be6c578a.jsonl,True,761,,runtime_or_personal_data,False,False
data/mnemosyne/episodic/2026-07/mem_7ac3617d12e24bb3ac1b0eebafa64526.jsonl,True,645,,runtime_or_personal_data,False,False
data/mnemosyne/episodic/2026-07/mem_7b8cd19bf78f44c684c22975f1d9a50b.jsonl,True,792,,runtime_or_personal_data,False,False
data/mnemosyne/episodic/2026-07/mem_7bd2c2b25d1d4ff4969621db8a1ec505.jsonl,True,714,,runtime_or_personal_data,False,False
data/mnemosyne/episodic/2026-07/mem_7cafe30beab74127b8d3d0f44016f1ec.jsonl,True,713,,runtime_or_personal_data,False,False
data/mnemosyne/episodic/2026-07/mem_7e5af5e51d234b78a98dc45fa507bfbf.jsonl,True,632,,runtime_or_personal_data,False,False
data/mnemosyne/episodic/2026-07/mem_7e72951ccfb641619abc3393463d6814.jsonl,True,787,,runtime_or_personal_data,False,False
data/mnemosyne/episodic/2026-07/mem_7e9bc600df7c40d281a1d3a97a286c0a.jsonl,True,710,,runtime_or_personal_data,False,False
data/mnemosyne/episodic/2026-07/mem_7f5ea868190d4ce5ac6524c5af2137fc.jsonl,True,714,,runtime_or_personal_data,False,False
data/mnemosyne/episodic/2026-07/mem_7f8205627e9f4bd2894f3401722fdae4.jsonl,True,710,,runtime_or_personal_data,False,False
data/mnemosyne/episodic/2026-07/mem_809365d4dccf4f348eba9c66a3eb01b0.jsonl,True,731,,runtime_or_personal_data,False,False
data/mnemosyne/episodic/2026-07/mem_810bcffdcddd46108555fd50ee8651ed.jsonl,True,705,,runtime_or_personal_data,False,False
data/mnemosyne/episodic/2026-07/mem_812d18893ee64c37a5fd289840e4ac73.jsonl,True,712,,runtime_or_personal_data,False,False
data/mnemosyne/episodic/2026-07/mem_8132dd65c11b4341b8ac68ecb6d5d045.jsonl,True,746,,runtime_or_personal_data,False,False
data/mnemosyne/episodic/2026-07/mem_816d1cf395e44b99a5253ab64e9849dc.jsonl,True,741,,runtime_or_personal_data,False,False
data/mnemosyne/episodic/2026-07/mem_81c817ab125c476aaa4641ee73b2039b.jsonl,True,633,,runtime_or_personal_data,False,False
data/mnemosyne/episodic/2026-07/mem_82748c31e1824772b86f373acc31699d.jsonl,True,884,,runtime_or_personal_data,False,False
data/mnemosyne/episodic/2026-07/mem_8381e8195ab04d2fb30ba9de8fd4fe87.jsonl,True,647,,runtime_or_personal_data,False,False
data/mnemosyne/episodic/2026-07/mem_83d1809084224712ac9d95add488bb49.jsonl,True,752,,runtime_or_personal_data,False,False
data/mnemosyne/episodic/2026-07/mem_83ded42eda514cb58954da89b98e7849.jsonl,True,711,,runtime_or_personal_data,False,False
data/mnemosyne/episodic/2026-07/mem_8408a10dfcbe4d1a897a5c1e0fdb0d62.jsonl,True,694,,runtime_or_personal_data,False,False
data/mnemosyne/episodic/2026-07/mem_8435da7709574ff7977002b8ba8059dd.jsonl,True,712,,runtime_or_personal_data,False,False
data/mnemosyne/episodic/2026-07/mem_84dd7a693b7c4675afeb4feaa060f4c8.jsonl,True,745,,runtime_or_personal_data,False,False
data/mnemosyne/episodic/2026-07/mem_84fcf1c9fc864836923d522d17365e44.jsonl,True,715,,runtime_or_personal_data,False,False
data/mnemosyne/episodic/2026-07/mem_8505983fcca946a695180acc97fe6fe2.jsonl,True,710,,runtime_or_personal_data,False,False
data/mnemosyne/episodic/2026-07/mem_85bd3e0931394e6c89d977ced006693b.jsonl,True,712,,runtime_or_personal_data,False,False
data/mnemosyne/episodic/2026-07/mem_8713b45d15494f03b29a6a15f7ab6e05.jsonl,True,636,,runtime_or_personal_data,False,False
data/mnemosyne/episodic/2026-07/mem_87ca9722c4d243b2b6db13d7896d3306.jsonl,True,710,,runtime_or_personal_data,False,False
data/mnemosyne/episodic/2026-07/mem_8833be6988514dd49841a87a842b0b8c.jsonl,True,632,,runtime_or_personal_data,False,False
data/mnemosyne/episodic/2026-07/mem_88936df3cdea41008d953e149f853e75.jsonl,True,632,,runtime_or_personal_data,False,False
data/mnemosyne/episodic/2026-07/mem_89e2f440dd7e40af8a7fcfc8b52d9c4e.jsonl,True,735,,runtime_or_personal_data,False,False
data/mnemosyne/episodic/2026-07/mem_8accec348be14a0db38518f7422c68a1.jsonl,True,645,,runtime_or_personal_data,False,False
data/mnemosyne/episodic/2026-07/mem_8cfcd529620f4c099d195803daaad3b0.jsonl,True,632,,runtime_or_personal_data,False,False
data/mnemosyne/episodic/2026-07/mem_8d5dcc803afb4ebbba3df9a5f8fbeb73.jsonl,True,636,,runtime_or_personal_data,False,False
data/mnemosyne/episodic/2026-07/mem_8edd585d21f543958851091919a79680.jsonl,True,712,,runtime_or_personal_data,False,False
data/mnemosyne/episodic/2026-07/mem_8f353bc9e95e421aa38f451a79a45eaa.jsonl,True,646,,runtime_or_personal_data,False,False
data/mnemosyne/episodic/2026-07/mem_8f990a45ee5e450a93148815ec9c5cf9.jsonl,True,792,,runtime_or_personal_data,False,False
data/mnemosyne/episodic/2026-07/mem_8fa510594ba14a398e6f7c8ab86fcbdd.jsonl,True,718,,runtime_or_personal_data,False,False
data/mnemosyne/episodic/2026-07/mem_90333628e24c462fab006878d4e0df05.jsonl,True,710,,runtime_or_personal_data,False,False
data/mnemosyne/episodic/2026-07/mem_904080fe2eca44f28a2f00aff7d8eb8c.jsonl,True,700,,runtime_or_personal_data,False,False
data/mnemosyne/episodic/2026-07/mem_9047c8b2ad5249a1a6db0397e3a4ee14.jsonl,True,645,,runtime_or_personal_data,False,False
data/mnemosyne/episodic/2026-07/mem_90b61b28567f47d097ef3dc55979445b.jsonl,True,715,,runtime_or_personal_data,False,False
data/mnemosyne/episodic/2026-07/mem_910fe1db076e4f6b95bf5df63681a415.jsonl,True,714,,runtime_or_personal_data,False,False
data/mnemosyne/episodic/2026-07/mem_9127683d2fef44f5b3638952bed1f4c2.jsonl,True,790,,runtime_or_personal_data,False,False
data/mnemosyne/episodic/2026-07/mem_924546149d1c4a6280ff0bec03cc4be8.jsonl,True,884,,runtime_or_personal_data,False,False
data/mnemosyne/episodic/2026-07/mem_92b42b760b5441379249f6330cd868f1.jsonl,True,718,,runtime_or_personal_data,False,False
data/mnemosyne/episodic/2026-07/mem_92e40c7ae9a9414b9487b5a66c73f268.jsonl,True,713,,runtime_or_personal_data,False,False
data/mnemosyne/episodic/2026-07/mem_93cbfaec73444cd688fcef3cbd911db4.jsonl,True,711,,runtime_or_personal_data,False,False
data/mnemosyne/episodic/2026-07/mem_9409e40d834944d6b0efeef475ed211a.jsonl,True,713,,runtime_or_personal_data,False,False
data/mnemosyne/episodic/2026-07/mem_941e7fa2dd614b2d954b1a10ca3e7782.jsonl,True,710,,runtime_or_personal_data,False,False
data/mnemosyne/episodic/2026-07/mem_95b3cdf5601e4ac7a96f7c77345e6f47.jsonl,True,731,,runtime_or_personal_data,False,False
data/mnemosyne/episodic/2026-07/mem_97cadc9f188b47bcb0df82a9daa892a6.jsonl,True,710,,runtime_or_personal_data,False,False
data/mnemosyne/episodic/2026-07/mem_981e08c07c0f48f48afebf4691f1faec.jsonl,True,741,,runtime_or_personal_data,False,False
data/mnemosyne/episodic/2026-07/mem_984a2106e73247a38541571695fe3c15.jsonl,True,645,,runtime_or_personal_data,False,False
data/mnemosyne/episodic/2026-07/mem_98d6e948672547dfa9a8aae3a67524f1.jsonl,True,710,,runtime_or_personal_data,False,False
data/mnemosyne/episodic/2026-07/mem_9942971c3af840898d481486cac6bede.jsonl,True,750,,runtime_or_personal_data,False,False
data/mnemosyne/episodic/2026-07/mem_99ae1fe12acf4ec28064209630fbbe32.jsonl,True,715,,runtime_or_personal_data,False,False
data/mnemosyne/episodic/2026-07/mem_9a794d6875314e309c5185ab1bba172b.jsonl,True,790,,runtime_or_personal_data,False,False
data/mnemosyne/episodic/2026-07/mem_9af6f10596724dc099b1a859ba82bea0.jsonl,True,708,,runtime_or_personal_data,False,False
data/mnemosyne/episodic/2026-07/mem_9b0466d04ce244b7aca71c8eab873b9d.jsonl,True,792,,runtime_or_personal_data,False,False
data/mnemosyne/episodic/2026-07/mem_9b0ff6477d0b4d028b51fb65398f7eb3.jsonl,True,785,,runtime_or_personal_data,False,False
data/mnemosyne/episodic/2026-07/mem_9b8886ceaab348c5b67afb363407b332.jsonl,True,714,,runtime_or_personal_data,False,False
data/mnemosyne/episodic/2026-07/mem_9ef9f5bb829d48d6b9621d967a0272ce.jsonl,True,645,,runtime_or_personal_data,False,False
data/mnemosyne/episodic/2026-07/mem_9f1580a5fe0c42108e49e5ac156fa3f3.jsonl,True,714,,runtime_or_personal_data,False,False
data/mnemosyne/episodic/2026-07/mem_9f44896f2de941268e7e872d2ddfd0f9.jsonl,True,720,,runtime_or_personal_data,False,False
data/mnemosyne/episodic/2026-07/mem_a0062401646b4f73baadf15e205a7c37.jsonl,True,632,,runtime_or_personal_data,False,False
data/mnemosyne/episodic/2026-07/mem_a012c8653fa144f68f315f7f878ea607.jsonl,True,788,,runtime_or_personal_data,False,False
data/mnemosyne/episodic/2026-07/mem_a15e5c583ae54736aafb5caacbe7661b.jsonl,True,715,,runtime_or_personal_data,False,False
data/mnemosyne/episodic/2026-07/mem_a18bff75ba764a89b23f48fa2a415ea7.jsonl,True,715,,runtime_or_personal_data,False,False
data/mnemosyne/episodic/2026-07/mem_a228c304a1554a2aa18a9007bc12a59f.jsonl,True,705,,runtime_or_personal_data,False,False
data/mnemosyne/episodic/2026-07/mem_a3746d99121b4d238901beada066ff64.jsonl,True,646,,runtime_or_personal_data,False,False
data/mnemosyne/episodic/2026-07/mem_a3d594d33315453886828ecb8420cfaa.jsonl,True,786,,runtime_or_personal_data,False,False
data/mnemosyne/episodic/2026-07/mem_a483a2f748634a1f87aa5bfc27d6aa48.jsonl,True,636,,runtime_or_personal_data,False,False
data/mnemosyne/episodic/2026-07/mem_a5467bb4cf1947a2883f42a42f121e10.jsonl,True,837,,runtime_or_personal_data,False,False
data/mnemosyne/episodic/2026-07/mem_a75ec04c35c24a12be208cf4e53e5a80.jsonl,True,632,,runtime_or_personal_data,False,False
data/mnemosyne/episodic/2026-07/mem_a812ea04896345098d8cee9d78da3d1a.jsonl,True,884,,runtime_or_personal_data,False,False
data/mnemosyne/episodic/2026-07/mem_a826f204b2fb4d5a845155371d5036c8.jsonl,True,788,,runtime_or_personal_data,False,False
data/mnemosyne/episodic/2026-07/mem_a8685f1cd488417289c6361fdb952c7e.jsonl,True,710,,runtime_or_personal_data,False,False
data/mnemosyne/episodic/2026-07/mem_aa0c3289138a43449c33246b15dcc0f8.jsonl,True,636,,runtime_or_personal_data,False,False
data/mnemosyne/episodic/2026-07/mem_aa7f120f8b4f437298aa078309f5241e.jsonl,True,646,,runtime_or_personal_data,False,False
data/mnemosyne/episodic/2026-07/mem_aaad8c9b05954a81884e61f44d03ee9f.jsonl,True,710,,runtime_or_personal_data,False,False
data/mnemosyne/episodic/2026-07/mem_acdfd73a6bf644d7ab0d3640f8e83232.jsonl,True,884,,runtime_or_personal_data,False,False
data/mnemosyne/episodic/2026-07/mem_addea288e38c4d979918a49eeb8565a8.jsonl,True,712,,runtime_or_personal_data,False,False
data/mnemosyne/episodic/2026-07/mem_ae048d624cc24de08a2b01940f002dfb.jsonl,True,645,,runtime_or_personal_data,False,False
data/mnemosyne/episodic/2026-07/mem_ae97202423a345e58fb625b5cc4b14f3.jsonl,True,710,,runtime_or_personal_data,False,False
data/mnemosyne/episodic/2026-07/mem_b01b43b4cd654a4196b217930150657e.jsonl,True,745,,runtime_or_personal_data,False,False
data/mnemosyne/episodic/2026-07/mem_b2ff9f015c314514b89967917494cd0b.jsonl,True,714,,runtime_or_personal_data,False,False
data/mnemosyne/episodic/2026-07/mem_b348dc00a388443aa7159e93781fe4db.jsonl,True,715,,runtime_or_personal_data,False,False
data/mnemosyne/episodic/2026-07/mem_b3c44c5090144324b5a6f31a924b775b.jsonl,True,710,,runtime_or_personal_data,False,False
data/mnemosyne/episodic/2026-07/mem_b3db087d1c2f41eba9f955fc9e10d844.jsonl,True,712,,runtime_or_personal_data,False,False
data/mnemosyne/episodic/2026-07/mem_b73099cc68b047d2b2932eed48e4ab05.jsonl,True,710,,runtime_or_personal_data,False,False
data/mnemosyne/episodic/2026-07/mem_b830a29254454dae9ff898c608ac51d3.jsonl,True,742,,runtime_or_personal_data,False,False
data/mnemosyne/episodic/2026-07/mem_b8caa3b3891843288463b275e3e277b8.jsonl,True,632,,runtime_or_personal_data,False,False
data/mnemosyne/episodic/2026-07/mem_b94c98625fed4b7081729aedbb434d71.jsonl,True,645,,runtime_or_personal_data,False,False
data/mnemosyne/episodic/2026-07/mem_ba13b8b574aa4b839e3aa1a2699cfac6.jsonl,True,711,,runtime_or_personal_data,False,False
data/mnemosyne/episodic/2026-07/mem_bb101ca7727a43f09100f6d0081eb9b5.jsonl,True,712,,runtime_or_personal_data,False,False
data/mnemosyne/episodic/2026-07/mem_bb9f279986af4ef69727368fac886015.jsonl,True,711,,runtime_or_personal_data,False,False
data/mnemosyne/episodic/2026-07/mem_bc8e79a8af9f401cb16434725efb7960.jsonl,True,787,,runtime_or_personal_data,False,False
data/mnemosyne/episodic/2026-07/mem_bd775eec9be94550b659d7addd244322.jsonl,True,741,,runtime_or_personal_data,False,False
data/mnemosyne/episodic/2026-07/mem_be9bc1ac4e004393a34b64b80b8cc3b2.jsonl,True,636,,runtime_or_personal_data,False,False
data/mnemosyne/episodic/2026-07/mem_bf24471efccd494591b2b88ba950f1a1.jsonl,True,699,,runtime_or_personal_data,False,False
data/mnemosyne/episodic/2026-07/mem_bf5148e1cbd941528b1b033f9640e25d.jsonl,True,842,,runtime_or_personal_data,False,False
data/mnemosyne/episodic/2026-07/mem_bfece6b4836744349713a44e55b03006.jsonl,True,715,,runtime_or_personal_data,False,False
data/mnemosyne/episodic/2026-07/mem_c02f030648404cb59f90bcbb6588dd65.jsonl,True,645,,runtime_or_personal_data,False,False
data/mnemosyne/episodic/2026-07/mem_c052732cfa7747b48e353fadaef6f3cd.jsonl,True,792,,runtime_or_personal_data,False,False
data/mnemosyne/episodic/2026-07/mem_c0944b25d9634f2aa2e14315a952d7e4.jsonl,True,735,,runtime_or_personal_data,False,False
data/mnemosyne/episodic/2026-07/mem_c0dff2ea964543ec86e3e7e62a7eca28.jsonl,True,716,,runtime_or_personal_data,False,False
data/mnemosyne/episodic/2026-07/mem_c16f5d3aa4324beea0bcc6be77c5a466.jsonl,True,790,,runtime_or_personal_data,False,False
data/mnemosyne/episodic/2026-07/mem_c2d9d63cf036430f9838cea4974873d3.jsonl,True,643,,runtime_or_personal_data,False,False
data/mnemosyne/episodic/2026-07/mem_c3babaf5bc154f009392c744176d000a.jsonl,True,714,,runtime_or_personal_data,False,False
data/mnemosyne/episodic/2026-07/mem_c47a6784ec154e40b289a41e3a55df52.jsonl,True,784,,runtime_or_personal_data,False,False
data/mnemosyne/episodic/2026-07/mem_c47c57b745514bf5a0494b2979723636.jsonl,True,750,,runtime_or_personal_data,False,False
data/mnemosyne/episodic/2026-07/mem_c54a33e4ea4f4f0f85dab79e7782412a.jsonl,True,710,,runtime_or_personal_data,False,False
data/mnemosyne/episodic/2026-07/mem_c636be1dbacf4c7096f18d284c4f3767.jsonl,True,636,,runtime_or_personal_data,False,False
data/mnemosyne/episodic/2026-07/mem_c71fba032b2241338504d7d30c86d442.jsonl,True,715,,runtime_or_personal_data,False,False
data/mnemosyne/episodic/2026-07/mem_c7aa9dbf42184dbdb71441f05697e705.jsonl,True,792,,runtime_or_personal_data,False,False
data/mnemosyne/episodic/2026-07/mem_c8d05c50f43f4553815b07f157580879.jsonl,True,746,,runtime_or_personal_data,False,False
data/mnemosyne/episodic/2026-07/mem_c916fd676c314c9ca1cb656e46d972c2.jsonl,True,743,,runtime_or_personal_data,False,False
data/mnemosyne/episodic/2026-07/mem_c945ba8c7f67499fbc8047bfb3192b25.jsonl,True,710,,runtime_or_personal_data,False,False
data/mnemosyne/episodic/2026-07/mem_c9550ed4342d48b3a287dda7af31bb6a.jsonl,True,762,,runtime_or_personal_data,False,False
data/mnemosyne/episodic/2026-07/mem_c997b75e327c4f19af3a8fae974f6a71.jsonl,True,792,,runtime_or_personal_data,False,False
data/mnemosyne/episodic/2026-07/mem_ca6e72f5b0cf43cba4ccbf27bb170a20.jsonl,True,792,,runtime_or_personal_data,False,False
data/mnemosyne/episodic/2026-07/mem_cafe05751d8d4fd38240c7cc8791b2f1.jsonl,True,714,,runtime_or_personal_data,False,False
data/mnemosyne/episodic/2026-07/mem_cb25bf9ff03a4a43bec10c9b76134e7d.jsonl,True,645,,runtime_or_personal_data,False,False
data/mnemosyne/episodic/2026-07/mem_cd473ce920e749a987cc27ce057fcfd8.jsonl,True,792,,runtime_or_personal_data,False,False
data/mnemosyne/episodic/2026-07/mem_cd49983c12c844edb08a6fe6d96d954a.jsonl,True,645,,runtime_or_personal_data,False,False
data/mnemosyne/episodic/2026-07/mem_ce47f00d5cc84b4bad9b351b57c467a7.jsonl,True,794,,runtime_or_personal_data,False,False
data/mnemosyne/episodic/2026-07/mem_ce53df9cc9f2423fb245d6a4c7e161b0.jsonl,True,619,,runtime_or_personal_data,False,False
data/mnemosyne/episodic/2026-07/mem_ceba2785ec5444a09bcc069d69924c59.jsonl,True,645,,runtime_or_personal_data,False,False
data/mnemosyne/episodic/2026-07/mem_ced1a7a726cd4406b60ebe6e30e4b8ff.jsonl,True,715,,runtime_or_personal_data,False,False
data/mnemosyne/episodic/2026-07/mem_d0503e706ac6443e8d2b53eb146f2974.jsonl,True,792,,runtime_or_personal_data,False,False
data/mnemosyne/episodic/2026-07/mem_d06346c7010b4ad2aa47c1aa4c5aa5f7.jsonl,True,742,,runtime_or_personal_data,False,False
data/mnemosyne/episodic/2026-07/mem_d09cdc2c4b6e4236a86666da0d7854da.jsonl,True,710,,runtime_or_personal_data,False,False
data/mnemosyne/episodic/2026-07/mem_d0cac7d8f8fd4a76ae7db6ed849edb75.jsonl,True,645,,runtime_or_personal_data,False,False
data/mnemosyne/episodic/2026-07/mem_d0dffc9d73e64b61a047738a49c3520f.jsonl,True,699,,runtime_or_personal_data,False,False
data/mnemosyne/episodic/2026-07/mem_d0fc51cd54e8437692d8bc9c37818a88.jsonl,True,643,,runtime_or_personal_data,False,False
data/mnemosyne/episodic/2026-07/mem_d15d926c1055492eaa78685308b8e380.jsonl,True,751,,runtime_or_personal_data,False,False
data/mnemosyne/episodic/2026-07/mem_d166a8170fe5478a952005fc7da5deee.jsonl,True,647,,runtime_or_personal_data,False,False
data/mnemosyne/episodic/2026-07/mem_d238dcf0ccc74632b42eb84f957b51d3.jsonl,True,632,,runtime_or_personal_data,False,False
data/mnemosyne/episodic/2026-07/mem_d2b47a8e319f455b8dd928c3eb331995.jsonl,True,645,,runtime_or_personal_data,False,False
data/mnemosyne/episodic/2026-07/mem_d3fd8e87f651421090494551f6c151ed.jsonl,True,786,,runtime_or_personal_data,False,False
data/mnemosyne/episodic/2026-07/mem_d4aca79044ab494f9be79c722801033c.jsonl,True,715,,runtime_or_personal_data,False,False
data/mnemosyne/episodic/2026-07/mem_d54d6022463e4729ab12ea9647cccaaf.jsonl,True,720,,runtime_or_personal_data,False,False
data/mnemosyne/episodic/2026-07/mem_d5712735b54e4e88bea4be932b69b213.jsonl,True,715,,runtime_or_personal_data,False,False
data/mnemosyne/episodic/2026-07/mem_d68a7d8c351b40bf967687c2da422b2f.jsonl,True,743,,runtime_or_personal_data,False,False
data/mnemosyne/episodic/2026-07/mem_d6a485976c1141fcbff455e03f29256b.jsonl,True,742,,runtime_or_personal_data,False,False
data/mnemosyne/episodic/2026-07/mem_d6cb0431e1ef408aa8bdd5bc7b3b0ba3.jsonl,True,712,,runtime_or_personal_data,False,False
data/mnemosyne/episodic/2026-07/mem_d788ade41e8043a4a62685304fe769de.jsonl,True,792,,runtime_or_personal_data,False,False
data/mnemosyne/episodic/2026-07/mem_d83837d3ee504d6aadb0fa08375a7c35.jsonl,True,710,,runtime_or_personal_data,False,False
data/mnemosyne/episodic/2026-07/mem_d87a6c2ce97d440ea3eb04ec95e56841.jsonl,True,712,,runtime_or_personal_data,False,False
data/mnemosyne/episodic/2026-07/mem_d8e84e9f94704b4abd1f364f9063d07b.jsonl,True,741,,runtime_or_personal_data,False,False
data/mnemosyne/episodic/2026-07/mem_d8ed797bea5549f7a391d146c839efcd.jsonl,True,647,,runtime_or_personal_data,False,False
data/mnemosyne/episodic/2026-07/mem_d96d516421a24851af6dddb3b375a6f2.jsonl,True,715,,runtime_or_personal_data,False,False
data/mnemosyne/episodic/2026-07/mem_d97401439cec48058323a1290d7f4441.jsonl,True,787,,runtime_or_personal_data,False,False
data/mnemosyne/episodic/2026-07/mem_d9c7b262b616449a922a057434a98462.jsonl,True,712,,runtime_or_personal_data,False,False
data/mnemosyne/episodic/2026-07/mem_db29bdc85a11498d9f489dd8bd10a465.jsonl,True,842,,runtime_or_personal_data,False,False
data/mnemosyne/episodic/2026-07/mem_dbce50f492154fd7b42b0bbbdd8ac8e5.jsonl,True,711,,runtime_or_personal_data,False,False
data/mnemosyne/episodic/2026-07/mem_dc0b4607791b43419d8836647d1dd7df.jsonl,True,715,,runtime_or_personal_data,False,False
data/mnemosyne/episodic/2026-07/mem_dc0c76b336014687875c8223276a3fa1.jsonl,True,695,,runtime_or_personal_data,False,False
data/mnemosyne/episodic/2026-07/mem_dca1389e406f4a1d8536e3bb1ad5dcd6.jsonl,True,638,,runtime_or_personal_data,False,False
data/mnemosyne/episodic/2026-07/mem_de45d9a4bda54ecdba386c34a74ead4f.jsonl,True,752,,runtime_or_personal_data,False,False
data/mnemosyne/episodic/2026-07/mem_debcd28091bd41fb96fe53686fd97355.jsonl,True,734,,runtime_or_personal_data,False,False
data/mnemosyne/episodic/2026-07/mem_ded6d599ace5409b92b7f587396248ce.jsonl,True,784,,runtime_or_personal_data,False,False
data/mnemosyne/episodic/2026-07/mem_e12a4a7862e243d68e4991a36ab198b9.jsonl,True,884,,runtime_or_personal_data,False,False
data/mnemosyne/episodic/2026-07/mem_e226e2cfb0ad40db92a06b788cd22508.jsonl,True,636,,runtime_or_personal_data,False,False
data/mnemosyne/episodic/2026-07/mem_e28b5bea40314adfbbc3f423f1640a69.jsonl,True,648,,runtime_or_personal_data,False,False
data/mnemosyne/episodic/2026-07/mem_e2b1df8614da40b987cb89b27ae24b2b.jsonl,True,714,,runtime_or_personal_data,False,False
data/mnemosyne/episodic/2026-07/mem_e2efbcdd2b1547b0833bf9c599eaf27b.jsonl,True,714,,runtime_or_personal_data,False,False
data/mnemosyne/episodic/2026-07/mem_e33aaa1aa1904975b7264b4520bbbf6c.jsonl,True,731,,runtime_or_personal_data,False,False
data/mnemosyne/episodic/2026-07/mem_e33f9e51b14945209ee4f1fb8cc9c284.jsonl,True,755,,runtime_or_personal_data,False,False
data/mnemosyne/episodic/2026-07/mem_e36b9704e3c14f58ab8280685d4b35d8.jsonl,True,742,,runtime_or_personal_data,False,False
data/mnemosyne/episodic/2026-07/mem_e3f8a7fecd5d42cb94f8e6e7f812e55c.jsonl,True,742,,runtime_or_personal_data,False,False
data/mnemosyne/episodic/2026-07/mem_e49185e2029a4ccdb2b24e7cf39a0a67.jsonl,True,712,,runtime_or_personal_data,False,False
data/mnemosyne/episodic/2026-07/mem_e4f6cb2fee334b72b1ab7ce00398191e.jsonl,True,722,,runtime_or_personal_data,False,False
data/mnemosyne/episodic/2026-07/mem_e5371dfc1c0446fdaf3fc75b7b8af68a.jsonl,True,876,,runtime_or_personal_data,False,False
data/mnemosyne/episodic/2026-07/mem_e57774a1a39c4de08a5dbc6bd2e142bc.jsonl,True,716,,runtime_or_personal_data,False,False
data/mnemosyne/episodic/2026-07/mem_e5c46916ae924250b3c562b6049f3f33.jsonl,True,710,,runtime_or_personal_data,False,False
data/mnemosyne/episodic/2026-07/mem_e5d28ee7965c48a2a8cff5a03aae3f6a.jsonl,True,695,,runtime_or_personal_data,False,False
data/mnemosyne/episodic/2026-07/mem_e7d8bb0a3cb94a14b6837768d1e29962.jsonl,True,741,,runtime_or_personal_data,False,False
data/mnemosyne/episodic/2026-07/mem_e809caf3569b42cf872374e2b5215ede.jsonl,True,837,,runtime_or_personal_data,False,False
data/mnemosyne/episodic/2026-07/mem_e8d81da3c08d45b6b368073d34d28856.jsonl,True,742,,runtime_or_personal_data,False,False
data/mnemosyne/episodic/2026-07/mem_ea6e798b2c37415186a44b6d84ac42f5.jsonl,True,712,,runtime_or_personal_data,False,False
data/mnemosyne/episodic/2026-07/mem_eb5bf9f74d074b4d94eac5538b1f6662.jsonl,True,742,,runtime_or_personal_data,False,False
data/mnemosyne/episodic/2026-07/mem_eb98eae3572b4670b5aa33476fef214d.jsonl,True,715,,runtime_or_personal_data,False,False
data/mnemosyne/episodic/2026-07/mem_eb9e0af18a214fb28c14b5e1b2274f72.jsonl,True,742,,runtime_or_personal_data,False,False
data/mnemosyne/episodic/2026-07/mem_ec6833d5c1b94cc19268d89ee3610711.jsonl,True,632,,runtime_or_personal_data,False,False
data/mnemosyne/episodic/2026-07/mem_ed8de6b77e3f42df8e5860b03f814f7c.jsonl,True,884,,runtime_or_personal_data,False,False
data/mnemosyne/episodic/2026-07/mem_eef06aa07bd14817ad367d46f13f2224.jsonl,True,645,,runtime_or_personal_data,False,False
data/mnemosyne/episodic/2026-07/mem_eeff1b1f5a044cf4aedf119974d643df.jsonl,True,746,,runtime_or_personal_data,False,False
data/mnemosyne/episodic/2026-07/mem_ef5a9a3145374ab5afced97b7ebe34c1.jsonl,True,709,,runtime_or_personal_data,False,False
data/mnemosyne/episodic/2026-07/mem_ef5ee543e6254475a9c2cf57cd00931d.jsonl,True,636,,runtime_or_personal_data,False,False
data/mnemosyne/episodic/2026-07/mem_efccf927853e4fd1b49738af1bb1711f.jsonl,True,742,,runtime_or_personal_data,False,False
data/mnemosyne/episodic/2026-07/mem_efe237ba3090444f98888b523e83c97e.jsonl,True,714,,runtime_or_personal_data,False,False
data/mnemosyne/episodic/2026-07/mem_f002eb221574445bb46d261feffbf165.jsonl,True,645,,runtime_or_personal_data,False,False
data/mnemosyne/episodic/2026-07/mem_f04be604d15547e982b53df796a57565.jsonl,True,714,,runtime_or_personal_data,False,False
data/mnemosyne/episodic/2026-07/mem_f0a0b5821f384768837192e5e4c77a20.jsonl,True,710,,runtime_or_personal_data,False,False
data/mnemosyne/episodic/2026-07/mem_f0f1b07291084a8fbd4d2776281d7bb3.jsonl,True,715,,runtime_or_personal_data,False,False
data/mnemosyne/episodic/2026-07/mem_f10a6d1937434965b3e04785d31640e9.jsonl,True,645,,runtime_or_personal_data,False,False
data/mnemosyne/episodic/2026-07/mem_f130a5b75a54402f8eea34e8e3a2971f.jsonl,True,712,,runtime_or_personal_data,False,False
data/mnemosyne/episodic/2026-07/mem_f16218c501754be5899b6ef4a16092f4.jsonl,True,792,,runtime_or_personal_data,False,False
data/mnemosyne/episodic/2026-07/mem_f179766421e74821a756cb831d28f784.jsonl,True,705,,runtime_or_personal_data,False,False
data/mnemosyne/episodic/2026-07/mem_f19f255f742541e393cabd4b922b5588.jsonl,True,645,,runtime_or_personal_data,False,False
data/mnemosyne/episodic/2026-07/mem_f29318acfeae4c1fb0749aab50d465d7.jsonl,True,721,,runtime_or_personal_data,False,False
data/mnemosyne/episodic/2026-07/mem_f2f6c693bcf94adbb55812b6aabc5ae0.jsonl,True,636,,runtime_or_personal_data,False,False
data/mnemosyne/episodic/2026-07/mem_f30e476b8a4341a4a1afa0243c8b368f.jsonl,True,632,,runtime_or_personal_data,False,False
data/mnemosyne/episodic/2026-07/mem_f3cd5031c93140b4a8e8a5cc17a6a4ab.jsonl,True,636,,runtime_or_personal_data,False,False
data/mnemosyne/episodic/2026-07/mem_f511e598ab7f42e8a226355d864d0fb8.jsonl,True,715,,runtime_or_personal_data,False,False
data/mnemosyne/episodic/2026-07/mem_f54a1d810ea24591afb4e44998038594.jsonl,True,712,,runtime_or_personal_data,False,False
data/mnemosyne/episodic/2026-07/mem_f5d6c7e1c7ce4187828e27233be88cab.jsonl,True,742,,runtime_or_personal_data,False,False
data/mnemosyne/episodic/2026-07/mem_f5e328ec39df4435a543884bc24e9e5a.jsonl,True,716,,runtime_or_personal_data,False,False
data/mnemosyne/episodic/2026-07/mem_f60658167369482eadca30b73da27564.jsonl,True,712,,runtime_or_personal_data,False,False
data/mnemosyne/episodic/2026-07/mem_f64cead1bd864f68893fc4dc35ccec19.jsonl,True,632,,runtime_or_personal_data,False,False
data/mnemosyne/episodic/2026-07/mem_f68ff965ede84249993be4141d372afe.jsonl,True,747,,runtime_or_personal_data,False,False
data/mnemosyne/episodic/2026-07/mem_f6cacbe68971441f80d1523d8eada24b.jsonl,True,792,,runtime_or_personal_data,False,False
data/mnemosyne/episodic/2026-07/mem_f744502e993f4158835177db106696f7.jsonl,True,715,,runtime_or_personal_data,False,False
data/mnemosyne/episodic/2026-07/mem_f780e93a3efc4726884ba7d83330fcf4.jsonl,True,745,,runtime_or_personal_data,False,False
data/mnemosyne/episodic/2026-07/mem_f78ed412858d42b4ac7527b658395136.jsonl,True,712,,runtime_or_personal_data,False,False
data/mnemosyne/episodic/2026-07/mem_f7b5dbddb0d84c8a9d3c9bc2f552eb65.jsonl,True,715,,runtime_or_personal_data,False,False
data/mnemosyne/episodic/2026-07/mem_f7fb4c9f2f3e4cc792a78bd60e52cb77.jsonl,True,645,,runtime_or_personal_data,False,False
data/mnemosyne/episodic/2026-07/mem_f89dc5ead9dc4910a05283891b9556d7.jsonl,True,722,,runtime_or_personal_data,False,False
data/mnemosyne/episodic/2026-07/mem_f9c570fac4ea4dd2946bcbf64781f55c.jsonl,True,792,,runtime_or_personal_data,False,False
data/mnemosyne/episodic/2026-07/mem_fa59c34495fa426eb4d69e0d7333b502.jsonl,True,716,,runtime_or_personal_data,False,False
data/mnemosyne/episodic/2026-07/mem_fa676b6b58eb4bc5a9a0c968af68e93b.jsonl,True,632,,runtime_or_personal_data,False,False
data/mnemosyne/episodic/2026-07/mem_fac850c2a7244d8c9f8e330cd65b6f3f.jsonl,True,715,,runtime_or_personal_data,False,False
data/mnemosyne/episodic/2026-07/mem_fb1caf62c158494ea3c6ee9c2ae2209e.jsonl,True,741,,runtime_or_personal_data,False,False
data/mnemosyne/episodic/2026-07/mem_fbaac38dc7ab4036b139434b843a72e0.jsonl,True,636,,runtime_or_personal_data,False,False
data/mnemosyne/episodic/2026-07/mem_fbd3e6b4261a4f35bac98d99115f6db9.jsonl,True,743,,runtime_or_personal_data,False,False
data/mnemosyne/episodic/2026-07/mem_fbd4360394a34947873ca7b1023f748b.jsonl,True,715,,runtime_or_personal_data,False,False
data/mnemosyne/episodic/2026-07/mem_fbfc647aaa3d45cdad4abeb2ea037032.jsonl,True,713,,runtime_or_personal_data,False,False
data/mnemosyne/episodic/2026-07/mem_fc96eacfdf5c4e62a0626614ad77c532.jsonl,True,710,,runtime_or_personal_data,False,False
data/mnemosyne/episodic/2026-07/mem_fd924ab6d64b4b0197c3b32ffe3863bb.jsonl,True,708,,runtime_or_personal_data,False,False
data/mnemosyne/episodic/2026-07/mem_fda24638fae747bb9e72ac802e9e0577.jsonl,True,644,,runtime_or_personal_data,False,False
data/mnemosyne/episodic/2026-07/mem_fda8ae3d9ac44b25878d329625d3ebb5.jsonl,True,645,,runtime_or_personal_data,False,False
data/mnemosyne/episodic/2026-07/mem_fdb34d26e55d44b7a42d98bdcab337f9.jsonl,True,707,,runtime_or_personal_data,False,False
data/mnemosyne/episodic/2026-08/mem_19679cd0d601404cb8ca0e7766989f65.jsonl,True,1134,,runtime_or_personal_data,False,False
data/mnemosyne/episodic/2026-08/mem_1ad6b74ade41409e8cf7b640051932e0.jsonl,True,1140,,runtime_or_personal_data,False,False
data/mnemosyne/episodic/2026-08/mem_21d96b23aadc4e83a3ff571b65a2f884.jsonl,True,1312,,runtime_or_personal_data,False,False
data/mnemosyne/episodic/2026-08/mem_22e8f9a2c6ee4f699b2709fa5608bc7c.jsonl,True,1291,,runtime_or_personal_data,False,False
data/mnemosyne/episodic/2026-08/mem_29c52fb2d56e40c1ad465900cd2c1755.jsonl,True,1562,,runtime_or_personal_data,False,False
data/mnemosyne/episodic/2026-08/mem_2b0f9da9cb8b4010a647f212c197e5a4.jsonl,True,1192,,runtime_or_personal_data,False,False
data/mnemosyne/episodic/2026-08/mem_31e3c4db636440aabaebb1027f2f343a.jsonl,True,1450,,runtime_or_personal_data,False,False
data/mnemosyne/episodic/2026-08/mem_33feecacaf264a69944b8ac1c0e5289f.jsonl,True,1471,,runtime_or_personal_data,False,False
data/mnemosyne/episodic/2026-08/mem_3b5c9290e98b45baac018e3558cd0709.jsonl,True,1514,,runtime_or_personal_data,False,False
data/mnemosyne/episodic/2026-08/mem_40e7d201375a41f1916b00acb768627c.jsonl,True,2114,,runtime_or_personal_data,False,False
data/mnemosyne/episodic/2026-08/mem_43bd2c9495524d3d959e4e1978b30be0.jsonl,True,1514,,runtime_or_personal_data,False,False
data/mnemosyne/episodic/2026-08/mem_491cc8f22eab4451aae364bc037d11f9.jsonl,True,1275,,runtime_or_personal_data,False,False
data/mnemosyne/episodic/2026-08/mem_4d8314c1c4d44c65be7803612596abef.jsonl,True,1340,,runtime_or_personal_data,False,False
data/mnemosyne/episodic/2026-08/mem_54bb4002e98d4b8895782d4b5b097a96.jsonl,True,1266,,runtime_or_personal_data,False,False
data/mnemosyne/episodic/2026-08/mem_5f056a239a1141529a5dec54d0830f47.jsonl,True,1247,,runtime_or_personal_data,False,False
data/mnemosyne/episodic/2026-08/mem_65318f16b2794990b9ac8b11860ba00d.jsonl,True,1487,,runtime_or_personal_data,False,False
data/mnemosyne/episodic/2026-08/mem_6ae7d4beb8614b5cabddd2d9b07290f8.jsonl,True,1492,,runtime_or_personal_data,False,False
data/mnemosyne/episodic/2026-08/mem_6e5a099064444f9aa212b4b35435fb32.jsonl,True,1478,,runtime_or_personal_data,False,False
data/mnemosyne/episodic/2026-08/mem_83d54eac39cc4c64aa232f14f80707b0.jsonl,True,818,,runtime_or_personal_data,False,False
data/mnemosyne/episodic/2026-08/mem_8cb89c20f3854bce87dbaa073d446f09.jsonl,True,1306,,runtime_or_personal_data,False,False
data/mnemosyne/episodic/2026-08/mem_8dfc87617f4a4700a8318ad5d20ecce9.jsonl,True,1154,,runtime_or_personal_data,False,False
data/mnemosyne/episodic/2026-08/mem_8e0ac6f27d1f4cba946f9ea620bd889d.jsonl,True,1384,,runtime_or_personal_data,False,False
data/mnemosyne/episodic/2026-08/mem_981f767d515843c49329248810afc1d5.jsonl,True,1300,,runtime_or_personal_data,False,False
data/mnemosyne/episodic/2026-08/mem_9aa6c44e9c194bb7804d7aee3acb6f80.jsonl,True,1106,,runtime_or_personal_data,False,False
data/mnemosyne/episodic/2026-08/mem_a0c69d37c7be43e0b3f73634a511b711.jsonl,True,783,,runtime_or_personal_data,False,False
data/mnemosyne/episodic/2026-08/mem_ab948258b0024c0898f730e0571ba2a9.jsonl,True,1461,,runtime_or_personal_data,False,False
data/mnemosyne/episodic/2026-08/mem_bae84781ba3547e5a68c611b6b2869dc.jsonl,True,1987,,runtime_or_personal_data,False,False
data/mnemosyne/episodic/2026-08/mem_be274b4523324466b8451e7d3938c274.jsonl,True,1131,,runtime_or_personal_data,False,False
data/mnemosyne/episodic/2026-08/mem_c0efe1933cbf44f8b186a82998634a3f.jsonl,True,1197,,runtime_or_personal_data,False,False
data/mnemosyne/episodic/2026-08/mem_c3949819afaf4e79b3b9f6507602024d.jsonl,True,1569,,runtime_or_personal_data,False,False
data/mnemosyne/episodic/2026-08/mem_e64b8f9e6c6d4bbfa72000a95dd9450d.jsonl,True,1466,,runtime_or_personal_data,False,False
data/mnemosyne/episodic/2026-08/mem_f7d8cd62622d4e4c9d7e11eb250c9249.jsonl,True,1482,,runtime_or_personal_data,False,False
data/mnemosyne/episodic/2026-09/mem_0735e69626c14ac390359ab77cf15f8b.jsonl,True,2295,,runtime_or_personal_data,False,False
data/mnemosyne/episodic/2026-09/mem_0ab682113b244d7d827d9deb3997b87f.jsonl,True,1313,,runtime_or_personal_data,False,False
data/mnemosyne/episodic/2026-09/mem_0c7b3e08bd16448b9f0e800d2dbe8c29.jsonl,True,1198,,runtime_or_personal_data,False,False
data/mnemosyne/episodic/2026-09/mem_103e34ebea6a454a8d41c6bc85429fee.jsonl,True,1191,,runtime_or_personal_data,False,False
data/mnemosyne/episodic/2026-09/mem_18ca3a8580ac4ae98702e53b4c74d7d3.jsonl,True,1247,,runtime_or_personal_data,False,False
data/mnemosyne/episodic/2026-09/mem_1e3b20959b48462d9a25b455772052bb.jsonl,True,1182,,runtime_or_personal_data,False,False
data/mnemosyne/episodic/2026-09/mem_1e65042dfd9d41cf9b98902e7ef8c0fe.jsonl,True,1249,,runtime_or_personal_data,False,False
data/mnemosyne/episodic/2026-09/mem_2a347e21cbfe45878a23cf3d6ca6174c.jsonl,True,1244,,runtime_or_personal_data,False,False
data/mnemosyne/episodic/2026-09/mem_2b70798b1cab4c57844d3da50eb0de91.jsonl,True,2839,,runtime_or_personal_data,False,False
data/mnemosyne/episodic/2026-09/mem_2c61245c7b6744c993432c6e73d4e692.jsonl,True,1141,,runtime_or_personal_data,False,False
data/mnemosyne/episodic/2026-09/mem_2e3b0eb953d448cdb0c35836456ebe28.jsonl,True,2381,,runtime_or_personal_data,False,False
data/mnemosyne/episodic/2026-09/mem_3124f3cc1cf4409e88b3ad4aa2508e12.jsonl,True,1323,,runtime_or_personal_data,False,False
data/mnemosyne/episodic/2026-09/mem_347e6f0c3ff94392894cc4cb23ae5e7f.jsonl,True,1586,,runtime_or_personal_data,False,False
data/mnemosyne/episodic/2026-09/mem_34cef2f6f45941a68003855adb979ecc.jsonl,True,1306,,runtime_or_personal_data,False,False
data/mnemosyne/episodic/2026-09/mem_3bbc97c7190d47398b56b4cce20c9c06.jsonl,True,2518,,runtime_or_personal_data,False,False
data/mnemosyne/episodic/2026-09/mem_4027e97866a147b98a4e4ebcc0d17a50.jsonl,True,1309,,runtime_or_personal_data,False,False
data/mnemosyne/episodic/2026-09/mem_40fd71cf1efb40c8b63302de91c27b79.jsonl,True,2176,,runtime_or_personal_data,False,False
data/mnemosyne/episodic/2026-09/mem_43765a624bce48a0b338651f571a0e73.jsonl,True,2773,,runtime_or_personal_data,False,False
data/mnemosyne/episodic/2026-09/mem_4ceacddbac0e4877b9f2adbe30c46f01.jsonl,True,2806,,runtime_or_personal_data,False,False
data/mnemosyne/episodic/2026-09/mem_4d9bb9268f824885b2de5356216ab257.jsonl,True,1338,,runtime_or_personal_data,False,False
data/mnemosyne/episodic/2026-09/mem_4ebc754e01f84d3a905571bff0c85816.jsonl,True,1961,,runtime_or_personal_data,False,False
data/mnemosyne/episodic/2026-09/mem_50edf9b6aa74419bb844429587dcdd94.jsonl,True,1312,,runtime_or_personal_data,False,False
data/mnemosyne/episodic/2026-09/mem_5a18f9d3a096403c88d1d3567d833225.jsonl,True,1165,,runtime_or_personal_data,False,False
data/mnemosyne/episodic/2026-09/mem_5a1f21f662a0435dba4974a0a643f1b9.jsonl,True,2016,,runtime_or_personal_data,False,False
data/mnemosyne/episodic/2026-09/mem_5aafdc9bb70845d2a696659cb8aef1cc.jsonl,True,2889,,runtime_or_personal_data,False,False
data/mnemosyne/episodic/2026-09/mem_5e2983afdaca4bd098eb0177a969f318.jsonl,True,1312,,runtime_or_personal_data,False,False
data/mnemosyne/episodic/2026-09/mem_612eb07f4b424d62b219c736d702164e.jsonl,True,1169,,runtime_or_personal_data,False,False
data/mnemosyne/episodic/2026-09/mem_628732145775412b9c9b8b3c0132191a.jsonl,True,1146,,runtime_or_personal_data,False,False
data/mnemosyne/episodic/2026-09/mem_649aa6ff9a714f0fa8d1cc8f050b24a8.jsonl,True,2201,,runtime_or_personal_data,False,False
data/mnemosyne/episodic/2026-09/mem_657d90a7f5ea46aa9f039c23ee57d37b.jsonl,True,1173,,runtime_or_personal_data,False,False
data/mnemosyne/episodic/2026-09/mem_65ab2956e1304837afe6107a94197f14.jsonl,True,1267,,runtime_or_personal_data,False,False
data/mnemosyne/episodic/2026-09/mem_675ad8b3a9024fdbbdef8b7206ecc9b4.jsonl,True,1326,,runtime_or_personal_data,False,False
data/mnemosyne/episodic/2026-09/mem_6a69f9ba99b14dc6a7a59ef87f6a7237.jsonl,True,1930,,runtime_or_personal_data,False,False
data/mnemosyne/episodic/2026-09/mem_6ac9de1a847f4292975c5997b5d77e02.jsonl,True,1572,,runtime_or_personal_data,False,False
data/mnemosyne/episodic/2026-09/mem_741d7021e3fa4660a00ad230c53b01c1.jsonl,True,2475,,runtime_or_personal_data,False,False
data/mnemosyne/episodic/2026-09/mem_752a2b07f81041a29a8b29a77004e3aa.jsonl,True,1184,,runtime_or_personal_data,False,False
data/mnemosyne/episodic/2026-09/mem_765b2c1f562148c3822bde942a1fa736.jsonl,True,2273,,runtime_or_personal_data,False,False
data/mnemosyne/episodic/2026-09/mem_76d5ec75b4a74ed4bd7f3573d680906a.jsonl,True,2314,,runtime_or_personal_data,False,False
data/mnemosyne/episodic/2026-09/mem_7ac48e65306a43c98d0a6d6a807a6162.jsonl,True,1281,,runtime_or_personal_data,False,False
data/mnemosyne/episodic/2026-09/mem_7bf0143343e8448fb3f4797288b39c8b.jsonl,True,1226,,runtime_or_personal_data,False,False
data/mnemosyne/episodic/2026-09/mem_7db0aa36b976471497c70eee08dba40f.jsonl,True,1314,,runtime_or_personal_data,False,False
data/mnemosyne/episodic/2026-09/mem_7e56ab5a2fd548449e84650e07734668.jsonl,True,1891,,runtime_or_personal_data,False,False
data/mnemosyne/episodic/2026-09/mem_84ca0e9e37af4dcfb44cc6a3ecb740b2.jsonl,True,1269,,runtime_or_personal_data,False,False
data/mnemosyne/episodic/2026-09/mem_85677ea7523941438b12149619e59b3f.jsonl,True,1206,,runtime_or_personal_data,False,False
data/mnemosyne/episodic/2026-09/mem_87faa12f4c884bf0a78140aa96bf8873.jsonl,True,1270,,runtime_or_personal_data,False,False
data/mnemosyne/episodic/2026-09/mem_92a5fd2252484f209557ddc4040e9816.jsonl,True,2014,,runtime_or_personal_data,False,False
data/mnemosyne/episodic/2026-09/mem_97d7e984c5c94ba0820726d73e4187c5.jsonl,True,2967,,runtime_or_personal_data,False,False
data/mnemosyne/episodic/2026-09/mem_99e9d3cc47ef4b48bec2a1b105cacc61.jsonl,True,1186,,runtime_or_personal_data,False,False
data/mnemosyne/episodic/2026-09/mem_9a7668fe73a54e589d0e0e8133fbc5f1.jsonl,True,2587,,runtime_or_personal_data,False,False
data/mnemosyne/episodic/2026-09/mem_9b5c3e4abc754efa92168be4dfb9d40f.jsonl,True,1184,,runtime_or_personal_data,False,False
data/mnemosyne/episodic/2026-09/mem_a286946d864849e683f0299cf6bcb74d.jsonl,True,1936,,runtime_or_personal_data,False,False
data/mnemosyne/episodic/2026-09/mem_a6fc01ff91a04a2380041f85c3fc0459.jsonl,True,3045,,runtime_or_personal_data,False,False
data/mnemosyne/episodic/2026-09/mem_adc4b39bab85450fa4d05c60b58c16cc.jsonl,True,2395,,runtime_or_personal_data,False,False
data/mnemosyne/episodic/2026-09/mem_aecd76bc519d484ab56592976a53ab36.jsonl,True,1249,,runtime_or_personal_data,False,False
data/mnemosyne/episodic/2026-09/mem_b1879a7bcd46475f90fdaf10a3f290ed.jsonl,True,1359,,runtime_or_personal_data,False,False
data/mnemosyne/episodic/2026-09/mem_b6d852c85d754bb39310b190ac95426b.jsonl,True,1346,,runtime_or_personal_data,False,False
data/mnemosyne/episodic/2026-09/mem_b7973efeaecb44a395e62344a31e450c.jsonl,True,2269,,runtime_or_personal_data,False,False
data/mnemosyne/episodic/2026-09/mem_b8457b217f45427db0cf8e033900a5b2.jsonl,True,2897,,runtime_or_personal_data,False,False
data/mnemosyne/episodic/2026-09/mem_b992326d99ec438c9ca3f8703a5d8cde.jsonl,True,2588,,runtime_or_personal_data,False,False
data/mnemosyne/episodic/2026-09/mem_bf69c9df2f4e4e8889537b74d94e4c1f.jsonl,True,1172,,runtime_or_personal_data,False,False
data/mnemosyne/episodic/2026-09/mem_bf78df6891254130b966125aa199fb5c.jsonl,True,3081,,runtime_or_personal_data,False,False
data/mnemosyne/episodic/2026-09/mem_c59e51ec0817444988d439e9c8fd2595.jsonl,True,1250,,runtime_or_personal_data,False,False
data/mnemosyne/episodic/2026-09/mem_c8890bbd59214825af34b3c3f635a125.jsonl,True,1168,,runtime_or_personal_data,False,False
data/mnemosyne/episodic/2026-09/mem_c94e1fc0619d41a7a2646e6ea1fdf740.jsonl,True,1177,,runtime_or_personal_data,False,False
data/mnemosyne/episodic/2026-09/mem_ce8801a248b74e68b05ea93e962a57ed.jsonl,True,2465,,runtime_or_personal_data,False,False
data/mnemosyne/episodic/2026-09/mem_d14bfa995d4f4ba28e2db3dca1eb1848.jsonl,True,1311,,runtime_or_personal_data,False,False
data/mnemosyne/episodic/2026-09/mem_d19bcfde8f7e452eab982723cd371af5.jsonl,True,1338,,runtime_or_personal_data,False,False
data/mnemosyne/episodic/2026-09/mem_d7b3dbd2b90b4345ae21ecff88bbcdce.jsonl,True,2381,,runtime_or_personal_data,False,False
data/mnemosyne/episodic/2026-09/mem_d7f1bbe1f82042258cb09f11b4240218.jsonl,True,1243,,runtime_or_personal_data,False,False
data/mnemosyne/episodic/2026-09/mem_d90609667fe6490786195f68932b7e32.jsonl,True,2707,,runtime_or_personal_data,False,False
data/mnemosyne/episodic/2026-09/mem_ede16b46fe8348909e2b9e4cb160d27d.jsonl,True,1176,,runtime_or_personal_data,False,False
data/mnemosyne/episodic/2026-09/mem_ee2bfb432f434661b5a5737483cd25d1.jsonl,True,1185,,runtime_or_personal_data,False,False
data/mnemosyne/episodic/2026-09/mem_ef77377c4ffd40849183580ab81085f5.jsonl,True,1149,,runtime_or_personal_data,False,False
data/mnemosyne/episodic/2026-09/mem_f113483c91d44c2b850f3b29f6bd798b.jsonl,True,1196,,runtime_or_personal_data,False,False
data/mnemosyne/episodic/2026-09/mem_f483fc2211914214bb931034bc019d48.jsonl,True,1249,,runtime_or_personal_data,False,False
data/mnemosyne/episodic/2026-09/mem_f6484fac645e4d53accbd36a14340113.jsonl,True,1366,,runtime_or_personal_data,False,False
data/mnemosyne/episodic/2026-09/mem_fb333a00eb81480a9b5772abacce7f72.jsonl,True,1894,,runtime_or_personal_data,False,False
data/mnemosyne/episodic/2026-09/mem_fd2f653506624566a0b3759c96cb5c9a.jsonl,True,2193,,runtime_or_personal_data,False,False
data/mnemosyne/episodic/2026-09/mem_fe227bab55644e35825d5a2a30255a44.jsonl,True,1385,,runtime_or_personal_data,False,False
data/mnemosyne/episodic/2026-09/mem_fe51389292e042a080e5451b82a47d1a.jsonl,True,1167,,runtime_or_personal_data,False,False
data/mnemosyne/last_consolidation_utc,True,0,,runtime_or_personal_data,False,False
data/mnemosyne/noise.jsonl,True,167806,,runtime_or_personal_data,False,False
data/mnemosyne/obsidian_index.jsonl,True,0,,runtime_or_personal_data,False,False
data/mnemosyne/semantic/athena_policy_ready/athena_policy_ready_src_3c43db4d.jsonl,True,32696,,runtime_or_personal_data,False,False
data/mnemosyne/semantic/athena_policy_ready/athena_policy_ready_src_d46d1480.jsonl,True,31425,,runtime_or_personal_data,False,False
data/mnemosyne/semantic/athena_policy_ready/athena_policy_ready_src_df11630e.jsonl,True,31360,,runtime_or_personal_data,False,False
data/relic/delivery_ack.json,True,391,,runtime_or_personal_data,False,False
data/resource-ledger/events.jsonl,True,254478,,runtime_or_personal_data,False,False
data/runs/c32-fresh-project-2-attempt-1/checkpoint.json,True,1899,,runtime_or_personal_data,False,False
data/runs/c32-fresh-project-2-attempt-1/events.jsonl,True,2066,,runtime_or_personal_data,False,False
data/runs/c32-fresh-project-2-attempt-1/journal.lock,True,0,,runtime_or_personal_data,False,False
data/runs/c32-paired-project-1-attempt-1/checkpoint.json,True,1908,,runtime_or_personal_data,False,False
data/runs/c32-paired-project-1-attempt-1/events.jsonl,True,2088,,runtime_or_personal_data,False,False
data/runs/c32-paired-project-1-attempt-1/journal.lock,True,0,,runtime_or_personal_data,False,False
data/runs/m1-gate1-acceptance-20260922/checkpoint.json,True,1138,,runtime_or_personal_data,False,False
data/runs/m1-gate1-acceptance-20260922/events.jsonl,True,1657,,runtime_or_personal_data,False,False
data/runs/m1-gate1-acceptance-20260922/journal.lock,True,0,,runtime_or_personal_data,False,False
data/runs/m1-gate1-execute-20260922/checkpoint.json,True,4116,,runtime_or_personal_data,False,False
data/runs/m1-gate1-execute-20260922/events.jsonl,True,5030,,runtime_or_personal_data,False,False
data/runs/m1-gate1-execute-20260922/journal.lock,True,0,,runtime_or_personal_data,False,False
data/runs/m1-gate1-execute-20260922/result.json,True,189,,runtime_or_personal_data,False,False
data/runs/objective-cutover-final-cancellation-20260915-leaf-cutover-final-cancellation-20260915-leaf-attempt-1/checkpoint.json,True,7376,,runtime_or_personal_data,False,False
data/runs/objective-cutover-final-cancellation-20260915-leaf-cutover-final-cancellation-20260915-leaf-attempt-1/events.jsonl,True,4987,,runtime_or_personal_data,False,False
data/runs/objective-cutover-final-cancellation-20260915-leaf-cutover-final-cancellation-20260915-leaf-attempt-1/execution-receipts/execute.json,True,3283,,runtime_or_personal_data,False,False
data/runs/objective-cutover-final-cancellation-20260915-leaf-cutover-final-cancellation-20260915-leaf-attempt-1/journal.lock,True,0,,runtime_or_personal_data,False,False
data/runs/objective-cutover-final-cancellation-20260915-leaf-cutover-final-cancellation-20260915-leaf-attempt-1/result.json,True,711,,runtime_or_personal_data,False,False
data/runs/objective-cutover-final-scheduled-20260915-leaf-cutover-final-scheduled-20260915-leaf-attempt-1/checkpoint.json,True,8369,,runtime_or_personal_data,False,False
data/runs/objective-cutover-final-scheduled-20260915-leaf-cutover-final-scheduled-20260915-leaf-attempt-1/events.jsonl,True,9684,,runtime_or_personal_data,False,False
data/runs/objective-cutover-final-scheduled-20260915-leaf-cutover-final-scheduled-20260915-leaf-attempt-1/execution-receipts/close.json,True,1594,,runtime_or_personal_data,False,False
data/runs/objective-cutover-final-scheduled-20260915-leaf-cutover-final-scheduled-20260915-leaf-attempt-1/execution-receipts/execute.json,True,3264,,runtime_or_personal_data,False,False
data/runs/objective-cutover-final-scheduled-20260915-leaf-cutover-final-scheduled-20260915-leaf-attempt-1/execution-receipts/review.json,True,3399,,runtime_or_personal_data,False,False
data/runs/objective-cutover-final-scheduled-20260915-leaf-cutover-final-scheduled-20260915-leaf-attempt-1/execution-receipts/verify.json,True,3200,,runtime_or_personal_data,False,False
data/runs/objective-cutover-final-scheduled-20260915-leaf-cutover-final-scheduled-20260915-leaf-attempt-1/journal.lock,True,0,,runtime_or_personal_data,False,False
data/runs/objective-cutover-final-scheduled-20260915-leaf-cutover-final-scheduled-20260915-leaf-attempt-1/result.json,True,1026,,runtime_or_personal_data,False,False
data/runs/objective-cutover-local-acceptance-20260915-leaf-cutover-local-acceptance-20260915-leaf-attempt-1/checkpoint.json,True,6935,,runtime_or_personal_data,False,False
data/runs/objective-cutover-local-acceptance-20260915-leaf-cutover-local-acceptance-20260915-leaf-attempt-1/events.jsonl,True,3246,,runtime_or_personal_data,False,False
data/runs/objective-cutover-local-acceptance-20260915-leaf-cutover-local-acceptance-20260915-leaf-attempt-1/journal.lock,True,0,,runtime_or_personal_data,False,False
data/runs/objective-cutover-local-cancellation-20260915-leaf-cutover-local-cancellation-20260915-leaf-attempt-1/checkpoint.json,True,7376,,runtime_or_personal_data,False,False
data/runs/objective-cutover-local-cancellation-20260915-leaf-cutover-local-cancellation-20260915-leaf-attempt-1/events.jsonl,True,4987,,runtime_or_personal_data,False,False
data/runs/objective-cutover-local-cancellation-20260915-leaf-cutover-local-cancellation-20260915-leaf-attempt-1/execution-receipts/execute.json,True,3283,,runtime_or_personal_data,False,False
data/runs/objective-cutover-local-cancellation-20260915-leaf-cutover-local-cancellation-20260915-leaf-attempt-1/journal.lock,True,0,,runtime_or_personal_data,False,False
data/runs/objective-cutover-local-cancellation-20260915-leaf-cutover-local-cancellation-20260915-leaf-attempt-1/result.json,True,711,,runtime_or_personal_data,False,False
data/runs/objective-cutover-local-fixed-20260915-leaf-cutover-local-fixed-20260915-leaf-attempt-1/checkpoint.json,True,8273,,runtime_or_personal_data,False,False
data/runs/objective-cutover-local-fixed-20260915-leaf-cutover-local-fixed-20260915-leaf-attempt-1/events.jsonl,True,9380,,runtime_or_personal_data,False,False
data/runs/objective-cutover-local-fixed-20260915-leaf-cutover-local-fixed-20260915-leaf-attempt-1/execution-receipts/close.json,True,1578,,runtime_or_personal_data,False,False
data/runs/objective-cutover-local-fixed-20260915-leaf-cutover-local-fixed-20260915-leaf-attempt-1/execution-receipts/execute.json,True,3220,,runtime_or_personal_data,False,False
data/runs/objective-cutover-local-fixed-20260915-leaf-cutover-local-fixed-20260915-leaf-attempt-1/execution-receipts/review.json,True,3330,,runtime_or_personal_data,False,False
data/runs/objective-cutover-local-fixed-20260915-leaf-cutover-local-fixed-20260915-leaf-attempt-1/execution-receipts/verify.json,True,3296,,runtime_or_personal_data,False,False
data/runs/objective-cutover-local-fixed-20260915-leaf-cutover-local-fixed-20260915-leaf-attempt-1/journal.lock,True,0,,runtime_or_personal_data,False,False
data/runs/objective-cutover-local-fixed-20260915-leaf-cutover-local-fixed-20260915-leaf-attempt-1/result.json,True,757,,runtime_or_personal_data,False,False
data/runs/objective-cutover-local-interrupted-20260915-leaf-cutover-local-interrupted-20260915-leaf-attempt-1/checkpoint.json,True,7358,,runtime_or_personal_data,False,False
data/runs/objective-cutover-local-interrupted-20260915-leaf-cutover-local-interrupted-20260915-leaf-attempt-1/events.jsonl,True,5782,,runtime_or_personal_data,False,False
data/runs/objective-cutover-local-interrupted-20260915-leaf-cutover-local-interrupted-20260915-leaf-attempt-1/execution-receipts/execute.json,True,3166,,runtime_or_personal_data,False,False
data/runs/objective-cutover-local-interrupted-20260915-leaf-cutover-local-interrupted-20260915-leaf-attempt-1/journal.lock,True,0,,runtime_or_personal_data,False,False
data/runs/objective-cutover-local-interrupted-20260915-leaf-cutover-local-interrupted-20260915-leaf-attempt-1/result.json,True,672,,runtime_or_personal_data,False,False
data/runs/objective-cutover-local-recovered-20260915-leaf-cutover-local-recovered-20260915-leaf-attempt-1/checkpoint.json,True,8369,,runtime_or_personal_data,False,False
data/runs/objective-cutover-local-recovered-20260915-leaf-cutover-local-recovered-20260915-leaf-attempt-1/events.jsonl,True,10891,,runtime_or_personal_data,False,False
data/runs/objective-cutover-local-recovered-20260915-leaf-cutover-local-recovered-20260915-leaf-attempt-1/execution-receipts/close.json,True,1594,,runtime_or_personal_data,False,False
data/runs/objective-cutover-local-recovered-20260915-leaf-cutover-local-recovered-20260915-leaf-attempt-1/execution-receipts/execute.json,True,3253,,runtime_or_personal_data,False,False
data/runs/objective-cutover-local-recovered-20260915-leaf-cutover-local-recovered-20260915-leaf-attempt-1/execution-receipts/review.json,True,3516,,runtime_or_personal_data,False,False
data/runs/objective-cutover-local-recovered-20260915-leaf-cutover-local-recovered-20260915-leaf-attempt-1/execution-receipts/verify.json,True,3329,,runtime_or_personal_data,False,False
data/runs/objective-cutover-local-recovered-20260915-leaf-cutover-local-recovered-20260915-leaf-attempt-1/journal.lock,True,0,,runtime_or_personal_data,False,False
data/runs/objective-cutover-local-recovered-20260915-leaf-cutover-local-recovered-20260915-leaf-attempt-1/result.json,True,911,,runtime_or_personal_data,False,False
data/runs/objective-cutover-local-scheduled-20260915-leaf-cutover-local-scheduled-20260915-leaf-attempt-1/checkpoint.json,True,8369,,runtime_or_personal_data,False,False
data/runs/objective-cutover-local-scheduled-20260915-leaf-cutover-local-scheduled-20260915-leaf-attempt-1/events.jsonl,True,9684,,runtime_or_personal_data,False,False
data/runs/objective-cutover-local-scheduled-20260915-leaf-cutover-local-scheduled-20260915-leaf-attempt-1/execution-receipts/close.json,True,1594,,runtime_or_personal_data,False,False
data/runs/objective-cutover-local-scheduled-20260915-leaf-cutover-local-scheduled-20260915-leaf-attempt-1/execution-receipts/execute.json,True,3253,,runtime_or_personal_data,False,False
data/runs/objective-cutover-local-scheduled-20260915-leaf-cutover-local-scheduled-20260915-leaf-attempt-1/execution-receipts/review.json,True,3414,,runtime_or_personal_data,False,False
data/runs/objective-cutover-local-scheduled-20260915-leaf-cutover-local-scheduled-20260915-leaf-attempt-1/execution-receipts/verify.json,True,3329,,runtime_or_personal_data,False,False
data/runs/objective-cutover-local-scheduled-20260915-leaf-cutover-local-scheduled-20260915-leaf-attempt-1/journal.lock,True,0,,runtime_or_personal_data,False,False
data/runs/objective-cutover-local-scheduled-20260915-leaf-cutover-local-scheduled-20260915-leaf-attempt-1/result.json,True,809,,runtime_or_personal_data,False,False
data/runs/objective-operator-objective-1319f0404a18a27b-leaf-operator-objective-1319f0404a18a27b-join-attempt-5/checkpoint.json,True,7415,,runtime_or_personal_data,False,False
data/runs/objective-operator-objective-1319f0404a18a27b-leaf-operator-objective-1319f0404a18a27b-join-attempt-5/events.jsonl,True,4681,,runtime_or_personal_data,False,False
data/runs/objective-operator-objective-1319f0404a18a27b-leaf-operator-objective-1319f0404a18a27b-join-attempt-5/journal.lock,True,0,,runtime_or_personal_data,False,False
data/runs/objective-operator-objective-1319f0404a18a27b-leaf-operator-objective-1319f0404a18a27b-project-1-attempt-5/checkpoint.json,True,7480,,runtime_or_personal_data,False,False
data/runs/objective-operator-objective-1319f0404a18a27b-leaf-operator-objective-1319f0404a18a27b-project-1-attempt-5/events.jsonl,True,4771,,runtime_or_personal_data,False,False
data/runs/objective-operator-objective-1319f0404a18a27b-leaf-operator-objective-1319f0404a18a27b-project-1-attempt-5/journal.lock,True,0,,runtime_or_personal_data,False,False
data/runs/objective-operator-objective-1c8d6262ff693e53-leaf-operator-objective-1c8d6262ff693e53-join-attempt-1/checkpoint.json,True,8532,,runtime_or_personal_data,False,False
data/runs/objective-operator-objective-1c8d6262ff693e53-leaf-operator-objective-1c8d6262ff693e53-join-attempt-1/events.jsonl,True,10029,,runtime_or_personal_data,False,False
data/runs/objective-operator-objective-1c8d6262ff693e53-leaf-operator-objective-1c8d6262ff693e53-join-attempt-1/execution-receipts/close.json,True,1269,,runtime_or_personal_data,False,False
data/runs/objective-operator-objective-1c8d6262ff693e53-leaf-operator-objective-1c8d6262ff693e53-join-attempt-1/execution-receipts/execute.json,True,1892,,runtime_or_personal_data,False,False
data/runs/objective-operator-objective-1c8d6262ff693e53-leaf-operator-objective-1c8d6262ff693e53-join-attempt-1/execution-receipts/review.json,True,2302,,runtime_or_personal_data,False,False
data/runs/objective-operator-objective-1c8d6262ff693e53-leaf-operator-objective-1c8d6262ff693e53-join-attempt-1/execution-receipts/verify.json,True,1882,,runtime_or_personal_data,False,False
data/runs/objective-operator-objective-1c8d6262ff693e53-leaf-operator-objective-1c8d6262ff693e53-join-attempt-1/journal.lock,True,0,,runtime_or_personal_data,False,False
data/runs/objective-operator-objective-1c8d6262ff693e53-leaf-operator-objective-1c8d6262ff693e53-join-attempt-1/result.json,True,732,,runtime_or_personal_data,False,False
data/runs/objective-operator-objective-1c8d6262ff693e53-leaf-operator-objective-1c8d6262ff693e53-project-1-attempt-1/checkpoint.json,True,7122,,runtime_or_personal_data,False,False
data/runs/objective-operator-objective-1c8d6262ff693e53-leaf-operator-objective-1c8d6262ff693e53-project-1-attempt-1/events.jsonl,True,4709,,runtime_or_personal_data,False,False
data/runs/objective-operator-objective-1c8d6262ff693e53-leaf-operator-objective-1c8d6262ff693e53-project-1-attempt-1/journal.lock,True,0,,runtime_or_personal_data,False,False
data/runs/objective-operator-objective-1c8d6262ff693e53-leaf-operator-objective-1c8d6262ff693e53-project-1-attempt-2/checkpoint.json,True,8617,,runtime_or_personal_data,False,False
data/runs/objective-operator-objective-1c8d6262ff693e53-leaf-operator-objective-1c8d6262ff693e53-project-1-attempt-2/events.jsonl,True,10249,,runtime_or_personal_data,False,False
data/runs/objective-operator-objective-1c8d6262ff693e53-leaf-operator-objective-1c8d6262ff693e53-project-1-attempt-2/execution-receipts/close.json,True,1279,,runtime_or_personal_data,False,False
data/runs/objective-operator-objective-1c8d6262ff693e53-leaf-operator-objective-1c8d6262ff693e53-project-1-attempt-2/execution-receipts/execute.json,True,1706,,runtime_or_personal_data,False,False
data/runs/objective-operator-objective-1c8d6262ff693e53-leaf-operator-objective-1c8d6262ff693e53-project-1-attempt-2/execution-receipts/review.json,True,2375,,runtime_or_personal_data,False,False
data/runs/objective-operator-objective-1c8d6262ff693e53-leaf-operator-objective-1c8d6262ff693e53-project-1-attempt-2/execution-receipts/verify.json,True,1687,,runtime_or_personal_data,False,False
data/runs/objective-operator-objective-1c8d6262ff693e53-leaf-operator-objective-1c8d6262ff693e53-project-1-attempt-2/journal.lock,True,0,,runtime_or_personal_data,False,False
data/runs/objective-operator-objective-1c8d6262ff693e53-leaf-operator-objective-1c8d6262ff693e53-project-1-attempt-2/result.json,True,761,,runtime_or_personal_data,False,False
data/runs/objective-operator-objective-1c8d6262ff693e53-leaf-operator-objective-1c8d6262ff693e53-project-2-attempt-1/checkpoint.json,True,7122,,runtime_or_personal_data,False,False
data/runs/objective-operator-objective-1c8d6262ff693e53-leaf-operator-objective-1c8d6262ff693e53-project-2-attempt-1/events.jsonl,True,4709,,runtime_or_personal_data,False,False
data/runs/objective-operator-objective-1c8d6262ff693e53-leaf-operator-objective-1c8d6262ff693e53-project-2-attempt-1/journal.lock,True,0,,runtime_or_personal_data,False,False
data/runs/objective-operator-objective-1c8d6262ff693e53-leaf-operator-objective-1c8d6262ff693e53-project-2-attempt-2/checkpoint.json,True,7949,,runtime_or_personal_data,False,False
data/runs/objective-operator-objective-1c8d6262ff693e53-leaf-operator-objective-1c8d6262ff693e53-project-2-attempt-2/events.jsonl,True,8729,,runtime_or_personal_data,False,False
data/runs/objective-operator-objective-1c8d6262ff693e53-leaf-operator-objective-1c8d6262ff693e53-project-2-attempt-2/execution-receipts/execute.json,True,1704,,runtime_or_personal_data,False,False
data/runs/objective-operator-objective-1c8d6262ff693e53-leaf-operator-objective-1c8d6262ff693e53-project-2-attempt-2/execution-receipts/review.json,True,2535,,runtime_or_personal_data,False,False
data/runs/objective-operator-objective-1c8d6262ff693e53-leaf-operator-objective-1c8d6262ff693e53-project-2-attempt-2/execution-receipts/verify.json,True,1870,,runtime_or_personal_data,False,False
data/runs/objective-operator-objective-1c8d6262ff693e53-leaf-operator-objective-1c8d6262ff693e53-project-2-attempt-2/journal.lock,True,0,,runtime_or_personal_data,False,False
data/runs/objective-operator-objective-1c8d6262ff693e53-leaf-operator-objective-1c8d6262ff693e53-project-2-attempt-2/result.json,True,858,,runtime_or_personal_data,False,False
data/runs/objective-operator-objective-1c8d6262ff693e53-leaf-operator-objective-1c8d6262ff693e53-project-2-attempt-3/checkpoint.json,True,8617,,runtime_or_personal_data,False,False
data/runs/objective-operator-objective-1c8d6262ff693e53-leaf-operator-objective-1c8d6262ff693e53-project-2-attempt-3/events.jsonl,True,10249,,runtime_or_personal_data,False,False
data/runs/objective-operator-objective-1c8d6262ff693e53-leaf-operator-objective-1c8d6262ff693e53-project-2-attempt-3/execution-receipts/close.json,True,1279,,runtime_or_personal_data,False,False
data/runs/objective-operator-objective-1c8d6262ff693e53-leaf-operator-objective-1c8d6262ff693e53-project-2-attempt-3/execution-receipts/execute.json,True,1684,,runtime_or_personal_data,False,False
data/runs/objective-operator-objective-1c8d6262ff693e53-leaf-operator-objective-1c8d6262ff693e53-project-2-attempt-3/execution-receipts/review.json,True,2077,,runtime_or_personal_data,False,False
data/runs/objective-operator-objective-1c8d6262ff693e53-leaf-operator-objective-1c8d6262ff693e53-project-2-attempt-3/execution-receipts/verify.json,True,1890,,runtime_or_personal_data,False,False
data/runs/objective-operator-objective-1c8d6262ff693e53-leaf-operator-objective-1c8d6262ff693e53-project-2-attempt-3/journal.lock,True,0,,runtime_or_personal_data,False,False
data/runs/objective-operator-objective-1c8d6262ff693e53-leaf-operator-objective-1c8d6262ff693e53-project-2-attempt-3/result.json,True,788,,runtime_or_personal_data,False,False
data/runs/objective-operator-objective-1d9a6568b5c577cf-leaf-operator-objective-1d9a6568b5c577cf-project-1-attempt-1/checkpoint.json,True,7459,,runtime_or_personal_data,False,False
data/runs/objective-operator-objective-1d9a6568b5c577cf-leaf-operator-objective-1d9a6568b5c577cf-project-1-attempt-1/events.jsonl,True,4771,,runtime_or_personal_data,False,False
data/runs/objective-operator-objective-1d9a6568b5c577cf-leaf-operator-objective-1d9a6568b5c577cf-project-1-attempt-1/journal.lock,True,0,,runtime_or_personal_data,False,False
data/runs/objective-operator-objective-1f5432b769b4fd52-leaf-operator-objective-1f5432b769b4fd52-project-1-attempt-1/checkpoint.json,False,7506,,runtime_or_personal_data,False,False
data/runs/objective-operator-objective-1f5432b769b4fd52-leaf-operator-objective-1f5432b769b4fd52-project-1-attempt-1/events.jsonl,False,6454,,runtime_or_personal_data,False,False
data/runs/objective-operator-objective-1f5432b769b4fd52-leaf-operator-objective-1f5432b769b4fd52-project-1-attempt-1/journal.lock,False,0,,runtime_or_personal_data,False,False
data/runs/objective-operator-objective-2aaf71140995f16a-leaf-operator-objective-2aaf71140995f16a-join-attempt-1/checkpoint.json,True,8476,,runtime_or_personal_data,False,False
data/runs/objective-operator-objective-2aaf71140995f16a-leaf-operator-objective-2aaf71140995f16a-join-attempt-1/events.jsonl,True,9957,,runtime_or_personal_data,False,False
data/runs/objective-operator-objective-2aaf71140995f16a-leaf-operator-objective-2aaf71140995f16a-join-attempt-1/execution-receipts/close.json,True,1269,,runtime_or_personal_data,False,False
data/runs/objective-operator-objective-2aaf71140995f16a-leaf-operator-objective-2aaf71140995f16a-join-attempt-1/execution-receipts/execute.json,True,3023,,runtime_or_personal_data,False,False
data/runs/objective-operator-objective-2aaf71140995f16a-leaf-operator-objective-2aaf71140995f16a-join-attempt-1/execution-receipts/review.json,True,5916,,runtime_or_personal_data,False,False
data/runs/objective-operator-objective-2aaf71140995f16a-leaf-operator-objective-2aaf71140995f16a-join-attempt-1/execution-receipts/verify.json,True,3886,,runtime_or_personal_data,False,False
data/runs/objective-operator-objective-2aaf71140995f16a-leaf-operator-objective-2aaf71140995f16a-join-attempt-1/journal.lock,True,0,,runtime_or_personal_data,False,False
data/runs/objective-operator-objective-2aaf71140995f16a-leaf-operator-objective-2aaf71140995f16a-join-attempt-1/result.json,True,1119,,runtime_or_personal_data,False,False
data/runs/objective-operator-objective-2aaf71140995f16a-leaf-operator-objective-2aaf71140995f16a-project-1-attempt-1/checkpoint.json,True,8561,,runtime_or_personal_data,False,False
data/runs/objective-operator-objective-2aaf71140995f16a-leaf-operator-objective-2aaf71140995f16a-project-1-attempt-1/events.jsonl,True,10177,,runtime_or_personal_data,False,False
data/runs/objective-operator-objective-2aaf71140995f16a-leaf-operator-objective-2aaf71140995f16a-project-1-attempt-1/execution-receipts/close.json,True,1279,,runtime_or_personal_data,False,False
data/runs/objective-operator-objective-2aaf71140995f16a-leaf-operator-objective-2aaf71140995f16a-project-1-attempt-1/execution-receipts/execute.json,True,3470,,runtime_or_personal_data,False,False
data/runs/objective-operator-objective-2aaf71140995f16a-leaf-operator-objective-2aaf71140995f16a-project-1-attempt-1/execution-receipts/review.json,True,4761,,runtime_or_personal_data,False,False
data/runs/objective-operator-objective-2aaf71140995f16a-leaf-operator-objective-2aaf71140995f16a-project-1-attempt-1/execution-receipts/verify.json,True,4097,,runtime_or_personal_data,False,False
data/runs/objective-operator-objective-2aaf71140995f16a-leaf-operator-objective-2aaf71140995f16a-project-1-attempt-1/journal.lock,True,0,,runtime_or_personal_data,False,False
data/runs/objective-operator-objective-2aaf71140995f16a-leaf-operator-objective-2aaf71140995f16a-project-1-attempt-1/result.json,True,1100,,runtime_or_personal_data,False,False
data/runs/objective-operator-objective-2aaf71140995f16a-leaf-operator-objective-2aaf71140995f16a-project-2-attempt-1/checkpoint.json,True,8561,,runtime_or_personal_data,False,False
data/runs/objective-operator-objective-2aaf71140995f16a-leaf-operator-objective-2aaf71140995f16a-project-2-attempt-1/events.jsonl,True,10177,,runtime_or_personal_data,False,False
data/runs/objective-operator-objective-2aaf71140995f16a-leaf-operator-objective-2aaf71140995f16a-project-2-attempt-1/execution-receipts/close.json,True,1279,,runtime_or_personal_data,False,False
data/runs/objective-operator-objective-2aaf71140995f16a-leaf-operator-objective-2aaf71140995f16a-project-2-attempt-1/execution-receipts/execute.json,True,3234,,runtime_or_personal_data,False,False
data/runs/objective-operator-objective-2aaf71140995f16a-leaf-operator-objective-2aaf71140995f16a-project-2-attempt-1/execution-receipts/review.json,True,5210,,runtime_or_personal_data,False,False
data/runs/objective-operator-objective-2aaf71140995f16a-leaf-operator-objective-2aaf71140995f16a-project-2-attempt-1/execution-receipts/verify.json,True,1902,,runtime_or_personal_data,False,False
data/runs/objective-operator-objective-2aaf71140995f16a-leaf-operator-objective-2aaf71140995f16a-project-2-attempt-1/journal.lock,True,0,,runtime_or_personal_data,False,False
data/runs/objective-operator-objective-2aaf71140995f16a-leaf-operator-objective-2aaf71140995f16a-project-2-attempt-1/result.json,True,1008,,runtime_or_personal_data,False,False
data/runs/objective-operator-objective-2c1b2ef727bfae22-leaf-operator-objective-2c1b2ef727bfae22-project-1-attempt-1/checkpoint.json,True,7458,,runtime_or_personal_data,False,False
data/runs/objective-operator-objective-2c1b2ef727bfae22-leaf-operator-objective-2c1b2ef727bfae22-project-1-attempt-1/events.jsonl,True,5670,,runtime_or_personal_data,False,False
data/runs/objective-operator-objective-2c1b2ef727bfae22-leaf-operator-objective-2c1b2ef727bfae22-project-1-attempt-1/execution-receipts/execute.json,True,3155,,runtime_or_personal_data,False,False
data/runs/objective-operator-objective-2c1b2ef727bfae22-leaf-operator-objective-2c1b2ef727bfae22-project-1-attempt-1/journal.lock,True,0,,runtime_or_personal_data,False,False
data/runs/objective-operator-objective-2c1b2ef727bfae22-leaf-operator-objective-2c1b2ef727bfae22-project-1-attempt-1/result.json,True,456,,runtime_or_personal_data,False,False
data/runs/objective-operator-objective-2c1b2ef727bfae22-leaf-operator-objective-2c1b2ef727bfae22-project-2-attempt-1/checkpoint.json,True,7459,,runtime_or_personal_data,False,False
data/runs/objective-operator-objective-2c1b2ef727bfae22-leaf-operator-objective-2c1b2ef727bfae22-project-2-attempt-1/events.jsonl,True,4771,,runtime_or_personal_data,False,False
data/runs/objective-operator-objective-2c1b2ef727bfae22-leaf-operator-objective-2c1b2ef727bfae22-project-2-attempt-1/journal.lock,True,0,,runtime_or_personal_data,False,False
data/runs/objective-operator-objective-491f27af6c3dbfb4-leaf-operator-objective-491f27af6c3dbfb4-join-attempt-1/checkpoint.json,True,7867,,runtime_or_personal_data,False,False
data/runs/objective-operator-objective-491f27af6c3dbfb4-leaf-operator-objective-491f27af6c3dbfb4-join-attempt-1/events.jsonl,True,8530,,runtime_or_personal_data,False,False
data/runs/objective-operator-objective-491f27af6c3dbfb4-leaf-operator-objective-491f27af6c3dbfb4-join-attempt-1/execution-receipts/execute.json,True,1946,,runtime_or_personal_data,False,False
data/runs/objective-operator-objective-491f27af6c3dbfb4-leaf-operator-objective-491f27af6c3dbfb4-join-attempt-1/execution-receipts/review.json,True,6245,,runtime_or_personal_data,False,False
data/runs/objective-operator-objective-491f27af6c3dbfb4-leaf-operator-objective-491f27af6c3dbfb4-join-attempt-1/execution-receipts/verify.json,True,1824,,runtime_or_personal_data,False,False
data/runs/objective-operator-objective-491f27af6c3dbfb4-leaf-operator-objective-491f27af6c3dbfb4-join-attempt-1/journal.lock,True,0,,runtime_or_personal_data,False,False
data/runs/objective-operator-objective-491f27af6c3dbfb4-leaf-operator-objective-491f27af6c3dbfb4-join-attempt-1/result.json,True,1414,,runtime_or_personal_data,False,False
data/runs/objective-operator-objective-491f27af6c3dbfb4-leaf-operator-objective-491f27af6c3dbfb4-join-attempt-2/checkpoint.json,True,8525,,runtime_or_personal_data,False,False
data/runs/objective-operator-objective-491f27af6c3dbfb4-leaf-operator-objective-491f27af6c3dbfb4-join-attempt-2/events.jsonl,True,10020,,runtime_or_personal_data,False,False
data/runs/objective-operator-objective-491f27af6c3dbfb4-leaf-operator-objective-491f27af6c3dbfb4-join-attempt-2/execution-receipts/close.json,True,1269,,runtime_or_personal_data,False,False
data/runs/objective-operator-objective-491f27af6c3dbfb4-leaf-operator-objective-491f27af6c3dbfb4-join-attempt-2/execution-receipts/execute.json,True,2392,,runtime_or_personal_data,False,False
data/runs/objective-operator-objective-491f27af6c3dbfb4-leaf-operator-objective-491f27af6c3dbfb4-join-attempt-2/execution-receipts/review.json,True,7353,,runtime_or_personal_data,False,False
data/runs/objective-operator-objective-491f27af6c3dbfb4-leaf-operator-objective-491f27af6c3dbfb4-join-attempt-2/execution-receipts/verify.json,True,1791,,runtime_or_personal_data,False,False
data/runs/objective-operator-objective-491f27af6c3dbfb4-leaf-operator-objective-491f27af6c3dbfb4-join-attempt-2/journal.lock,True,0,,runtime_or_personal_data,False,False
data/runs/objective-operator-objective-491f27af6c3dbfb4-leaf-operator-objective-491f27af6c3dbfb4-join-attempt-2/result.json,True,1711,,runtime_or_personal_data,False,False
data/runs/objective-operator-objective-491f27af6c3dbfb4-leaf-operator-objective-491f27af6c3dbfb4-project-1-attempt-1/checkpoint.json,True,8610,,runtime_or_personal_data,False,False
data/runs/objective-operator-objective-491f27af6c3dbfb4-leaf-operator-objective-491f27af6c3dbfb4-project-1-attempt-1/events.jsonl,True,10240,,runtime_or_personal_data,False,False
data/runs/objective-operator-objective-491f27af6c3dbfb4-leaf-operator-objective-491f27af6c3dbfb4-project-1-attempt-1/execution-receipts/close.json,True,1279,,runtime_or_personal_data,False,False
data/runs/objective-operator-objective-491f27af6c3dbfb4-leaf-operator-objective-491f27af6c3dbfb4-project-1-attempt-1/execution-receipts/execute.json,True,2938,,runtime_or_personal_data,False,False
data/runs/objective-operator-objective-491f27af6c3dbfb4-leaf-operator-objective-491f27af6c3dbfb4-project-1-attempt-1/execution-receipts/review.json,True,7078,,runtime_or_personal_data,False,False
data/runs/objective-operator-objective-491f27af6c3dbfb4-leaf-operator-objective-491f27af6c3dbfb4-project-1-attempt-1/execution-receipts/verify.json,True,1786,,runtime_or_personal_data,False,False
data/runs/objective-operator-objective-491f27af6c3dbfb4-leaf-operator-objective-491f27af6c3dbfb4-project-1-attempt-1/journal.lock,True,0,,runtime_or_personal_data,False,False
data/runs/objective-operator-objective-491f27af6c3dbfb4-leaf-operator-objective-491f27af6c3dbfb4-project-1-attempt-1/result.json,True,1694,,runtime_or_personal_data,False,False
data/runs/objective-operator-objective-491f27af6c3dbfb4-leaf-operator-objective-491f27af6c3dbfb4-project-2-attempt-1/checkpoint.json,True,7116,,runtime_or_personal_data,False,False
data/runs/objective-operator-objective-491f27af6c3dbfb4-leaf-operator-objective-491f27af6c3dbfb4-project-2-attempt-1/events.jsonl,True,4303,,runtime_or_personal_data,False,False
data/runs/objective-operator-objective-491f27af6c3dbfb4-leaf-operator-objective-491f27af6c3dbfb4-project-2-attempt-1/journal.lock,True,0,,runtime_or_personal_data,False,False
data/runs/objective-operator-objective-491f27af6c3dbfb4-leaf-operator-objective-491f27af6c3dbfb4-project-2-attempt-2/checkpoint.json,True,8610,,runtime_or_personal_data,False,False
data/runs/objective-operator-objective-491f27af6c3dbfb4-leaf-operator-objective-491f27af6c3dbfb4-project-2-attempt-2/events.jsonl,True,10240,,runtime_or_personal_data,False,False
data/runs/objective-operator-objective-491f27af6c3dbfb4-leaf-operator-objective-491f27af6c3dbfb4-project-2-attempt-2/execution-receipts/close.json,True,1279,,runtime_or_personal_data,False,False
data/runs/objective-operator-objective-491f27af6c3dbfb4-leaf-operator-objective-491f27af6c3dbfb4-project-2-attempt-2/execution-receipts/execute.json,True,2739,,runtime_or_personal_data,False,False
data/runs/objective-operator-objective-491f27af6c3dbfb4-leaf-operator-objective-491f27af6c3dbfb4-project-2-attempt-2/execution-receipts/review.json,True,6086,,runtime_or_personal_data,False,False
data/runs/objective-operator-objective-491f27af6c3dbfb4-leaf-operator-objective-491f27af6c3dbfb4-project-2-attempt-2/execution-receipts/verify.json,True,3026,,runtime_or_personal_data,False,False
data/runs/objective-operator-objective-491f27af6c3dbfb4-leaf-operator-objective-491f27af6c3dbfb4-project-2-attempt-2/journal.lock,True,0,,runtime_or_personal_data,False,False
data/runs/objective-operator-objective-491f27af6c3dbfb4-leaf-operator-objective-491f27af6c3dbfb4-project-2-attempt-2/result.json,True,1083,,runtime_or_personal_data,False,False
data/runs/objective-operator-objective-491f27af6c3dbfb4-leaf-operator-objective-491f27af6c3dbfb4-project-2-attempt-3/checkpoint.json,True,8610,,runtime_or_personal_data,False,False
data/runs/objective-operator-objective-491f27af6c3dbfb4-leaf-operator-objective-491f27af6c3dbfb4-project-2-attempt-3/events.jsonl,True,10240,,runtime_or_personal_data,False,False
data/runs/objective-operator-objective-491f27af6c3dbfb4-leaf-operator-objective-491f27af6c3dbfb4-project-2-attempt-3/execution-receipts/close.json,True,1279,,runtime_or_personal_data,False,False
data/runs/objective-operator-objective-491f27af6c3dbfb4-leaf-operator-objective-491f27af6c3dbfb4-project-2-attempt-3/execution-receipts/execute.json,True,2677,,runtime_or_personal_data,False,False
data/runs/objective-operator-objective-491f27af6c3dbfb4-leaf-operator-objective-491f27af6c3dbfb4-project-2-attempt-3/execution-receipts/review.json,True,4452,,runtime_or_personal_data,False,False
data/runs/objective-operator-objective-491f27af6c3dbfb4-leaf-operator-objective-491f27af6c3dbfb4-project-2-attempt-3/execution-receipts/verify.json,True,1765,,runtime_or_personal_data,False,False
data/runs/objective-operator-objective-491f27af6c3dbfb4-leaf-operator-objective-491f27af6c3dbfb4-project-2-attempt-3/journal.lock,True,0,,runtime_or_personal_data,False,False
data/runs/objective-operator-objective-491f27af6c3dbfb4-leaf-operator-objective-491f27af6c3dbfb4-project-2-attempt-3/result.json,True,937,,runtime_or_personal_data,False,False
data/runs/objective-operator-objective-491f27af6c3dbfb4-leaf-operator-objective-491f27af6c3dbfb4-project-2-attempt-4/checkpoint.json,True,7942,,runtime_or_personal_data,False,False
data/runs/objective-operator-objective-491f27af6c3dbfb4-leaf-operator-objective-491f27af6c3dbfb4-project-2-attempt-4/events.jsonl,True,8720,,runtime_or_personal_data,False,False
data/runs/objective-operator-objective-491f27af6c3dbfb4-leaf-operator-objective-491f27af6c3dbfb4-project-2-attempt-4/execution-receipts/execute.json,True,3048,,runtime_or_personal_data,False,False
data/runs/objective-operator-objective-491f27af6c3dbfb4-leaf-operator-objective-491f27af6c3dbfb4-project-2-attempt-4/execution-receipts/review.json,True,5991,,runtime_or_personal_data,False,False
data/runs/objective-operator-objective-491f27af6c3dbfb4-leaf-operator-objective-491f27af6c3dbfb4-project-2-attempt-4/execution-receipts/verify.json,True,3204,,runtime_or_personal_data,False,False
data/runs/objective-operator-objective-491f27af6c3dbfb4-leaf-operator-objective-491f27af6c3dbfb4-project-2-attempt-4/journal.lock,True,0,,runtime_or_personal_data,False,False
data/runs/objective-operator-objective-491f27af6c3dbfb4-leaf-operator-objective-491f27af6c3dbfb4-project-2-attempt-4/result.json,True,1414,,runtime_or_personal_data,False,False
data/runs/objective-operator-objective-491f27af6c3dbfb4-leaf-operator-objective-491f27af6c3dbfb4-project-2-attempt-5/checkpoint.json,True,7116,,runtime_or_personal_data,False,False
data/runs/objective-operator-objective-491f27af6c3dbfb4-leaf-operator-objective-491f27af6c3dbfb4-project-2-attempt-5/events.jsonl,True,4303,,runtime_or_personal_data,False,False
data/runs/objective-operator-objective-491f27af6c3dbfb4-leaf-operator-objective-491f27af6c3dbfb4-project-2-attempt-5/journal.lock,True,0,,runtime_or_personal_data,False,False
data/runs/objective-operator-objective-491f27af6c3dbfb4-leaf-operator-objective-491f27af6c3dbfb4-project-2-attempt-6/checkpoint.json,True,8610,,runtime_or_personal_data,False,False
data/runs/objective-operator-objective-491f27af6c3dbfb4-leaf-operator-objective-491f27af6c3dbfb4-project-2-attempt-6/events.jsonl,True,10240,,runtime_or_personal_data,False,False
data/runs/objective-operator-objective-491f27af6c3dbfb4-leaf-operator-objective-491f27af6c3dbfb4-project-2-attempt-6/execution-receipts/close.json,True,1279,,runtime_or_personal_data,False,False
data/runs/objective-operator-objective-491f27af6c3dbfb4-leaf-operator-objective-491f27af6c3dbfb4-project-2-attempt-6/execution-receipts/execute.json,True,2683,,runtime_or_personal_data,False,False
data/runs/objective-operator-objective-491f27af6c3dbfb4-leaf-operator-objective-491f27af6c3dbfb4-project-2-attempt-6/execution-receipts/review.json,True,5274,,runtime_or_personal_data,False,False
data/runs/objective-operator-objective-491f27af6c3dbfb4-leaf-operator-objective-491f27af6c3dbfb4-project-2-attempt-6/execution-receipts/verify.json,True,1985,,runtime_or_personal_data,False,False
data/runs/objective-operator-objective-491f27af6c3dbfb4-leaf-operator-objective-491f27af6c3dbfb4-project-2-attempt-6/journal.lock,True,0,,runtime_or_personal_data,False,False
data/runs/objective-operator-objective-491f27af6c3dbfb4-leaf-operator-objective-491f27af6c3dbfb4-project-2-attempt-6/result.json,True,845,,runtime_or_personal_data,False,False
data/runs/objective-operator-objective-491f27af6c3dbfb4-leaf-operator-objective-491f27af6c3dbfb4-project-2-attempt-7/checkpoint.json,True,8610,,runtime_or_personal_data,False,False
data/runs/objective-operator-objective-491f27af6c3dbfb4-leaf-operator-objective-491f27af6c3dbfb4-project-2-attempt-7/events.jsonl,True,10240,,runtime_or_personal_data,False,False
data/runs/objective-operator-objective-491f27af6c3dbfb4-leaf-operator-objective-491f27af6c3dbfb4-project-2-attempt-7/execution-receipts/close.json,True,1279,,runtime_or_personal_data,False,False
data/runs/objective-operator-objective-491f27af6c3dbfb4-leaf-operator-objective-491f27af6c3dbfb4-project-2-attempt-7/execution-receipts/execute.json,True,3225,,runtime_or_personal_data,False,False
data/runs/objective-operator-objective-491f27af6c3dbfb4-leaf-operator-objective-491f27af6c3dbfb4-project-2-attempt-7/execution-receipts/review.json,True,3910,,runtime_or_personal_data,False,False
data/runs/objective-operator-objective-491f27af6c3dbfb4-leaf-operator-objective-491f27af6c3dbfb4-project-2-attempt-7/execution-receipts/verify.json,True,2342,,runtime_or_personal_data,False,False
data/runs/objective-operator-objective-491f27af6c3dbfb4-leaf-operator-objective-491f27af6c3dbfb4-project-2-attempt-7/journal.lock,True,0,,runtime_or_personal_data,False,False
data/runs/objective-operator-objective-491f27af6c3dbfb4-leaf-operator-objective-491f27af6c3dbfb4-project-2-attempt-7/result.json,True,1110,,runtime_or_personal_data,False,False
data/runs/objective-operator-objective-491f27af6c3dbfb4-leaf-operator-objective-491f27af6c3dbfb4-project-2-attempt-8/checkpoint.json,True,8610,,runtime_or_personal_data,False,False
data/runs/objective-operator-objective-491f27af6c3dbfb4-leaf-operator-objective-491f27af6c3dbfb4-project-2-attempt-8/events.jsonl,True,10240,,runtime_or_personal_data,False,False
data/runs/objective-operator-objective-491f27af6c3dbfb4-leaf-operator-objective-491f27af6c3dbfb4-project-2-attempt-8/execution-receipts/close.json,True,1279,,runtime_or_personal_data,False,False
data/runs/objective-operator-objective-491f27af6c3dbfb4-leaf-operator-objective-491f27af6c3dbfb4-project-2-attempt-8/execution-receipts/execute.json,True,2670,,runtime_or_personal_data,False,False
data/runs/objective-operator-objective-491f27af6c3dbfb4-leaf-operator-objective-491f27af6c3dbfb4-project-2-attempt-8/execution-receipts/review.json,True,5777,,runtime_or_personal_data,False,False
data/runs/objective-operator-objective-491f27af6c3dbfb4-leaf-operator-objective-491f27af6c3dbfb4-project-2-attempt-8/execution-receipts/verify.json,True,1795,,runtime_or_personal_data,False,False
data/runs/objective-operator-objective-491f27af6c3dbfb4-leaf-operator-objective-491f27af6c3dbfb4-project-2-attempt-8/journal.lock,True,0,,runtime_or_personal_data,False,False
data/runs/objective-operator-objective-491f27af6c3dbfb4-leaf-operator-objective-491f27af6c3dbfb4-project-2-attempt-8/result.json,True,947,,runtime_or_personal_data,False,False
data/runs/objective-operator-objective-491f27af6c3dbfb4-leaf-operator-objective-491f27af6c3dbfb4-project-2-attempt-9/checkpoint.json,True,8610,,runtime_or_personal_data,False,False
data/runs/objective-operator-objective-491f27af6c3dbfb4-leaf-operator-objective-491f27af6c3dbfb4-project-2-attempt-9/events.jsonl,True,10240,,runtime_or_personal_data,False,False
data/runs/objective-operator-objective-491f27af6c3dbfb4-leaf-operator-objective-491f27af6c3dbfb4-project-2-attempt-9/execution-receipts/close.json,True,1279,,runtime_or_personal_data,False,False
data/runs/objective-operator-objective-491f27af6c3dbfb4-leaf-operator-objective-491f27af6c3dbfb4-project-2-attempt-9/execution-receipts/execute.json,True,3052,,runtime_or_personal_data,False,False
data/runs/objective-operator-objective-491f27af6c3dbfb4-leaf-operator-objective-491f27af6c3dbfb4-project-2-attempt-9/execution-receipts/review.json,True,8203,,runtime_or_personal_data,False,False
data/runs/objective-operator-objective-491f27af6c3dbfb4-leaf-operator-objective-491f27af6c3dbfb4-project-2-attempt-9/execution-receipts/verify.json,True,2093,,runtime_or_personal_data,False,False
data/runs/objective-operator-objective-491f27af6c3dbfb4-leaf-operator-objective-491f27af6c3dbfb4-project-2-attempt-9/journal.lock,True,0,,runtime_or_personal_data,False,False
data/runs/objective-operator-objective-491f27af6c3dbfb4-leaf-operator-objective-491f27af6c3dbfb4-project-2-attempt-9/result.json,True,1227,,runtime_or_personal_data,False,False
data/runs/objective-operator-objective-64ef0ef9af0fe6f4-leaf-operator-objective-64ef0ef9af0fe6f4-join-attempt-1/checkpoint.json,True,8532,,runtime_or_personal_data,False,False
data/runs/objective-operator-objective-64ef0ef9af0fe6f4-leaf-operator-objective-64ef0ef9af0fe6f4-join-attempt-1/events.jsonl,True,10029,,runtime_or_personal_data,False,False
data/runs/objective-operator-objective-64ef0ef9af0fe6f4-leaf-operator-objective-64ef0ef9af0fe6f4-join-attempt-1/execution-receipts/close.json,True,1269,,runtime_or_personal_data,False,False
data/runs/objective-operator-objective-64ef0ef9af0fe6f4-leaf-operator-objective-64ef0ef9af0fe6f4-join-attempt-1/execution-receipts/execute.json,True,1983,,runtime_or_personal_data,False,False
data/runs/objective-operator-objective-64ef0ef9af0fe6f4-leaf-operator-objective-64ef0ef9af0fe6f4-join-attempt-1/execution-receipts/review.json,True,2344,,runtime_or_personal_data,False,False
data/runs/objective-operator-objective-64ef0ef9af0fe6f4-leaf-operator-objective-64ef0ef9af0fe6f4-join-attempt-1/execution-receipts/verify.json,True,2006,,runtime_or_personal_data,False,False
data/runs/objective-operator-objective-64ef0ef9af0fe6f4-leaf-operator-objective-64ef0ef9af0fe6f4-join-attempt-1/journal.lock,True,0,,runtime_or_personal_data,False,False
data/runs/objective-operator-objective-64ef0ef9af0fe6f4-leaf-operator-objective-64ef0ef9af0fe6f4-join-attempt-1/result.json,True,801,,runtime_or_personal_data,False,False
data/runs/objective-operator-objective-64ef0ef9af0fe6f4-leaf-operator-objective-64ef0ef9af0fe6f4-join-attempt-2/checkpoint.json,True,8532,,runtime_or_personal_data,False,False
data/runs/objective-operator-objective-64ef0ef9af0fe6f4-leaf-operator-objective-64ef0ef9af0fe6f4-join-attempt-2/events.jsonl,True,10029,,runtime_or_personal_data,False,False
data/runs/objective-operator-objective-64ef0ef9af0fe6f4-leaf-operator-objective-64ef0ef9af0fe6f4-join-attempt-2/execution-receipts/close.json,True,1269,,runtime_or_personal_data,False,False
data/runs/objective-operator-objective-64ef0ef9af0fe6f4-leaf-operator-objective-64ef0ef9af0fe6f4-join-attempt-2/execution-receipts/execute.json,True,1785,,runtime_or_personal_data,False,False
data/runs/objective-operator-objective-64ef0ef9af0fe6f4-leaf-operator-objective-64ef0ef9af0fe6f4-join-attempt-2/execution-receipts/review.json,True,2154,,runtime_or_personal_data,False,False
data/runs/objective-operator-objective-64ef0ef9af0fe6f4-leaf-operator-objective-64ef0ef9af0fe6f4-join-attempt-2/execution-receipts/verify.json,True,2062,,runtime_or_personal_data,False,False
data/runs/objective-operator-objective-64ef0ef9af0fe6f4-leaf-operator-objective-64ef0ef9af0fe6f4-join-attempt-2/journal.lock,True,0,,runtime_or_personal_data,False,False
data/runs/objective-operator-objective-64ef0ef9af0fe6f4-leaf-operator-objective-64ef0ef9af0fe6f4-join-attempt-2/result.json,True,780,,runtime_or_personal_data,False,False
data/runs/objective-operator-objective-64ef0ef9af0fe6f4-leaf-operator-objective-64ef0ef9af0fe6f4-join-attempt-3/checkpoint.json,True,8532,,runtime_or_personal_data,False,False
data/runs/objective-operator-objective-64ef0ef9af0fe6f4-leaf-operator-objective-64ef0ef9af0fe6f4-join-attempt-3/events.jsonl,True,10029,,runtime_or_personal_data,False,False
data/runs/objective-operator-objective-64ef0ef9af0fe6f4-leaf-operator-objective-64ef0ef9af0fe6f4-join-attempt-3/execution-receipts/close.json,True,1269,,runtime_or_personal_data,False,False
data/runs/objective-operator-objective-64ef0ef9af0fe6f4-leaf-operator-objective-64ef0ef9af0fe6f4-join-attempt-3/execution-receipts/execute.json,True,2024,,runtime_or_personal_data,False,False
data/runs/objective-operator-objective-64ef0ef9af0fe6f4-leaf-operator-objective-64ef0ef9af0fe6f4-join-attempt-3/execution-receipts/review.json,True,2491,,runtime_or_personal_data,False,False
data/runs/objective-operator-objective-64ef0ef9af0fe6f4-leaf-operator-objective-64ef0ef9af0fe6f4-join-attempt-3/execution-receipts/verify.json,True,2035,,runtime_or_personal_data,False,False
data/runs/objective-operator-objective-64ef0ef9af0fe6f4-leaf-operator-objective-64ef0ef9af0fe6f4-join-attempt-3/journal.lock,True,0,,runtime_or_personal_data,False,False
data/runs/objective-operator-objective-64ef0ef9af0fe6f4-leaf-operator-objective-64ef0ef9af0fe6f4-join-attempt-3/result.json,True,860,,runtime_or_personal_data,False,False
data/runs/objective-operator-objective-64ef0ef9af0fe6f4-leaf-operator-objective-64ef0ef9af0fe6f4-join-attempt-4/checkpoint.json,True,8532,,runtime_or_personal_data,False,False
data/runs/objective-operator-objective-64ef0ef9af0fe6f4-leaf-operator-objective-64ef0ef9af0fe6f4-join-attempt-4/events.jsonl,True,10029,,runtime_or_personal_data,False,False
data/runs/objective-operator-objective-64ef0ef9af0fe6f4-leaf-operator-objective-64ef0ef9af0fe6f4-join-attempt-4/execution-receipts/close.json,True,1269,,runtime_or_personal_data,False,False
data/runs/objective-operator-objective-64ef0ef9af0fe6f4-leaf-operator-objective-64ef0ef9af0fe6f4-join-attempt-4/execution-receipts/execute.json,True,2025,,runtime_or_personal_data,False,False
data/runs/objective-operator-objective-64ef0ef9af0fe6f4-leaf-operator-objective-64ef0ef9af0fe6f4-join-attempt-4/execution-receipts/review.json,True,2671,,runtime_or_personal_data,False,False
data/runs/objective-operator-objective-64ef0ef9af0fe6f4-leaf-operator-objective-64ef0ef9af0fe6f4-join-attempt-4/execution-receipts/verify.json,True,2050,,runtime_or_personal_data,False,False
data/runs/objective-operator-objective-64ef0ef9af0fe6f4-leaf-operator-objective-64ef0ef9af0fe6f4-join-attempt-4/journal.lock,True,0,,runtime_or_personal_data,False,False
data/runs/objective-operator-objective-64ef0ef9af0fe6f4-leaf-operator-objective-64ef0ef9af0fe6f4-join-attempt-4/result.json,True,782,,runtime_or_personal_data,False,False
data/runs/objective-operator-objective-64ef0ef9af0fe6f4-leaf-operator-objective-64ef0ef9af0fe6f4-project-1-attempt-1/checkpoint.json,True,8617,,runtime_or_personal_data,False,False
data/runs/objective-operator-objective-64ef0ef9af0fe6f4-leaf-operator-objective-64ef0ef9af0fe6f4-project-1-attempt-1/events.jsonl,True,10249,,runtime_or_personal_data,False,False
data/runs/objective-operator-objective-64ef0ef9af0fe6f4-leaf-operator-objective-64ef0ef9af0fe6f4-project-1-attempt-1/execution-receipts/close.json,True,1279,,runtime_or_personal_data,False,False
data/runs/objective-operator-objective-64ef0ef9af0fe6f4-leaf-operator-objective-64ef0ef9af0fe6f4-project-1-attempt-1/execution-receipts/execute.json,True,2062,,runtime_or_personal_data,False,False
data/runs/objective-operator-objective-64ef0ef9af0fe6f4-leaf-operator-objective-64ef0ef9af0fe6f4-project-1-attempt-1/execution-receipts/review.json,True,2577,,runtime_or_personal_data,False,False
data/runs/objective-operator-objective-64ef0ef9af0fe6f4-leaf-operator-objective-64ef0ef9af0fe6f4-project-1-attempt-1/execution-receipts/verify.json,True,2090,,runtime_or_personal_data,False,False
data/runs/objective-operator-objective-64ef0ef9af0fe6f4-leaf-operator-objective-64ef0ef9af0fe6f4-project-1-attempt-1/journal.lock,True,0,,runtime_or_personal_data,False,False
data/runs/objective-operator-objective-64ef0ef9af0fe6f4-leaf-operator-objective-64ef0ef9af0fe6f4-project-1-attempt-1/result.json,True,856,,runtime_or_personal_data,False,False
data/runs/objective-operator-objective-64ef0ef9af0fe6f4-leaf-operator-objective-64ef0ef9af0fe6f4-project-2-attempt-1/checkpoint.json,True,8617,,runtime_or_personal_data,False,False
data/runs/objective-operator-objective-64ef0ef9af0fe6f4-leaf-operator-objective-64ef0ef9af0fe6f4-project-2-attempt-1/events.jsonl,True,10249,,runtime_or_personal_data,False,False
data/runs/objective-operator-objective-64ef0ef9af0fe6f4-leaf-operator-objective-64ef0ef9af0fe6f4-project-2-attempt-1/execution-receipts/close.json,True,1279,,runtime_or_personal_data,False,False
data/runs/objective-operator-objective-64ef0ef9af0fe6f4-leaf-operator-objective-64ef0ef9af0fe6f4-project-2-attempt-1/execution-receipts/execute.json,True,1790,,runtime_or_personal_data,False,False
data/runs/objective-operator-objective-64ef0ef9af0fe6f4-leaf-operator-objective-64ef0ef9af0fe6f4-project-2-attempt-1/execution-receipts/review.json,True,2676,,runtime_or_personal_data,False,False
data/runs/objective-operator-objective-64ef0ef9af0fe6f4-leaf-operator-objective-64ef0ef9af0fe6f4-project-2-attempt-1/execution-receipts/verify.json,True,2035,,runtime_or_personal_data,False,False
data/runs/objective-operator-objective-64ef0ef9af0fe6f4-leaf-operator-objective-64ef0ef9af0fe6f4-project-2-attempt-1/journal.lock,True,0,,runtime_or_personal_data,False,False
data/runs/objective-operator-objective-64ef0ef9af0fe6f4-leaf-operator-objective-64ef0ef9af0fe6f4-project-2-attempt-1/result.json,True,805,,runtime_or_personal_data,False,False
data/runs/objective-operator-objective-7474e33041104939-leaf-operator-objective-7474e33041104939-project-1-attempt-1/checkpoint.json,False,7506,,runtime_or_personal_data,False,False
data/runs/objective-operator-objective-7474e33041104939-leaf-operator-objective-7474e33041104939-project-1-attempt-1/events.jsonl,False,6462,,runtime_or_personal_data,False,False
data/runs/objective-operator-objective-7474e33041104939-leaf-operator-objective-7474e33041104939-project-1-attempt-1/journal.lock,False,0,,runtime_or_personal_data,False,False
data/runs/objective-operator-objective-750d77b812d76f76-leaf-operator-objective-750d77b812d76f76-project-1-attempt-1/checkpoint.json,True,7122,,runtime_or_personal_data,False,False
data/runs/objective-operator-objective-750d77b812d76f76-leaf-operator-objective-750d77b812d76f76-project-1-attempt-1/events.jsonl,True,5211,,runtime_or_personal_data,False,False
data/runs/objective-operator-objective-750d77b812d76f76-leaf-operator-objective-750d77b812d76f76-project-1-attempt-1/execution-receipts/execute.json,True,2197,,runtime_or_personal_data,False,False
data/runs/objective-operator-objective-750d77b812d76f76-leaf-operator-objective-750d77b812d76f76-project-1-attempt-1/journal.lock,True,0,,runtime_or_personal_data,False,False
data/runs/objective-operator-objective-750d77b812d76f76-leaf-operator-objective-750d77b812d76f76-project-1-attempt-1/result.json,True,761,,runtime_or_personal_data,False,False
data/runs/objective-operator-objective-750d77b812d76f76-leaf-operator-objective-750d77b812d76f76-project-1-attempt-2/checkpoint.json,True,7122,,runtime_or_personal_data,False,False
data/runs/objective-operator-objective-750d77b812d76f76-leaf-operator-objective-750d77b812d76f76-project-1-attempt-2/events.jsonl,True,5211,,runtime_or_personal_data,False,False
data/runs/objective-operator-objective-750d77b812d76f76-leaf-operator-objective-750d77b812d76f76-project-1-attempt-2/execution-receipts/execute.json,True,2290,,runtime_or_personal_data,False,False
data/runs/objective-operator-objective-750d77b812d76f76-leaf-operator-objective-750d77b812d76f76-project-1-attempt-2/journal.lock,True,0,,runtime_or_personal_data,False,False
data/runs/objective-operator-objective-750d77b812d76f76-leaf-operator-objective-750d77b812d76f76-project-1-attempt-2/result.json,True,852,,runtime_or_personal_data,False,False
data/runs/objective-operator-objective-750d77b812d76f76-leaf-operator-objective-750d77b812d76f76-project-2-attempt-1/checkpoint.json,True,7122,,runtime_or_personal_data,False,False
data/runs/objective-operator-objective-750d77b812d76f76-leaf-operator-objective-750d77b812d76f76-project-2-attempt-1/events.jsonl,True,5211,,runtime_or_personal_data,False,False
data/runs/objective-operator-objective-750d77b812d76f76-leaf-operator-objective-750d77b812d76f76-project-2-attempt-1/execution-receipts/execute.json,True,2215,,runtime_or_personal_data,False,False
data/runs/objective-operator-objective-750d77b812d76f76-leaf-operator-objective-750d77b812d76f76-project-2-attempt-1/journal.lock,True,0,,runtime_or_personal_data,False,False
data/runs/objective-operator-objective-750d77b812d76f76-leaf-operator-objective-750d77b812d76f76-project-2-attempt-1/result.json,True,779,,runtime_or_personal_data,False,False
data/runs/objective-operator-objective-750d77b812d76f76-leaf-operator-objective-750d77b812d76f76-project-2-attempt-2/checkpoint.json,True,7122,,runtime_or_personal_data,False,False
data/runs/objective-operator-objective-750d77b812d76f76-leaf-operator-objective-750d77b812d76f76-project-2-attempt-2/events.jsonl,True,5211,,runtime_or_personal_data,False,False
data/runs/objective-operator-objective-750d77b812d76f76-leaf-operator-objective-750d77b812d76f76-project-2-attempt-2/execution-receipts/execute.json,True,2253,,runtime_or_personal_data,False,False
data/runs/objective-operator-objective-750d77b812d76f76-leaf-operator-objective-750d77b812d76f76-project-2-attempt-2/journal.lock,True,0,,runtime_or_personal_data,False,False
data/runs/objective-operator-objective-750d77b812d76f76-leaf-operator-objective-750d77b812d76f76-project-2-attempt-2/result.json,True,817,,runtime_or_personal_data,False,False
data/runs/objective-operator-objective-7574e7909ffef5e8-leaf-operator-objective-7574e7909ffef5e8-project-1-attempt-1/checkpoint.json,True,7123,,runtime_or_personal_data,False,False
data/runs/objective-operator-objective-7574e7909ffef5e8-leaf-operator-objective-7574e7909ffef5e8-project-1-attempt-1/events.jsonl,True,4312,,runtime_or_personal_data,False,False
data/runs/objective-operator-objective-7574e7909ffef5e8-leaf-operator-objective-7574e7909ffef5e8-project-1-attempt-1/journal.lock,True,0,,runtime_or_personal_data,False,False
data/runs/objective-operator-objective-7574e7909ffef5e8-leaf-operator-objective-7574e7909ffef5e8-project-1-attempt-2/checkpoint.json,True,8617,,runtime_or_personal_data,False,False
data/runs/objective-operator-objective-7574e7909ffef5e8-leaf-operator-objective-7574e7909ffef5e8-project-1-attempt-2/events.jsonl,True,10249,,runtime_or_personal_data,False,False
data/runs/objective-operator-objective-7574e7909ffef5e8-leaf-operator-objective-7574e7909ffef5e8-project-1-attempt-2/execution-receipts/close.json,True,1279,,runtime_or_personal_data,False,False
data/runs/objective-operator-objective-7574e7909ffef5e8-leaf-operator-objective-7574e7909ffef5e8-project-1-attempt-2/execution-receipts/execute.json,True,1765,,runtime_or_personal_data,False,False
data/runs/objective-operator-objective-7574e7909ffef5e8-leaf-operator-objective-7574e7909ffef5e8-project-1-attempt-2/execution-receipts/review.json,True,3836,,runtime_or_personal_data,False,False
data/runs/objective-operator-objective-7574e7909ffef5e8-leaf-operator-objective-7574e7909ffef5e8-project-1-attempt-2/execution-receipts/verify.json,True,1845,,runtime_or_personal_data,False,False
data/runs/objective-operator-objective-7574e7909ffef5e8-leaf-operator-objective-7574e7909ffef5e8-project-1-attempt-2/journal.lock,True,0,,runtime_or_personal_data,False,False
data/runs/objective-operator-objective-7574e7909ffef5e8-leaf-operator-objective-7574e7909ffef5e8-project-1-attempt-2/result.json,True,951,,runtime_or_personal_data,False,False
data/runs/objective-operator-objective-7574e7909ffef5e8-leaf-operator-objective-7574e7909ffef5e8-project-2-attempt-1/checkpoint.json,True,7123,,runtime_or_personal_data,False,False
data/runs/objective-operator-objective-7574e7909ffef5e8-leaf-operator-objective-7574e7909ffef5e8-project-2-attempt-1/events.jsonl,True,4312,,runtime_or_personal_data,False,False
data/runs/objective-operator-objective-7574e7909ffef5e8-leaf-operator-objective-7574e7909ffef5e8-project-2-attempt-1/journal.lock,True,0,,runtime_or_personal_data,False,False
data/runs/objective-operator-objective-7574e7909ffef5e8-leaf-operator-objective-7574e7909ffef5e8-project-2-attempt-2/checkpoint.json,True,7949,,runtime_or_personal_data,False,False
data/runs/objective-operator-objective-7574e7909ffef5e8-leaf-operator-objective-7574e7909ffef5e8-project-2-attempt-2/events.jsonl,True,8729,,runtime_or_personal_data,False,False
data/runs/objective-operator-objective-7574e7909ffef5e8-leaf-operator-objective-7574e7909ffef5e8-project-2-attempt-2/execution-receipts/execute.json,True,1687,,runtime_or_personal_data,False,False
data/runs/objective-operator-objective-7574e7909ffef5e8-leaf-operator-objective-7574e7909ffef5e8-project-2-attempt-2/execution-receipts/review.json,True,3454,,runtime_or_personal_data,False,False
data/runs/objective-operator-objective-7574e7909ffef5e8-leaf-operator-objective-7574e7909ffef5e8-project-2-attempt-2/execution-receipts/verify.json,True,1830,,runtime_or_personal_data,False,False
data/runs/objective-operator-objective-7574e7909ffef5e8-leaf-operator-objective-7574e7909ffef5e8-project-2-attempt-2/journal.lock,True,0,,runtime_or_personal_data,False,False
data/runs/objective-operator-objective-7574e7909ffef5e8-leaf-operator-objective-7574e7909ffef5e8-project-2-attempt-2/result.json,True,914,,runtime_or_personal_data,False,False
data/runs/objective-operator-objective-7574e7909ffef5e8-leaf-operator-objective-7574e7909ffef5e8-project-2-attempt-3/checkpoint.json,True,7949,,runtime_or_personal_data,False,False
data/runs/objective-operator-objective-7574e7909ffef5e8-leaf-operator-objective-7574e7909ffef5e8-project-2-attempt-3/events.jsonl,True,8729,,runtime_or_personal_data,False,False
data/runs/objective-operator-objective-7574e7909ffef5e8-leaf-operator-objective-7574e7909ffef5e8-project-2-attempt-3/execution-receipts/execute.json,True,1685,,runtime_or_personal_data,False,False
data/runs/objective-operator-objective-7574e7909ffef5e8-leaf-operator-objective-7574e7909ffef5e8-project-2-attempt-3/execution-receipts/review.json,True,3673,,runtime_or_personal_data,False,False
data/runs/objective-operator-objective-7574e7909ffef5e8-leaf-operator-objective-7574e7909ffef5e8-project-2-attempt-3/execution-receipts/verify.json,True,1856,,runtime_or_personal_data,False,False
data/runs/objective-operator-objective-7574e7909ffef5e8-leaf-operator-objective-7574e7909ffef5e8-project-2-attempt-3/journal.lock,True,0,,runtime_or_personal_data,False,False
data/runs/objective-operator-objective-7574e7909ffef5e8-leaf-operator-objective-7574e7909ffef5e8-project-2-attempt-3/result.json,True,933,,runtime_or_personal_data,False,False
data/runs/objective-operator-objective-8d365678b027149f-leaf-operator-objective-8d365678b027149f-join-attempt-1/checkpoint.json,True,7818,,runtime_or_personal_data,False,False
data/runs/objective-operator-objective-8d365678b027149f-leaf-operator-objective-8d365678b027149f-join-attempt-1/events.jsonl,True,8467,,runtime_or_personal_data,False,False
data/runs/objective-operator-objective-8d365678b027149f-leaf-operator-objective-8d365678b027149f-join-attempt-1/execution-receipts/execute.json,True,4220,,runtime_or_personal_data,False,False
data/runs/objective-operator-objective-8d365678b027149f-leaf-operator-objective-8d365678b027149f-join-attempt-1/execution-receipts/review.json,True,5208,,runtime_or_personal_data,False,False
data/runs/objective-operator-objective-8d365678b027149f-leaf-operator-objective-8d365678b027149f-join-attempt-1/execution-receipts/verify.json,True,3620,,runtime_or_personal_data,False,False
data/runs/objective-operator-objective-8d365678b027149f-leaf-operator-objective-8d365678b027149f-join-attempt-1/journal.lock,True,0,,runtime_or_personal_data,False,False
data/runs/objective-operator-objective-8d365678b027149f-leaf-operator-objective-8d365678b027149f-join-attempt-1/result.json,True,1156,,runtime_or_personal_data,False,False
data/runs/objective-operator-objective-8d365678b027149f-leaf-operator-objective-8d365678b027149f-project-1-attempt-1/checkpoint.json,True,8561,,runtime_or_personal_data,False,False
data/runs/objective-operator-objective-8d365678b027149f-leaf-operator-objective-8d365678b027149f-project-1-attempt-1/events.jsonl,True,10177,,runtime_or_personal_data,False,False
data/runs/objective-operator-objective-8d365678b027149f-leaf-operator-objective-8d365678b027149f-project-1-attempt-1/execution-receipts/close.json,True,1279,,runtime_or_personal_data,False,False
data/runs/objective-operator-objective-8d365678b027149f-leaf-operator-objective-8d365678b027149f-project-1-attempt-1/execution-receipts/execute.json,True,3449,,runtime_or_personal_data,False,False
data/runs/objective-operator-objective-8d365678b027149f-leaf-operator-objective-8d365678b027149f-project-1-attempt-1/execution-receipts/review.json,True,6470,,runtime_or_personal_data,False,False
data/runs/objective-operator-objective-8d365678b027149f-leaf-operator-objective-8d365678b027149f-project-1-attempt-1/execution-receipts/verify.json,True,3979,,runtime_or_personal_data,False,False
data/runs/objective-operator-objective-8d365678b027149f-leaf-operator-objective-8d365678b027149f-project-1-attempt-1/journal.lock,True,0,,runtime_or_personal_data,False,False
data/runs/objective-operator-objective-8d365678b027149f-leaf-operator-objective-8d365678b027149f-project-1-attempt-1/result.json,True,1384,,runtime_or_personal_data,False,False
data/runs/objective-operator-objective-8d365678b027149f-leaf-operator-objective-8d365678b027149f-project-2-attempt-1/checkpoint.json,True,7893,,runtime_or_personal_data,False,False
data/runs/objective-operator-objective-8d365678b027149f-leaf-operator-objective-8d365678b027149f-project-2-attempt-1/events.jsonl,True,8657,,runtime_or_personal_data,False,False
data/runs/objective-operator-objective-8d365678b027149f-leaf-operator-objective-8d365678b027149f-project-2-attempt-1/execution-receipts/execute.json,True,3947,,runtime_or_personal_data,False,False
data/runs/objective-operator-objective-8d365678b027149f-leaf-operator-objective-8d365678b027149f-project-2-attempt-1/execution-receipts/review.json,True,7221,,runtime_or_personal_data,False,False
data/runs/objective-operator-objective-8d365678b027149f-leaf-operator-objective-8d365678b027149f-project-2-attempt-1/execution-receipts/verify.json,True,3928,,runtime_or_personal_data,False,False
data/runs/objective-operator-objective-8d365678b027149f-leaf-operator-objective-8d365678b027149f-project-2-attempt-1/journal.lock,True,0,,runtime_or_personal_data,False,False
data/runs/objective-operator-objective-8d365678b027149f-leaf-operator-objective-8d365678b027149f-project-2-attempt-1/result.json,True,1405,,runtime_or_personal_data,False,False
data/runs/objective-operator-objective-8d365678b027149f-leaf-operator-objective-8d365678b027149f-project-2-attempt-2/checkpoint.json,True,8561,,runtime_or_personal_data,False,False
data/runs/objective-operator-objective-8d365678b027149f-leaf-operator-objective-8d365678b027149f-project-2-attempt-2/events.jsonl,True,10177,,runtime_or_personal_data,False,False
data/runs/objective-operator-objective-8d365678b027149f-leaf-operator-objective-8d365678b027149f-project-2-attempt-2/execution-receipts/close.json,True,1279,,runtime_or_personal_data,False,False
data/runs/objective-operator-objective-8d365678b027149f-leaf-operator-objective-8d365678b027149f-project-2-attempt-2/execution-receipts/execute.json,True,3671,,runtime_or_personal_data,False,False
data/runs/objective-operator-objective-8d365678b027149f-leaf-operator-objective-8d365678b027149f-project-2-attempt-2/execution-receipts/review.json,True,8601,,runtime_or_personal_data,False,False
data/runs/objective-operator-objective-8d365678b027149f-leaf-operator-objective-8d365678b027149f-project-2-attempt-2/execution-receipts/verify.json,True,4292,,runtime_or_personal_data,False,False
data/runs/objective-operator-objective-8d365678b027149f-leaf-operator-objective-8d365678b027149f-project-2-attempt-2/journal.lock,True,0,,runtime_or_personal_data,False,False
data/runs/objective-operator-objective-8d365678b027149f-leaf-operator-objective-8d365678b027149f-project-2-attempt-2/result.json,True,969,,runtime_or_personal_data,False,False
data/runs/objective-operator-objective-968cd6b44e8a2921-leaf-operator-objective-968cd6b44e8a2921-project-1-attempt-1/checkpoint.json,True,8306,,runtime_or_personal_data,False,False
data/runs/objective-operator-objective-968cd6b44e8a2921-leaf-operator-objective-968cd6b44e8a2921-project-1-attempt-1/events.jsonl,True,8688,,runtime_or_personal_data,False,False
data/runs/objective-operator-objective-968cd6b44e8a2921-leaf-operator-objective-968cd6b44e8a2921-project-1-attempt-1/execution-receipts/execute.json,True,2478,,runtime_or_personal_data,False,False
data/runs/objective-operator-objective-968cd6b44e8a2921-leaf-operator-objective-968cd6b44e8a2921-project-1-attempt-1/execution-receipts/verify.json,True,1990,,runtime_or_personal_data,False,False
data/runs/objective-operator-objective-968cd6b44e8a2921-leaf-operator-objective-968cd6b44e8a2921-project-1-attempt-1/journal.lock,True,0,,runtime_or_personal_data,False,False
data/runs/objective-operator-objective-968cd6b44e8a2921-leaf-operator-objective-968cd6b44e8a2921-project-1-attempt-1/result.json,True,674,,runtime_or_personal_data,False,False
data/runs/objective-operator-objective-968cd6b44e8a2921-leaf-operator-objective-968cd6b44e8a2921-project-1-attempt-2/checkpoint.json,True,8306,,runtime_or_personal_data,False,False
data/runs/objective-operator-objective-968cd6b44e8a2921-leaf-operator-objective-968cd6b44e8a2921-project-1-attempt-2/events.jsonl,True,8688,,runtime_or_personal_data,False,False
data/runs/objective-operator-objective-968cd6b44e8a2921-leaf-operator-objective-968cd6b44e8a2921-project-1-attempt-2/execution-receipts/execute.json,True,2817,,runtime_or_personal_data,False,False
data/runs/objective-operator-objective-968cd6b44e8a2921-leaf-operator-objective-968cd6b44e8a2921-project-1-attempt-2/execution-receipts/verify.json,True,2012,,runtime_or_personal_data,False,False
data/runs/objective-operator-objective-968cd6b44e8a2921-leaf-operator-objective-968cd6b44e8a2921-project-1-attempt-2/journal.lock,True,0,,runtime_or_personal_data,False,False
data/runs/objective-operator-objective-968cd6b44e8a2921-leaf-operator-objective-968cd6b44e8a2921-project-1-attempt-2/result.json,True,696,,runtime_or_personal_data,False,False
data/runs/objective-operator-objective-968cd6b44e8a2921-leaf-operator-objective-968cd6b44e8a2921-project-2-attempt-1/checkpoint.json,True,8306,,runtime_or_personal_data,False,False
data/runs/objective-operator-objective-968cd6b44e8a2921-leaf-operator-objective-968cd6b44e8a2921-project-2-attempt-1/events.jsonl,True,8688,,runtime_or_personal_data,False,False
data/runs/objective-operator-objective-968cd6b44e8a2921-leaf-operator-objective-968cd6b44e8a2921-project-2-attempt-1/execution-receipts/execute.json,True,3385,,runtime_or_personal_data,False,False
data/runs/objective-operator-objective-968cd6b44e8a2921-leaf-operator-objective-968cd6b44e8a2921-project-2-attempt-1/execution-receipts/verify.json,True,2355,,runtime_or_personal_data,False,False
data/runs/objective-operator-objective-968cd6b44e8a2921-leaf-operator-objective-968cd6b44e8a2921-project-2-attempt-1/journal.lock,True,0,,runtime_or_personal_data,False,False
data/runs/objective-operator-objective-968cd6b44e8a2921-leaf-operator-objective-968cd6b44e8a2921-project-2-attempt-1/result.json,True,773,,runtime_or_personal_data,False,False
data/runs/objective-operator-objective-968cd6b44e8a2921-leaf-operator-objective-968cd6b44e8a2921-project-2-attempt-2/checkpoint.json,True,8306,,runtime_or_personal_data,False,False
data/runs/objective-operator-objective-968cd6b44e8a2921-leaf-operator-objective-968cd6b44e8a2921-project-2-attempt-2/events.jsonl,True,8688,,runtime_or_personal_data,False,False
data/runs/objective-operator-objective-968cd6b44e8a2921-leaf-operator-objective-968cd6b44e8a2921-project-2-attempt-2/execution-receipts/execute.json,True,3158,,runtime_or_personal_data,False,False
data/runs/objective-operator-objective-968cd6b44e8a2921-leaf-operator-objective-968cd6b44e8a2921-project-2-attempt-2/execution-receipts/verify.json,True,2020,,runtime_or_personal_data,False,False
data/runs/objective-operator-objective-968cd6b44e8a2921-leaf-operator-objective-968cd6b44e8a2921-project-2-attempt-2/journal.lock,True,0,,runtime_or_personal_data,False,False
data/runs/objective-operator-objective-968cd6b44e8a2921-leaf-operator-objective-968cd6b44e8a2921-project-2-attempt-2/result.json,True,702,,runtime_or_personal_data,False,False
data/runs/objective-operator-objective-ab2f6e30b9226992-leaf-operator-objective-ab2f6e30b9226992-project-1-attempt-1/checkpoint.json,True,8306,,runtime_or_personal_data,False,False
data/runs/objective-operator-objective-ab2f6e30b9226992-leaf-operator-objective-ab2f6e30b9226992-project-1-attempt-1/events.jsonl,True,8688,,runtime_or_personal_data,False,False
data/runs/objective-operator-objective-ab2f6e30b9226992-leaf-operator-objective-ab2f6e30b9226992-project-1-attempt-1/execution-receipts/execute.json,True,2811,,runtime_or_personal_data,False,False
data/runs/objective-operator-objective-ab2f6e30b9226992-leaf-operator-objective-ab2f6e30b9226992-project-1-attempt-1/execution-receipts/verify.json,True,1995,,runtime_or_personal_data,False,False
data/runs/objective-operator-objective-ab2f6e30b9226992-leaf-operator-objective-ab2f6e30b9226992-project-1-attempt-1/journal.lock,True,0,,runtime_or_personal_data,False,False
data/runs/objective-operator-objective-ab2f6e30b9226992-leaf-operator-objective-ab2f6e30b9226992-project-1-attempt-1/result.json,True,678,,runtime_or_personal_data,False,False
data/runs/objective-operator-objective-ab2f6e30b9226992-leaf-operator-objective-ab2f6e30b9226992-project-1-attempt-2/checkpoint.json,True,8306,,runtime_or_personal_data,False,False
data/runs/objective-operator-objective-ab2f6e30b9226992-leaf-operator-objective-ab2f6e30b9226992-project-1-attempt-2/events.jsonl,True,8688,,runtime_or_personal_data,False,False
data/runs/objective-operator-objective-ab2f6e30b9226992-leaf-operator-objective-ab2f6e30b9226992-project-1-attempt-2/execution-receipts/execute.json,True,2750,,runtime_or_personal_data,False,False
data/runs/objective-operator-objective-ab2f6e30b9226992-leaf-operator-objective-ab2f6e30b9226992-project-1-attempt-2/execution-receipts/verify.json,True,2022,,runtime_or_personal_data,False,False
data/runs/objective-operator-objective-ab2f6e30b9226992-leaf-operator-objective-ab2f6e30b9226992-project-1-attempt-2/journal.lock,True,0,,runtime_or_personal_data,False,False
data/runs/objective-operator-objective-ab2f6e30b9226992-leaf-operator-objective-ab2f6e30b9226992-project-1-attempt-2/result.json,True,706,,runtime_or_personal_data,False,False
data/runs/objective-operator-objective-ab2f6e30b9226992-leaf-operator-objective-ab2f6e30b9226992-project-2-attempt-1/checkpoint.json,True,7479,,runtime_or_personal_data,False,False
data/runs/objective-operator-objective-ab2f6e30b9226992-leaf-operator-objective-ab2f6e30b9226992-project-2-attempt-1/events.jsonl,True,5670,,runtime_or_personal_data,False,False
data/runs/objective-operator-objective-ab2f6e30b9226992-leaf-operator-objective-ab2f6e30b9226992-project-2-attempt-1/execution-receipts/execute.json,True,2754,,runtime_or_personal_data,False,False
data/runs/objective-operator-objective-ab2f6e30b9226992-leaf-operator-objective-ab2f6e30b9226992-project-2-attempt-1/journal.lock,True,0,,runtime_or_personal_data,False,False
data/runs/objective-operator-objective-ab2f6e30b9226992-leaf-operator-objective-ab2f6e30b9226992-project-2-attempt-1/result.json,True,1430,,runtime_or_personal_data,False,False
data/runs/objective-operator-objective-ab2f6e30b9226992-leaf-operator-objective-ab2f6e30b9226992-project-2-attempt-2/checkpoint.json,True,7479,,runtime_or_personal_data,False,False
data/runs/objective-operator-objective-ab2f6e30b9226992-leaf-operator-objective-ab2f6e30b9226992-project-2-attempt-2/events.jsonl,True,5670,,runtime_or_personal_data,False,False
data/runs/objective-operator-objective-ab2f6e30b9226992-leaf-operator-objective-ab2f6e30b9226992-project-2-attempt-2/execution-receipts/execute.json,True,2776,,runtime_or_personal_data,False,False
data/runs/objective-operator-objective-ab2f6e30b9226992-leaf-operator-objective-ab2f6e30b9226992-project-2-attempt-2/journal.lock,True,0,,runtime_or_personal_data,False,False
data/runs/objective-operator-objective-ab2f6e30b9226992-leaf-operator-objective-ab2f6e30b9226992-project-2-attempt-2/result.json,True,1453,,runtime_or_personal_data,False,False
data/runs/objective-operator-objective-abc0965a5b08ea32-leaf-operator-objective-abc0965a5b08ea32-project-1-attempt-1/checkpoint.json,True,7949,,runtime_or_personal_data,False,False
data/runs/objective-operator-objective-abc0965a5b08ea32-leaf-operator-objective-abc0965a5b08ea32-project-1-attempt-1/events.jsonl,True,8729,,runtime_or_personal_data,False,False
data/runs/objective-operator-objective-abc0965a5b08ea32-leaf-operator-objective-abc0965a5b08ea32-project-1-attempt-1/execution-receipts/execute.json,True,1702,,runtime_or_personal_data,False,False
data/runs/objective-operator-objective-abc0965a5b08ea32-leaf-operator-objective-abc0965a5b08ea32-project-1-attempt-1/execution-receipts/review.json,True,3738,,runtime_or_personal_data,False,False
data/runs/objective-operator-objective-abc0965a5b08ea32-leaf-operator-objective-abc0965a5b08ea32-project-1-attempt-1/execution-receipts/verify.json,True,1652,,runtime_or_personal_data,False,False
data/runs/objective-operator-objective-abc0965a5b08ea32-leaf-operator-objective-abc0965a5b08ea32-project-1-attempt-1/journal.lock,True,0,,runtime_or_personal_data,False,False
data/runs/objective-operator-objective-abc0965a5b08ea32-leaf-operator-objective-abc0965a5b08ea32-project-1-attempt-1/result.json,True,868,,runtime_or_personal_data,False,False
data/runs/objective-operator-objective-abc0965a5b08ea32-leaf-operator-objective-abc0965a5b08ea32-project-1-attempt-10/checkpoint.json,True,7954,,runtime_or_personal_data,False,False
data/runs/objective-operator-objective-abc0965a5b08ea32-leaf-operator-objective-abc0965a5b08ea32-project-1-attempt-10/events.jsonl,True,8755,,runtime_or_personal_data,False,False
data/runs/objective-operator-objective-abc0965a5b08ea32-leaf-operator-objective-abc0965a5b08ea32-project-1-attempt-10/execution-receipts/execute.json,True,1677,,runtime_or_personal_data,False,False
data/runs/objective-operator-objective-abc0965a5b08ea32-leaf-operator-objective-abc0965a5b08ea32-project-1-attempt-10/execution-receipts/review.json,True,2555,,runtime_or_personal_data,False,False
data/runs/objective-operator-objective-abc0965a5b08ea32-leaf-operator-objective-abc0965a5b08ea32-project-1-attempt-10/execution-receipts/verify.json,True,1841,,runtime_or_personal_data,False,False
data/runs/objective-operator-objective-abc0965a5b08ea32-leaf-operator-objective-abc0965a5b08ea32-project-1-attempt-10/journal.lock,True,0,,runtime_or_personal_data,False,False
data/runs/objective-operator-objective-abc0965a5b08ea32-leaf-operator-objective-abc0965a5b08ea32-project-1-attempt-10/result.json,True,912,,runtime_or_personal_data,False,False
data/runs/objective-operator-objective-abc0965a5b08ea32-leaf-operator-objective-abc0965a5b08ea32-project-1-attempt-2/checkpoint.json,True,7949,,runtime_or_personal_data,False,False
data/runs/objective-operator-objective-abc0965a5b08ea32-leaf-operator-objective-abc0965a5b08ea32-project-1-attempt-2/events.jsonl,True,8729,,runtime_or_personal_data,False,False
data/runs/objective-operator-objective-abc0965a5b08ea32-leaf-operator-objective-abc0965a5b08ea32-project-1-attempt-2/execution-receipts/execute.json,True,1652,,runtime_or_personal_data,False,False
data/runs/objective-operator-objective-abc0965a5b08ea32-leaf-operator-objective-abc0965a5b08ea32-project-1-attempt-2/execution-receipts/review.json,True,3285,,runtime_or_personal_data,False,False
data/runs/objective-operator-objective-abc0965a5b08ea32-leaf-operator-objective-abc0965a5b08ea32-project-1-attempt-2/execution-receipts/verify.json,True,1655,,runtime_or_personal_data,False,False
data/runs/objective-operator-objective-abc0965a5b08ea32-leaf-operator-objective-abc0965a5b08ea32-project-1-attempt-2/journal.lock,True,0,,runtime_or_personal_data,False,False
data/runs/objective-operator-objective-abc0965a5b08ea32-leaf-operator-objective-abc0965a5b08ea32-project-1-attempt-2/result.json,True,803,,runtime_or_personal_data,False,False
data/runs/objective-operator-objective-abc0965a5b08ea32-leaf-operator-objective-abc0965a5b08ea32-project-1-attempt-3/checkpoint.json,True,7949,,runtime_or_personal_data,False,False
data/runs/objective-operator-objective-abc0965a5b08ea32-leaf-operator-objective-abc0965a5b08ea32-project-1-attempt-3/events.jsonl,True,8729,,runtime_or_personal_data,False,False
data/runs/objective-operator-objective-abc0965a5b08ea32-leaf-operator-objective-abc0965a5b08ea32-project-1-attempt-3/execution-receipts/execute.json,True,1702,,runtime_or_personal_data,False,False
data/runs/objective-operator-objective-abc0965a5b08ea32-leaf-operator-objective-abc0965a5b08ea32-project-1-attempt-3/execution-receipts/review.json,True,3759,,runtime_or_personal_data,False,False
data/runs/objective-operator-objective-abc0965a5b08ea32-leaf-operator-objective-abc0965a5b08ea32-project-1-attempt-3/execution-receipts/verify.json,True,1830,,runtime_or_personal_data,False,False
data/runs/objective-operator-objective-abc0965a5b08ea32-leaf-operator-objective-abc0965a5b08ea32-project-1-attempt-3/journal.lock,True,0,,runtime_or_personal_data,False,False
data/runs/objective-operator-objective-abc0965a5b08ea32-leaf-operator-objective-abc0965a5b08ea32-project-1-attempt-3/result.json,True,971,,runtime_or_personal_data,False,False
data/runs/objective-operator-objective-abc0965a5b08ea32-leaf-operator-objective-abc0965a5b08ea32-project-1-attempt-4/checkpoint.json,True,7949,,runtime_or_personal_data,False,False
data/runs/objective-operator-objective-abc0965a5b08ea32-leaf-operator-objective-abc0965a5b08ea32-project-1-attempt-4/events.jsonl,True,8729,,runtime_or_personal_data,False,False
data/runs/objective-operator-objective-abc0965a5b08ea32-leaf-operator-objective-abc0965a5b08ea32-project-1-attempt-4/execution-receipts/execute.json,True,1665,,runtime_or_personal_data,False,False
data/runs/objective-operator-objective-abc0965a5b08ea32-leaf-operator-objective-abc0965a5b08ea32-project-1-attempt-4/execution-receipts/review.json,True,3349,,runtime_or_personal_data,False,False
data/runs/objective-operator-objective-abc0965a5b08ea32-leaf-operator-objective-abc0965a5b08ea32-project-1-attempt-4/execution-receipts/verify.json,True,1927,,runtime_or_personal_data,False,False
data/runs/objective-operator-objective-abc0965a5b08ea32-leaf-operator-objective-abc0965a5b08ea32-project-1-attempt-4/journal.lock,True,0,,runtime_or_personal_data,False,False
data/runs/objective-operator-objective-abc0965a5b08ea32-leaf-operator-objective-abc0965a5b08ea32-project-1-attempt-4/result.json,True,1006,,runtime_or_personal_data,False,False
data/runs/objective-operator-objective-abc0965a5b08ea32-leaf-operator-objective-abc0965a5b08ea32-project-1-attempt-5/checkpoint.json,True,7949,,runtime_or_personal_data,False,False
data/runs/objective-operator-objective-abc0965a5b08ea32-leaf-operator-objective-abc0965a5b08ea32-project-1-attempt-5/events.jsonl,True,8729,,runtime_or_personal_data,False,False
data/runs/objective-operator-objective-abc0965a5b08ea32-leaf-operator-objective-abc0965a5b08ea32-project-1-attempt-5/execution-receipts/execute.json,True,1700,,runtime_or_personal_data,False,False
data/runs/objective-operator-objective-abc0965a5b08ea32-leaf-operator-objective-abc0965a5b08ea32-project-1-attempt-5/execution-receipts/review.json,True,3188,,runtime_or_personal_data,False,False
data/runs/objective-operator-objective-abc0965a5b08ea32-leaf-operator-objective-abc0965a5b08ea32-project-1-attempt-5/execution-receipts/verify.json,True,1829,,runtime_or_personal_data,False,False
data/runs/objective-operator-objective-abc0965a5b08ea32-leaf-operator-objective-abc0965a5b08ea32-project-1-attempt-5/journal.lock,True,0,,runtime_or_personal_data,False,False
data/runs/objective-operator-objective-abc0965a5b08ea32-leaf-operator-objective-abc0965a5b08ea32-project-1-attempt-5/result.json,True,921,,runtime_or_personal_data,False,False
data/runs/objective-operator-objective-abc0965a5b08ea32-leaf-operator-objective-abc0965a5b08ea32-project-1-attempt-6/checkpoint.json,True,7949,,runtime_or_personal_data,False,False
data/runs/objective-operator-objective-abc0965a5b08ea32-leaf-operator-objective-abc0965a5b08ea32-project-1-attempt-6/events.jsonl,True,8729,,runtime_or_personal_data,False,False
data/runs/objective-operator-objective-abc0965a5b08ea32-leaf-operator-objective-abc0965a5b08ea32-project-1-attempt-6/execution-receipts/execute.json,True,1694,,runtime_or_personal_data,False,False
data/runs/objective-operator-objective-abc0965a5b08ea32-leaf-operator-objective-abc0965a5b08ea32-project-1-attempt-6/execution-receipts/review.json,True,2523,,runtime_or_personal_data,False,False
data/runs/objective-operator-objective-abc0965a5b08ea32-leaf-operator-objective-abc0965a5b08ea32-project-1-attempt-6/execution-receipts/verify.json,True,1641,,runtime_or_personal_data,False,False
data/runs/objective-operator-objective-abc0965a5b08ea32-leaf-operator-objective-abc0965a5b08ea32-project-1-attempt-6/journal.lock,True,0,,runtime_or_personal_data,False,False
data/runs/objective-operator-objective-abc0965a5b08ea32-leaf-operator-objective-abc0965a5b08ea32-project-1-attempt-6/result.json,True,822,,runtime_or_personal_data,False,False
data/runs/objective-operator-objective-abc0965a5b08ea32-leaf-operator-objective-abc0965a5b08ea32-project-1-attempt-7/checkpoint.json,True,7949,,runtime_or_personal_data,False,False
data/runs/objective-operator-objective-abc0965a5b08ea32-leaf-operator-objective-abc0965a5b08ea32-project-1-attempt-7/events.jsonl,True,8729,,runtime_or_personal_data,False,False
data/runs/objective-operator-objective-abc0965a5b08ea32-leaf-operator-objective-abc0965a5b08ea32-project-1-attempt-7/execution-receipts/execute.json,True,1652,,runtime_or_personal_data,False,False
data/runs/objective-operator-objective-abc0965a5b08ea32-leaf-operator-objective-abc0965a5b08ea32-project-1-attempt-7/execution-receipts/review.json,True,3118,,runtime_or_personal_data,False,False
data/runs/objective-operator-objective-abc0965a5b08ea32-leaf-operator-objective-abc0965a5b08ea32-project-1-attempt-7/execution-receipts/verify.json,True,1643,,runtime_or_personal_data,False,False
data/runs/objective-operator-objective-abc0965a5b08ea32-leaf-operator-objective-abc0965a5b08ea32-project-1-attempt-7/journal.lock,True,0,,runtime_or_personal_data,False,False
data/runs/objective-operator-objective-abc0965a5b08ea32-leaf-operator-objective-abc0965a5b08ea32-project-1-attempt-7/result.json,True,877,,runtime_or_personal_data,False,False
data/runs/objective-operator-objective-abc0965a5b08ea32-leaf-operator-objective-abc0965a5b08ea32-project-1-attempt-8/checkpoint.json,True,7949,,runtime_or_personal_data,False,False
data/runs/objective-operator-objective-abc0965a5b08ea32-leaf-operator-objective-abc0965a5b08ea32-project-1-attempt-8/events.jsonl,True,8729,,runtime_or_personal_data,False,False
data/runs/objective-operator-objective-abc0965a5b08ea32-leaf-operator-objective-abc0965a5b08ea32-project-1-attempt-8/execution-receipts/execute.json,True,1779,,runtime_or_personal_data,False,False
data/runs/objective-operator-objective-abc0965a5b08ea32-leaf-operator-objective-abc0965a5b08ea32-project-1-attempt-8/execution-receipts/review.json,True,2701,,runtime_or_personal_data,False,False
data/runs/objective-operator-objective-abc0965a5b08ea32-leaf-operator-objective-abc0965a5b08ea32-project-1-attempt-8/execution-receipts/verify.json,True,1857,,runtime_or_personal_data,False,False
data/runs/objective-operator-objective-abc0965a5b08ea32-leaf-operator-objective-abc0965a5b08ea32-project-1-attempt-8/journal.lock,True,0,,runtime_or_personal_data,False,False
data/runs/objective-operator-objective-abc0965a5b08ea32-leaf-operator-objective-abc0965a5b08ea32-project-1-attempt-8/result.json,True,1028,,runtime_or_personal_data,False,False
data/runs/objective-operator-objective-abc0965a5b08ea32-leaf-operator-objective-abc0965a5b08ea32-project-1-attempt-9/checkpoint.json,True,7949,,runtime_or_personal_data,False,False
data/runs/objective-operator-objective-abc0965a5b08ea32-leaf-operator-objective-abc0965a5b08ea32-project-1-attempt-9/events.jsonl,True,8729,,runtime_or_personal_data,False,False
data/runs/objective-operator-objective-abc0965a5b08ea32-leaf-operator-objective-abc0965a5b08ea32-project-1-attempt-9/execution-receipts/execute.json,True,1698,,runtime_or_personal_data,False,False
data/runs/objective-operator-objective-abc0965a5b08ea32-leaf-operator-objective-abc0965a5b08ea32-project-1-attempt-9/execution-receipts/review.json,True,2550,,runtime_or_personal_data,False,False
data/runs/objective-operator-objective-abc0965a5b08ea32-leaf-operator-objective-abc0965a5b08ea32-project-1-attempt-9/execution-receipts/verify.json,True,1925,,runtime_or_personal_data,False,False
data/runs/objective-operator-objective-abc0965a5b08ea32-leaf-operator-objective-abc0965a5b08ea32-project-1-attempt-9/journal.lock,True,0,,runtime_or_personal_data,False,False
data/runs/objective-operator-objective-abc0965a5b08ea32-leaf-operator-objective-abc0965a5b08ea32-project-1-attempt-9/result.json,True,848,,runtime_or_personal_data,False,False
data/runs/objective-operator-objective-abc0965a5b08ea32-leaf-operator-objective-abc0965a5b08ea32-project-2-attempt-1/checkpoint.json,True,7949,,runtime_or_personal_data,False,False
data/runs/objective-operator-objective-abc0965a5b08ea32-leaf-operator-objective-abc0965a5b08ea32-project-2-attempt-1/events.jsonl,True,8729,,runtime_or_personal_data,False,False
data/runs/objective-operator-objective-abc0965a5b08ea32-leaf-operator-objective-abc0965a5b08ea32-project-2-attempt-1/execution-receipts/execute.json,True,1707,,runtime_or_personal_data,False,False
data/runs/objective-operator-objective-abc0965a5b08ea32-leaf-operator-objective-abc0965a5b08ea32-project-2-attempt-1/execution-receipts/review.json,True,3863,,runtime_or_personal_data,False,False
data/runs/objective-operator-objective-abc0965a5b08ea32-leaf-operator-objective-abc0965a5b08ea32-project-2-attempt-1/execution-receipts/verify.json,True,1819,,runtime_or_personal_data,False,False
data/runs/objective-operator-objective-abc0965a5b08ea32-leaf-operator-objective-abc0965a5b08ea32-project-2-attempt-1/journal.lock,True,0,,runtime_or_personal_data,False,False
data/runs/objective-operator-objective-abc0965a5b08ea32-leaf-operator-objective-abc0965a5b08ea32-project-2-attempt-1/result.json,True,866,,runtime_or_personal_data,False,False
data/runs/objective-operator-objective-abc0965a5b08ea32-leaf-operator-objective-abc0965a5b08ea32-project-2-attempt-10/checkpoint.json,True,8624,,runtime_or_personal_data,False,False
data/runs/objective-operator-objective-abc0965a5b08ea32-leaf-operator-objective-abc0965a5b08ea32-project-2-attempt-10/events.jsonl,True,10281,,runtime_or_personal_data,False,False
data/runs/objective-operator-objective-abc0965a5b08ea32-leaf-operator-objective-abc0965a5b08ea32-project-2-attempt-10/execution-receipts/close.json,True,1281,,runtime_or_personal_data,False,False
data/runs/objective-operator-objective-abc0965a5b08ea32-leaf-operator-objective-abc0965a5b08ea32-project-2-attempt-10/execution-receipts/execute.json,True,1725,,runtime_or_personal_data,False,False
data/runs/objective-operator-objective-abc0965a5b08ea32-leaf-operator-objective-abc0965a5b08ea32-project-2-attempt-10/execution-receipts/review.json,True,2563,,runtime_or_personal_data,False,False
data/runs/objective-operator-objective-abc0965a5b08ea32-leaf-operator-objective-abc0965a5b08ea32-project-2-attempt-10/execution-receipts/verify.json,True,1688,,runtime_or_personal_data,False,False
data/runs/objective-operator-objective-abc0965a5b08ea32-leaf-operator-objective-abc0965a5b08ea32-project-2-attempt-10/journal.lock,True,0,,runtime_or_personal_data,False,False
data/runs/objective-operator-objective-abc0965a5b08ea32-leaf-operator-objective-abc0965a5b08ea32-project-2-attempt-10/result.json,True,857,,runtime_or_personal_data,False,False
data/runs/objective-operator-objective-abc0965a5b08ea32-leaf-operator-objective-abc0965a5b08ea32-project-2-attempt-2/checkpoint.json,True,7949,,runtime_or_personal_data,False,False
data/runs/objective-operator-objective-abc0965a5b08ea32-leaf-operator-objective-abc0965a5b08ea32-project-2-attempt-2/events.jsonl,True,8729,,runtime_or_personal_data,False,False
data/runs/objective-operator-objective-abc0965a5b08ea32-leaf-operator-objective-abc0965a5b08ea32-project-2-attempt-2/execution-receipts/execute.json,True,1758,,runtime_or_personal_data,False,False
data/runs/objective-operator-objective-abc0965a5b08ea32-leaf-operator-objective-abc0965a5b08ea32-project-2-attempt-2/execution-receipts/review.json,True,3948,,runtime_or_personal_data,False,False
data/runs/objective-operator-objective-abc0965a5b08ea32-leaf-operator-objective-abc0965a5b08ea32-project-2-attempt-2/execution-receipts/verify.json,True,1819,,runtime_or_personal_data,False,False
data/runs/objective-operator-objective-abc0965a5b08ea32-leaf-operator-objective-abc0965a5b08ea32-project-2-attempt-2/journal.lock,True,0,,runtime_or_personal_data,False,False
data/runs/objective-operator-objective-abc0965a5b08ea32-leaf-operator-objective-abc0965a5b08ea32-project-2-attempt-2/result.json,True,932,,runtime_or_personal_data,False,False
data/runs/objective-operator-objective-abc0965a5b08ea32-leaf-operator-objective-abc0965a5b08ea32-project-2-attempt-3/checkpoint.json,True,7949,,runtime_or_personal_data,False,False
data/runs/objective-operator-objective-abc0965a5b08ea32-leaf-operator-objective-abc0965a5b08ea32-project-2-attempt-3/events.jsonl,True,8729,,runtime_or_personal_data,False,False
data/runs/objective-operator-objective-abc0965a5b08ea32-leaf-operator-objective-abc0965a5b08ea32-project-2-attempt-3/execution-receipts/execute.json,True,1696,,runtime_or_personal_data,False,False
data/runs/objective-operator-objective-abc0965a5b08ea32-leaf-operator-objective-abc0965a5b08ea32-project-2-attempt-3/execution-receipts/review.json,True,3450,,runtime_or_personal_data,False,False
data/runs/objective-operator-objective-abc0965a5b08ea32-leaf-operator-objective-abc0965a5b08ea32-project-2-attempt-3/execution-receipts/verify.json,True,1845,,runtime_or_personal_data,False,False
data/runs/objective-operator-objective-abc0965a5b08ea32-leaf-operator-objective-abc0965a5b08ea32-project-2-attempt-3/journal.lock,True,0,,runtime_or_personal_data,False,False
data/runs/objective-operator-objective-abc0965a5b08ea32-leaf-operator-objective-abc0965a5b08ea32-project-2-attempt-3/result.json,True,834,,runtime_or_personal_data,False,False
data/runs/objective-operator-objective-abc0965a5b08ea32-leaf-operator-objective-abc0965a5b08ea32-project-2-attempt-4/checkpoint.json,True,7949,,runtime_or_personal_data,False,False
data/runs/objective-operator-objective-abc0965a5b08ea32-leaf-operator-objective-abc0965a5b08ea32-project-2-attempt-4/events.jsonl,True,8729,,runtime_or_personal_data,False,False
data/runs/objective-operator-objective-abc0965a5b08ea32-leaf-operator-objective-abc0965a5b08ea32-project-2-attempt-4/execution-receipts/execute.json,True,1737,,runtime_or_personal_data,False,False
data/runs/objective-operator-objective-abc0965a5b08ea32-leaf-operator-objective-abc0965a5b08ea32-project-2-attempt-4/execution-receipts/review.json,True,2538,,runtime_or_personal_data,False,False
data/runs/objective-operator-objective-abc0965a5b08ea32-leaf-operator-objective-abc0965a5b08ea32-project-2-attempt-4/execution-receipts/verify.json,True,1662,,runtime_or_personal_data,False,False
data/runs/objective-operator-objective-abc0965a5b08ea32-leaf-operator-objective-abc0965a5b08ea32-project-2-attempt-4/journal.lock,True,0,,runtime_or_personal_data,False,False
data/runs/objective-operator-objective-abc0965a5b08ea32-leaf-operator-objective-abc0965a5b08ea32-project-2-attempt-4/result.json,True,825,,runtime_or_personal_data,False,False
data/runs/objective-operator-objective-abc0965a5b08ea32-leaf-operator-objective-abc0965a5b08ea32-project-2-attempt-5/checkpoint.json,True,7949,,runtime_or_personal_data,False,False
data/runs/objective-operator-objective-abc0965a5b08ea32-leaf-operator-objective-abc0965a5b08ea32-project-2-attempt-5/events.jsonl,True,8729,,runtime_or_personal_data,False,False
data/runs/objective-operator-objective-abc0965a5b08ea32-leaf-operator-objective-abc0965a5b08ea32-project-2-attempt-5/execution-receipts/execute.json,True,1688,,runtime_or_personal_data,False,False
data/runs/objective-operator-objective-abc0965a5b08ea32-leaf-operator-objective-abc0965a5b08ea32-project-2-attempt-5/execution-receipts/review.json,True,3636,,runtime_or_personal_data,False,False
data/runs/objective-operator-objective-abc0965a5b08ea32-leaf-operator-objective-abc0965a5b08ea32-project-2-attempt-5/execution-receipts/verify.json,True,1730,,runtime_or_personal_data,False,False
data/runs/objective-operator-objective-abc0965a5b08ea32-leaf-operator-objective-abc0965a5b08ea32-project-2-attempt-5/journal.lock,True,0,,runtime_or_personal_data,False,False
data/runs/objective-operator-objective-abc0965a5b08ea32-leaf-operator-objective-abc0965a5b08ea32-project-2-attempt-5/result.json,True,1005,,runtime_or_personal_data,False,False
data/runs/objective-operator-objective-abc0965a5b08ea32-leaf-operator-objective-abc0965a5b08ea32-project-2-attempt-6/checkpoint.json,True,7949,,runtime_or_personal_data,False,False
data/runs/objective-operator-objective-abc0965a5b08ea32-leaf-operator-objective-abc0965a5b08ea32-project-2-attempt-6/events.jsonl,True,8729,,runtime_or_personal_data,False,False
data/runs/objective-operator-objective-abc0965a5b08ea32-leaf-operator-objective-abc0965a5b08ea32-project-2-attempt-6/execution-receipts/execute.json,True,1718,,runtime_or_personal_data,False,False
data/runs/objective-operator-objective-abc0965a5b08ea32-leaf-operator-objective-abc0965a5b08ea32-project-2-attempt-6/execution-receipts/review.json,True,2591,,runtime_or_personal_data,False,False
data/runs/objective-operator-objective-abc0965a5b08ea32-leaf-operator-objective-abc0965a5b08ea32-project-2-attempt-6/execution-receipts/verify.json,True,1882,,runtime_or_personal_data,False,False
data/runs/objective-operator-objective-abc0965a5b08ea32-leaf-operator-objective-abc0965a5b08ea32-project-2-attempt-6/journal.lock,True,0,,runtime_or_personal_data,False,False
data/runs/objective-operator-objective-abc0965a5b08ea32-leaf-operator-objective-abc0965a5b08ea32-project-2-attempt-6/result.json,True,889,,runtime_or_personal_data,False,False
data/runs/objective-operator-objective-abc0965a5b08ea32-leaf-operator-objective-abc0965a5b08ea32-project-2-attempt-7/checkpoint.json,True,8617,,runtime_or_personal_data,False,False
data/runs/objective-operator-objective-abc0965a5b08ea32-leaf-operator-objective-abc0965a5b08ea32-project-2-attempt-7/events.jsonl,True,10249,,runtime_or_personal_data,False,False
data/runs/objective-operator-objective-abc0965a5b08ea32-leaf-operator-objective-abc0965a5b08ea32-project-2-attempt-7/execution-receipts/close.json,True,1279,,runtime_or_personal_data,False,False
data/runs/objective-operator-objective-abc0965a5b08ea32-leaf-operator-objective-abc0965a5b08ea32-project-2-attempt-7/execution-receipts/execute.json,True,1762,,runtime_or_personal_data,False,False
data/runs/objective-operator-objective-abc0965a5b08ea32-leaf-operator-objective-abc0965a5b08ea32-project-2-attempt-7/execution-receipts/review.json,True,2550,,runtime_or_personal_data,False,False
data/runs/objective-operator-objective-abc0965a5b08ea32-leaf-operator-objective-abc0965a5b08ea32-project-2-attempt-7/execution-receipts/verify.json,True,1661,,runtime_or_personal_data,False,False
data/runs/objective-operator-objective-abc0965a5b08ea32-leaf-operator-objective-abc0965a5b08ea32-project-2-attempt-7/journal.lock,True,0,,runtime_or_personal_data,False,False
data/runs/objective-operator-objective-abc0965a5b08ea32-leaf-operator-objective-abc0965a5b08ea32-project-2-attempt-7/result.json,True,875,,runtime_or_personal_data,False,False
data/runs/objective-operator-objective-abc0965a5b08ea32-leaf-operator-objective-abc0965a5b08ea32-project-2-attempt-8/checkpoint.json,True,7949,,runtime_or_personal_data,False,False
data/runs/objective-operator-objective-abc0965a5b08ea32-leaf-operator-objective-abc0965a5b08ea32-project-2-attempt-8/events.jsonl,True,8729,,runtime_or_personal_data,False,False
data/runs/objective-operator-objective-abc0965a5b08ea32-leaf-operator-objective-abc0965a5b08ea32-project-2-attempt-8/execution-receipts/execute.json,True,1730,,runtime_or_personal_data,False,False
data/runs/objective-operator-objective-abc0965a5b08ea32-leaf-operator-objective-abc0965a5b08ea32-project-2-attempt-8/execution-receipts/review.json,True,2526,,runtime_or_personal_data,False,False
data/runs/objective-operator-objective-abc0965a5b08ea32-leaf-operator-objective-abc0965a5b08ea32-project-2-attempt-8/execution-receipts/verify.json,True,1875,,runtime_or_personal_data,False,False
data/runs/objective-operator-objective-abc0965a5b08ea32-leaf-operator-objective-abc0965a5b08ea32-project-2-attempt-8/journal.lock,True,0,,runtime_or_personal_data,False,False
data/runs/objective-operator-objective-abc0965a5b08ea32-leaf-operator-objective-abc0965a5b08ea32-project-2-attempt-8/result.json,True,825,,runtime_or_personal_data,False,False
data/runs/objective-operator-objective-abc0965a5b08ea32-leaf-operator-objective-abc0965a5b08ea32-project-2-attempt-9/checkpoint.json,True,8617,,runtime_or_personal_data,False,False
data/runs/objective-operator-objective-abc0965a5b08ea32-leaf-operator-objective-abc0965a5b08ea32-project-2-attempt-9/events.jsonl,True,10249,,runtime_or_personal_data,False,False
data/runs/objective-operator-objective-abc0965a5b08ea32-leaf-operator-objective-abc0965a5b08ea32-project-2-attempt-9/execution-receipts/close.json,True,1279,,runtime_or_personal_data,False,False
data/runs/objective-operator-objective-abc0965a5b08ea32-leaf-operator-objective-abc0965a5b08ea32-project-2-attempt-9/execution-receipts/execute.json,True,1700,,runtime_or_personal_data,False,False
data/runs/objective-operator-objective-abc0965a5b08ea32-leaf-operator-objective-abc0965a5b08ea32-project-2-attempt-9/execution-receipts/review.json,True,3825,,runtime_or_personal_data,False,False
data/runs/objective-operator-objective-abc0965a5b08ea32-leaf-operator-objective-abc0965a5b08ea32-project-2-attempt-9/execution-receipts/verify.json,True,1927,,runtime_or_personal_data,False,False
data/runs/objective-operator-objective-abc0965a5b08ea32-leaf-operator-objective-abc0965a5b08ea32-project-2-attempt-9/journal.lock,True,0,,runtime_or_personal_data,False,False
data/runs/objective-operator-objective-abc0965a5b08ea32-leaf-operator-objective-abc0965a5b08ea32-project-2-attempt-9/result.json,True,989,,runtime_or_personal_data,False,False
data/runs/objective-operator-objective-ccab5b4ffe08a3ed-leaf-operator-objective-ccab5b4ffe08a3ed-project-1-attempt-1/checkpoint.json,True,7871,,runtime_or_personal_data,False,False
data/runs/objective-operator-objective-ccab5b4ffe08a3ed-leaf-operator-objective-ccab5b4ffe08a3ed-project-1-attempt-1/events.jsonl,True,10798,,runtime_or_personal_data,False,False
data/runs/objective-operator-objective-ccab5b4ffe08a3ed-leaf-operator-objective-ccab5b4ffe08a3ed-project-1-attempt-1/execution-receipts/execute.json,True,9581,,runtime_or_personal_data,False,False
data/runs/objective-operator-objective-ccab5b4ffe08a3ed-leaf-operator-objective-ccab5b4ffe08a3ed-project-1-attempt-1/journal.lock,True,0,,runtime_or_personal_data,False,False
data/runs/objective-operator-objective-ccab5b4ffe08a3ed-leaf-operator-objective-ccab5b4ffe08a3ed-project-1-attempt-1/result.json,True,508,,runtime_or_personal_data,False,False
data/runs/objective-operator-objective-e34a006959fd0dd1-leaf-operator-objective-e34a006959fd0dd1-join-attempt-1/checkpoint.json,True,7909,,runtime_or_personal_data,False,False
data/runs/objective-operator-objective-e34a006959fd0dd1-leaf-operator-objective-e34a006959fd0dd1-join-attempt-1/events.jsonl,True,8584,,runtime_or_personal_data,False,False
data/runs/objective-operator-objective-e34a006959fd0dd1-leaf-operator-objective-e34a006959fd0dd1-join-attempt-1/execution-receipts/execute.json,True,2141,,runtime_or_personal_data,False,False
data/runs/objective-operator-objective-e34a006959fd0dd1-leaf-operator-objective-e34a006959fd0dd1-join-attempt-1/execution-receipts/review.json,True,5677,,runtime_or_personal_data,False,False
data/runs/objective-operator-objective-e34a006959fd0dd1-leaf-operator-objective-e34a006959fd0dd1-join-attempt-1/execution-receipts/verify.json,True,1825,,runtime_or_personal_data,False,False
data/runs/objective-operator-objective-e34a006959fd0dd1-leaf-operator-objective-e34a006959fd0dd1-join-attempt-1/journal.lock,True,0,,runtime_or_personal_data,False,False
data/runs/objective-operator-objective-e34a006959fd0dd1-leaf-operator-objective-e34a006959fd0dd1-join-attempt-1/result.json,True,1366,,runtime_or_personal_data,False,False
data/runs/objective-operator-objective-e34a006959fd0dd1-leaf-operator-objective-e34a006959fd0dd1-join-attempt-2/checkpoint.json,True,7909,,runtime_or_personal_data,False,False
data/runs/objective-operator-objective-e34a006959fd0dd1-leaf-operator-objective-e34a006959fd0dd1-join-attempt-2/events.jsonl,True,8584,,runtime_or_personal_data,False,False
data/runs/objective-operator-objective-e34a006959fd0dd1-leaf-operator-objective-e34a006959fd0dd1-join-attempt-2/execution-receipts/execute.json,True,2019,,runtime_or_personal_data,False,False
data/runs/objective-operator-objective-e34a006959fd0dd1-leaf-operator-objective-e34a006959fd0dd1-join-attempt-2/execution-receipts/review.json,True,5775,,runtime_or_personal_data,False,False
data/runs/objective-operator-objective-e34a006959fd0dd1-leaf-operator-objective-e34a006959fd0dd1-join-attempt-2/execution-receipts/verify.json,True,2476,,runtime_or_personal_data,False,False
data/runs/objective-operator-objective-e34a006959fd0dd1-leaf-operator-objective-e34a006959fd0dd1-join-attempt-2/journal.lock,True,0,,runtime_or_personal_data,False,False
data/runs/objective-operator-objective-e34a006959fd0dd1-leaf-operator-objective-e34a006959fd0dd1-join-attempt-2/result.json,True,1698,,runtime_or_personal_data,False,False
data/runs/objective-operator-objective-e34a006959fd0dd1-leaf-operator-objective-e34a006959fd0dd1-join-attempt-3/checkpoint.json,True,8567,,runtime_or_personal_data,False,False
data/runs/objective-operator-objective-e34a006959fd0dd1-leaf-operator-objective-e34a006959fd0dd1-join-attempt-3/events.jsonl,True,10074,,runtime_or_personal_data,False,False
data/runs/objective-operator-objective-e34a006959fd0dd1-leaf-operator-objective-e34a006959fd0dd1-join-attempt-3/execution-receipts/close.json,True,1269,,runtime_or_personal_data,False,False
data/runs/objective-operator-objective-e34a006959fd0dd1-leaf-operator-objective-e34a006959fd0dd1-join-attempt-3/execution-receipts/execute.json,True,2171,,runtime_or_personal_data,False,False
data/runs/objective-operator-objective-e34a006959fd0dd1-leaf-operator-objective-e34a006959fd0dd1-join-attempt-3/execution-receipts/review.json,True,6035,,runtime_or_personal_data,False,False
data/runs/objective-operator-objective-e34a006959fd0dd1-leaf-operator-objective-e34a006959fd0dd1-join-attempt-3/execution-receipts/verify.json,True,1992,,runtime_or_personal_data,False,False
data/runs/objective-operator-objective-e34a006959fd0dd1-leaf-operator-objective-e34a006959fd0dd1-join-attempt-3/journal.lock,True,0,,runtime_or_personal_data,False,False
data/runs/objective-operator-objective-e34a006959fd0dd1-leaf-operator-objective-e34a006959fd0dd1-join-attempt-3/result.json,True,1809,,runtime_or_personal_data,False,False
data/runs/objective-operator-objective-e34a006959fd0dd1-leaf-operator-objective-e34a006959fd0dd1-project-1-attempt-1/checkpoint.json,True,8652,,runtime_or_personal_data,False,False
data/runs/objective-operator-objective-e34a006959fd0dd1-leaf-operator-objective-e34a006959fd0dd1-project-1-attempt-1/events.jsonl,True,10294,,runtime_or_personal_data,False,False
data/runs/objective-operator-objective-e34a006959fd0dd1-leaf-operator-objective-e34a006959fd0dd1-project-1-attempt-1/execution-receipts/close.json,True,1279,,runtime_or_personal_data,False,False
data/runs/objective-operator-objective-e34a006959fd0dd1-leaf-operator-objective-e34a006959fd0dd1-project-1-attempt-1/execution-receipts/execute.json,True,1970,,runtime_or_personal_data,False,False
data/runs/objective-operator-objective-e34a006959fd0dd1-leaf-operator-objective-e34a006959fd0dd1-project-1-attempt-1/execution-receipts/review.json,True,7261,,runtime_or_personal_data,False,False
data/runs/objective-operator-objective-e34a006959fd0dd1-leaf-operator-objective-e34a006959fd0dd1-project-1-attempt-1/execution-receipts/verify.json,True,1757,,runtime_or_personal_data,False,False
data/runs/objective-operator-objective-e34a006959fd0dd1-leaf-operator-objective-e34a006959fd0dd1-project-1-attempt-1/journal.lock,True,0,,runtime_or_personal_data,False,False
data/runs/objective-operator-objective-e34a006959fd0dd1-leaf-operator-objective-e34a006959fd0dd1-project-1-attempt-1/result.json,True,2141,,runtime_or_personal_data,False,False
data/runs/objective-operator-objective-e34a006959fd0dd1-leaf-operator-objective-e34a006959fd0dd1-project-2-attempt-1/checkpoint.json,True,8652,,runtime_or_personal_data,False,False
data/runs/objective-operator-objective-e34a006959fd0dd1-leaf-operator-objective-e34a006959fd0dd1-project-2-attempt-1/events.jsonl,True,10294,,runtime_or_personal_data,False,False
data/runs/objective-operator-objective-e34a006959fd0dd1-leaf-operator-objective-e34a006959fd0dd1-project-2-attempt-1/execution-receipts/close.json,True,1279,,runtime_or_personal_data,False,False
data/runs/objective-operator-objective-e34a006959fd0dd1-leaf-operator-objective-e34a006959fd0dd1-project-2-attempt-1/execution-receipts/execute.json,True,2188,,runtime_or_personal_data,False,False
data/runs/objective-operator-objective-e34a006959fd0dd1-leaf-operator-objective-e34a006959fd0dd1-project-2-attempt-1/execution-receipts/review.json,True,7869,,runtime_or_personal_data,False,False
data/runs/objective-operator-objective-e34a006959fd0dd1-leaf-operator-objective-e34a006959fd0dd1-project-2-attempt-1/execution-receipts/verify.json,True,1791,,runtime_or_personal_data,False,False
data/runs/objective-operator-objective-e34a006959fd0dd1-leaf-operator-objective-e34a006959fd0dd1-project-2-attempt-1/journal.lock,True,0,,runtime_or_personal_data,False,False
data/runs/objective-operator-objective-e34a006959fd0dd1-leaf-operator-objective-e34a006959fd0dd1-project-2-attempt-1/result.json,True,1830,,runtime_or_personal_data,False,False
data/runs/objective-operator-objective-f45626a5561b0998-leaf-operator-objective-f45626a5561b0998-join-attempt-1/checkpoint.json,True,7909,,runtime_or_personal_data,False,False
data/runs/objective-operator-objective-f45626a5561b0998-leaf-operator-objective-f45626a5561b0998-join-attempt-1/events.jsonl,True,8584,,runtime_or_personal_data,False,False
data/runs/objective-operator-objective-f45626a5561b0998-leaf-operator-objective-f45626a5561b0998-join-attempt-1/execution-receipts/execute.json,True,1734,,runtime_or_personal_data,False,False
data/runs/objective-operator-objective-f45626a5561b0998-leaf-operator-objective-f45626a5561b0998-join-attempt-1/execution-receipts/review.json,True,5670,,runtime_or_personal_data,False,False
data/runs/objective-operator-objective-f45626a5561b0998-leaf-operator-objective-f45626a5561b0998-join-attempt-1/execution-receipts/verify.json,True,5334,,runtime_or_personal_data,False,False
data/runs/objective-operator-objective-f45626a5561b0998-leaf-operator-objective-f45626a5561b0998-join-attempt-1/journal.lock,True,0,,runtime_or_personal_data,False,False
data/runs/objective-operator-objective-f45626a5561b0998-leaf-operator-objective-f45626a5561b0998-join-attempt-1/result.json,True,1621,,runtime_or_personal_data,False,False
data/runs/objective-operator-objective-f45626a5561b0998-leaf-operator-objective-f45626a5561b0998-join-attempt-10/checkpoint.json,True,7914,,runtime_or_personal_data,False,False
data/runs/objective-operator-objective-f45626a5561b0998-leaf-operator-objective-f45626a5561b0998-join-attempt-10/events.jsonl,True,8610,,runtime_or_personal_data,False,False
data/runs/objective-operator-objective-f45626a5561b0998-leaf-operator-objective-f45626a5561b0998-join-attempt-10/execution-receipts/execute.json,True,1989,,runtime_or_personal_data,False,False
data/runs/objective-operator-objective-f45626a5561b0998-leaf-operator-objective-f45626a5561b0998-join-attempt-10/execution-receipts/review.json,True,5404,,runtime_or_personal_data,False,False
data/runs/objective-operator-objective-f45626a5561b0998-leaf-operator-objective-f45626a5561b0998-join-attempt-10/execution-receipts/verify.json,True,2588,,runtime_or_personal_data,False,False
data/runs/objective-operator-objective-f45626a5561b0998-leaf-operator-objective-f45626a5561b0998-join-attempt-10/journal.lock,True,0,,runtime_or_personal_data,False,False
data/runs/objective-operator-objective-f45626a5561b0998-leaf-operator-objective-f45626a5561b0998-join-attempt-10/result.json,True,1497,,runtime_or_personal_data,False,False
data/runs/objective-operator-objective-f45626a5561b0998-leaf-operator-objective-f45626a5561b0998-join-attempt-11/checkpoint.json,True,8574,,runtime_or_personal_data,False,False
data/runs/objective-operator-objective-f45626a5561b0998-leaf-operator-objective-f45626a5561b0998-join-attempt-11/events.jsonl,True,10106,,runtime_or_personal_data,False,False
data/runs/objective-operator-objective-f45626a5561b0998-leaf-operator-objective-f45626a5561b0998-join-attempt-11/execution-receipts/close.json,True,1271,,runtime_or_personal_data,False,False
data/runs/objective-operator-objective-f45626a5561b0998-leaf-operator-objective-f45626a5561b0998-join-attempt-11/execution-receipts/execute.json,True,1951,,runtime_or_personal_data,False,False
data/runs/objective-operator-objective-f45626a5561b0998-leaf-operator-objective-f45626a5561b0998-join-attempt-11/execution-receipts/review.json,True,7161,,runtime_or_personal_data,False,False
data/runs/objective-operator-objective-f45626a5561b0998-leaf-operator-objective-f45626a5561b0998-join-attempt-11/execution-receipts/verify.json,True,2012,,runtime_or_personal_data,False,False
data/runs/objective-operator-objective-f45626a5561b0998-leaf-operator-objective-f45626a5561b0998-join-attempt-11/journal.lock,True,0,,runtime_or_personal_data,False,False
data/runs/objective-operator-objective-f45626a5561b0998-leaf-operator-objective-f45626a5561b0998-join-attempt-11/result.json,True,1941,,runtime_or_personal_data,False,False
data/runs/objective-operator-objective-f45626a5561b0998-leaf-operator-objective-f45626a5561b0998-join-attempt-2/checkpoint.json,True,7909,,runtime_or_personal_data,False,False
data/runs/objective-operator-objective-f45626a5561b0998-leaf-operator-objective-f45626a5561b0998-join-attempt-2/events.jsonl,True,8584,,runtime_or_personal_data,False,False
data/runs/objective-operator-objective-f45626a5561b0998-leaf-operator-objective-f45626a5561b0998-join-attempt-2/execution-receipts/execute.json,True,1994,,runtime_or_personal_data,False,False
data/runs/objective-operator-objective-f45626a5561b0998-leaf-operator-objective-f45626a5561b0998-join-attempt-2/execution-receipts/review.json,True,6322,,runtime_or_personal_data,False,False
data/runs/objective-operator-objective-f45626a5561b0998-leaf-operator-objective-f45626a5561b0998-join-attempt-2/execution-receipts/verify.json,True,1973,,runtime_or_personal_data,False,False
data/runs/objective-operator-objective-f45626a5561b0998-leaf-operator-objective-f45626a5561b0998-join-attempt-2/journal.lock,True,0,,runtime_or_personal_data,False,False
data/runs/objective-operator-objective-f45626a5561b0998-leaf-operator-objective-f45626a5561b0998-join-attempt-2/result.json,True,1896,,runtime_or_personal_data,False,False
data/runs/objective-operator-objective-f45626a5561b0998-leaf-operator-objective-f45626a5561b0998-join-attempt-3/checkpoint.json,True,7909,,runtime_or_personal_data,False,False
data/runs/objective-operator-objective-f45626a5561b0998-leaf-operator-objective-f45626a5561b0998-join-attempt-3/events.jsonl,True,8584,,runtime_or_personal_data,False,False
data/runs/objective-operator-objective-f45626a5561b0998-leaf-operator-objective-f45626a5561b0998-join-attempt-3/execution-receipts/execute.json,True,2242,,runtime_or_personal_data,False,False
data/runs/objective-operator-objective-f45626a5561b0998-leaf-operator-objective-f45626a5561b0998-join-attempt-3/execution-receipts/review.json,True,6622,,runtime_or_personal_data,False,False
data/runs/objective-operator-objective-f45626a5561b0998-leaf-operator-objective-f45626a5561b0998-join-attempt-3/execution-receipts/verify.json,True,3765,,runtime_or_personal_data,False,False
data/runs/objective-operator-objective-f45626a5561b0998-leaf-operator-objective-f45626a5561b0998-join-attempt-3/journal.lock,True,0,,runtime_or_personal_data,False,False
data/runs/objective-operator-objective-f45626a5561b0998-leaf-operator-objective-f45626a5561b0998-join-attempt-3/result.json,True,1816,,runtime_or_personal_data,False,False
data/runs/objective-operator-objective-f45626a5561b0998-leaf-operator-objective-f45626a5561b0998-join-attempt-4/checkpoint.json,True,7909,,runtime_or_personal_data,False,False
data/runs/objective-operator-objective-f45626a5561b0998-leaf-operator-objective-f45626a5561b0998-join-attempt-4/events.jsonl,True,8584,,runtime_or_personal_data,False,False
data/runs/objective-operator-objective-f45626a5561b0998-leaf-operator-objective-f45626a5561b0998-join-attempt-4/execution-receipts/execute.json,True,2169,,runtime_or_personal_data,False,False
data/runs/objective-operator-objective-f45626a5561b0998-leaf-operator-objective-f45626a5561b0998-join-attempt-4/execution-receipts/review.json,True,6248,,runtime_or_personal_data,False,False
data/runs/objective-operator-objective-f45626a5561b0998-leaf-operator-objective-f45626a5561b0998-join-attempt-4/execution-receipts/verify.json,True,2039,,runtime_or_personal_data,False,False
data/runs/objective-operator-objective-f45626a5561b0998-leaf-operator-objective-f45626a5561b0998-join-attempt-4/journal.lock,True,0,,runtime_or_personal_data,False,False
data/runs/objective-operator-objective-f45626a5561b0998-leaf-operator-objective-f45626a5561b0998-join-attempt-4/result.json,True,1411,,runtime_or_personal_data,False,False
data/runs/objective-operator-objective-f45626a5561b0998-leaf-operator-objective-f45626a5561b0998-join-attempt-5/checkpoint.json,True,7909,,runtime_or_personal_data,False,False
data/runs/objective-operator-objective-f45626a5561b0998-leaf-operator-objective-f45626a5561b0998-join-attempt-5/events.jsonl,True,8584,,runtime_or_personal_data,False,False
data/runs/objective-operator-objective-f45626a5561b0998-leaf-operator-objective-f45626a5561b0998-join-attempt-5/execution-receipts/execute.json,True,2604,,runtime_or_personal_data,False,False
data/runs/objective-operator-objective-f45626a5561b0998-leaf-operator-objective-f45626a5561b0998-join-attempt-5/execution-receipts/review.json,True,7475,,runtime_or_personal_data,False,False
data/runs/objective-operator-objective-f45626a5561b0998-leaf-operator-objective-f45626a5561b0998-join-attempt-5/execution-receipts/verify.json,True,1814,,runtime_or_personal_data,False,False
data/runs/objective-operator-objective-f45626a5561b0998-leaf-operator-objective-f45626a5561b0998-join-attempt-5/journal.lock,True,0,,runtime_or_personal_data,False,False
data/runs/objective-operator-objective-f45626a5561b0998-leaf-operator-objective-f45626a5561b0998-join-attempt-5/result.json,True,1651,,runtime_or_personal_data,False,False
data/runs/objective-operator-objective-f45626a5561b0998-leaf-operator-objective-f45626a5561b0998-join-attempt-6/checkpoint.json,True,7909,,runtime_or_personal_data,False,False
data/runs/objective-operator-objective-f45626a5561b0998-leaf-operator-objective-f45626a5561b0998-join-attempt-6/events.jsonl,True,8584,,runtime_or_personal_data,False,False
data/runs/objective-operator-objective-f45626a5561b0998-leaf-operator-objective-f45626a5561b0998-join-attempt-6/execution-receipts/execute.json,True,2333,,runtime_or_personal_data,False,False
data/runs/objective-operator-objective-f45626a5561b0998-leaf-operator-objective-f45626a5561b0998-join-attempt-6/execution-receipts/review.json,True,5547,,runtime_or_personal_data,False,False
data/runs/objective-operator-objective-f45626a5561b0998-leaf-operator-objective-f45626a5561b0998-join-attempt-6/execution-receipts/verify.json,True,8599,,runtime_or_personal_data,False,False
data/runs/objective-operator-objective-f45626a5561b0998-leaf-operator-objective-f45626a5561b0998-join-attempt-6/journal.lock,True,0,,runtime_or_personal_data,False,False
data/runs/objective-operator-objective-f45626a5561b0998-leaf-operator-objective-f45626a5561b0998-join-attempt-6/result.json,True,1457,,runtime_or_personal_data,False,False
data/runs/objective-operator-objective-f45626a5561b0998-leaf-operator-objective-f45626a5561b0998-join-attempt-7/checkpoint.json,True,7909,,runtime_or_personal_data,False,False
data/runs/objective-operator-objective-f45626a5561b0998-leaf-operator-objective-f45626a5561b0998-join-attempt-7/events.jsonl,True,8584,,runtime_or_personal_data,False,False
data/runs/objective-operator-objective-f45626a5561b0998-leaf-operator-objective-f45626a5561b0998-join-attempt-7/execution-receipts/execute.json,True,1952,,runtime_or_personal_data,False,False
data/runs/objective-operator-objective-f45626a5561b0998-leaf-operator-objective-f45626a5561b0998-join-attempt-7/execution-receipts/review.json,True,6937,,runtime_or_personal_data,False,False
data/runs/objective-operator-objective-f45626a5561b0998-leaf-operator-objective-f45626a5561b0998-join-attempt-7/execution-receipts/verify.json,True,1965,,runtime_or_personal_data,False,False
data/runs/objective-operator-objective-f45626a5561b0998-leaf-operator-objective-f45626a5561b0998-join-attempt-7/journal.lock,True,0,,runtime_or_personal_data,False,False
data/runs/objective-operator-objective-f45626a5561b0998-leaf-operator-objective-f45626a5561b0998-join-attempt-7/result.json,True,1600,,runtime_or_personal_data,False,False
data/runs/objective-operator-objective-f45626a5561b0998-leaf-operator-objective-f45626a5561b0998-join-attempt-8/checkpoint.json,True,7909,,runtime_or_personal_data,False,False
data/runs/objective-operator-objective-f45626a5561b0998-leaf-operator-objective-f45626a5561b0998-join-attempt-8/events.jsonl,True,8584,,runtime_or_personal_data,False,False
data/runs/objective-operator-objective-f45626a5561b0998-leaf-operator-objective-f45626a5561b0998-join-attempt-8/execution-receipts/execute.json,True,1758,,runtime_or_personal_data,False,False
data/runs/objective-operator-objective-f45626a5561b0998-leaf-operator-objective-f45626a5561b0998-join-attempt-8/execution-receipts/review.json,True,6474,,runtime_or_personal_data,False,False
data/runs/objective-operator-objective-f45626a5561b0998-leaf-operator-objective-f45626a5561b0998-join-attempt-8/execution-receipts/verify.json,True,1798,,runtime_or_personal_data,False,False
data/runs/objective-operator-objective-f45626a5561b0998-leaf-operator-objective-f45626a5561b0998-join-attempt-8/journal.lock,True,0,,runtime_or_personal_data,False,False
data/runs/objective-operator-objective-f45626a5561b0998-leaf-operator-objective-f45626a5561b0998-join-attempt-8/result.json,True,1446,,runtime_or_personal_data,False,False
data/runs/objective-operator-objective-f45626a5561b0998-leaf-operator-objective-f45626a5561b0998-join-attempt-9/checkpoint.json,True,7909,,runtime_or_personal_data,False,False
data/runs/objective-operator-objective-f45626a5561b0998-leaf-operator-objective-f45626a5561b0998-join-attempt-9/events.jsonl,True,8584,,runtime_or_personal_data,False,False
data/runs/objective-operator-objective-f45626a5561b0998-leaf-operator-objective-f45626a5561b0998-join-attempt-9/execution-receipts/execute.json,True,2503,,runtime_or_personal_data,False,False
data/runs/objective-operator-objective-f45626a5561b0998-leaf-operator-objective-f45626a5561b0998-join-attempt-9/execution-receipts/review.json,True,7163,,runtime_or_personal_data,False,False
data/runs/objective-operator-objective-f45626a5561b0998-leaf-operator-objective-f45626a5561b0998-join-attempt-9/execution-receipts/verify.json,True,2018,,runtime_or_personal_data,False,False
data/runs/objective-operator-objective-f45626a5561b0998-leaf-operator-objective-f45626a5561b0998-join-attempt-9/journal.lock,True,0,,runtime_or_personal_data,False,False
data/runs/objective-operator-objective-f45626a5561b0998-leaf-operator-objective-f45626a5561b0998-join-attempt-9/result.json,True,1662,,runtime_or_personal_data,False,False
data/runs/objective-operator-objective-f45626a5561b0998-leaf-operator-objective-f45626a5561b0998-project-1-attempt-1/checkpoint.json,True,7985,,runtime_or_personal_data,False,False
data/runs/objective-operator-objective-f45626a5561b0998-leaf-operator-objective-f45626a5561b0998-project-1-attempt-1/events.jsonl,True,7879,,runtime_or_personal_data,False,False
data/runs/objective-operator-objective-f45626a5561b0998-leaf-operator-objective-f45626a5561b0998-project-1-attempt-1/execution-receipts/execute.json,True,2019,,runtime_or_personal_data,False,False
data/runs/objective-operator-objective-f45626a5561b0998-leaf-operator-objective-f45626a5561b0998-project-1-attempt-1/execution-receipts/verify.json,True,1772,,runtime_or_personal_data,False,False
data/runs/objective-operator-objective-f45626a5561b0998-leaf-operator-objective-f45626a5561b0998-project-1-attempt-1/journal.lock,True,0,,runtime_or_personal_data,False,False
data/runs/objective-operator-objective-f45626a5561b0998-leaf-operator-objective-f45626a5561b0998-project-1-attempt-1/result.json,True,665,,runtime_or_personal_data,False,False
data/runs/objective-operator-objective-f45626a5561b0998-leaf-operator-objective-f45626a5561b0998-project-1-attempt-2/checkpoint.json,True,7984,,runtime_or_personal_data,False,False
data/runs/objective-operator-objective-f45626a5561b0998-leaf-operator-objective-f45626a5561b0998-project-1-attempt-2/events.jsonl,True,8774,,runtime_or_personal_data,False,False
data/runs/objective-operator-objective-f45626a5561b0998-leaf-operator-objective-f45626a5561b0998-project-1-attempt-2/execution-receipts/execute.json,True,1813,,runtime_or_personal_data,False,False
data/runs/objective-operator-objective-f45626a5561b0998-leaf-operator-objective-f45626a5561b0998-project-1-attempt-2/execution-receipts/review.json,True,6187,,runtime_or_personal_data,False,False
data/runs/objective-operator-objective-f45626a5561b0998-leaf-operator-objective-f45626a5561b0998-project-1-attempt-2/execution-receipts/verify.json,True,2379,,runtime_or_personal_data,False,False
data/runs/objective-operator-objective-f45626a5561b0998-leaf-operator-objective-f45626a5561b0998-project-1-attempt-2/journal.lock,True,0,,runtime_or_personal_data,False,False
data/runs/objective-operator-objective-f45626a5561b0998-leaf-operator-objective-f45626a5561b0998-project-1-attempt-2/result.json,True,1434,,runtime_or_personal_data,False,False
data/runs/objective-operator-objective-f45626a5561b0998-leaf-operator-objective-f45626a5561b0998-project-1-attempt-3/checkpoint.json,True,8652,,runtime_or_personal_data,False,False
data/runs/objective-operator-objective-f45626a5561b0998-leaf-operator-objective-f45626a5561b0998-project-1-attempt-3/events.jsonl,True,10294,,runtime_or_personal_data,False,False
data/runs/objective-operator-objective-f45626a5561b0998-leaf-operator-objective-f45626a5561b0998-project-1-attempt-3/execution-receipts/close.json,True,1279,,runtime_or_personal_data,False,False
data/runs/objective-operator-objective-f45626a5561b0998-leaf-operator-objective-f45626a5561b0998-project-1-attempt-3/execution-receipts/execute.json,True,1995,,runtime_or_personal_data,False,False
data/runs/objective-operator-objective-f45626a5561b0998-leaf-operator-objective-f45626a5561b0998-project-1-attempt-3/execution-receipts/review.json,True,5404,,runtime_or_personal_data,False,False
data/runs/objective-operator-objective-f45626a5561b0998-leaf-operator-objective-f45626a5561b0998-project-1-attempt-3/execution-receipts/verify.json,True,2277,,runtime_or_personal_data,False,False
data/runs/objective-operator-objective-f45626a5561b0998-leaf-operator-objective-f45626a5561b0998-project-1-attempt-3/journal.lock,True,0,,runtime_or_personal_data,False,False
data/runs/objective-operator-objective-f45626a5561b0998-leaf-operator-objective-f45626a5561b0998-project-1-attempt-3/result.json,True,1692,,runtime_or_personal_data,False,False
data/runs/objective-operator-objective-f45626a5561b0998-leaf-operator-objective-f45626a5561b0998-project-2-attempt-1/checkpoint.json,True,7985,,runtime_or_personal_data,False,False
data/runs/objective-operator-objective-f45626a5561b0998-leaf-operator-objective-f45626a5561b0998-project-2-attempt-1/events.jsonl,True,7879,,runtime_or_personal_data,False,False
data/runs/objective-operator-objective-f45626a5561b0998-leaf-operator-objective-f45626a5561b0998-project-2-attempt-1/execution-receipts/execute.json,True,1866,,runtime_or_personal_data,False,False
data/runs/objective-operator-objective-f45626a5561b0998-leaf-operator-objective-f45626a5561b0998-project-2-attempt-1/execution-receipts/verify.json,True,1942,,runtime_or_personal_data,False,False
data/runs/objective-operator-objective-f45626a5561b0998-leaf-operator-objective-f45626a5561b0998-project-2-attempt-1/journal.lock,True,0,,runtime_or_personal_data,False,False
data/runs/objective-operator-objective-f45626a5561b0998-leaf-operator-objective-f45626a5561b0998-project-2-attempt-1/result.json,True,626,,runtime_or_personal_data,False,False
data/runs/objective-operator-objective-f45626a5561b0998-leaf-operator-objective-f45626a5561b0998-project-2-attempt-2/checkpoint.json,True,8652,,runtime_or_personal_data,False,False
data/runs/objective-operator-objective-f45626a5561b0998-leaf-operator-objective-f45626a5561b0998-project-2-attempt-2/events.jsonl,True,10294,,runtime_or_personal_data,False,False
data/runs/objective-operator-objective-f45626a5561b0998-leaf-operator-objective-f45626a5561b0998-project-2-attempt-2/execution-receipts/close.json,True,1279,,runtime_or_personal_data,False,False
data/runs/objective-operator-objective-f45626a5561b0998-leaf-operator-objective-f45626a5561b0998-project-2-attempt-2/execution-receipts/execute.json,True,1872,,runtime_or_personal_data,False,False
data/runs/objective-operator-objective-f45626a5561b0998-leaf-operator-objective-f45626a5561b0998-project-2-attempt-2/execution-receipts/review.json,True,7999,,runtime_or_personal_data,False,False
data/runs/objective-operator-objective-f45626a5561b0998-leaf-operator-objective-f45626a5561b0998-project-2-attempt-2/execution-receipts/verify.json,True,1950,,runtime_or_personal_data,False,False
data/runs/objective-operator-objective-f45626a5561b0998-leaf-operator-objective-f45626a5561b0998-project-2-attempt-2/journal.lock,True,0,,runtime_or_personal_data,False,False
data/runs/objective-operator-objective-f45626a5561b0998-leaf-operator-objective-f45626a5561b0998-project-2-attempt-2/result.json,True,1471,,runtime_or_personal_data,False,False
data/runs/objective-operator-objective-f45626a5561b0998-leaf-operator-objective-f45626a5561b0998-project-2-attempt-3/checkpoint.json,True,8652,,runtime_or_personal_data,False,False
data/runs/objective-operator-objective-f45626a5561b0998-leaf-operator-objective-f45626a5561b0998-project-2-attempt-3/events.jsonl,True,10294,,runtime_or_personal_data,False,False
data/runs/objective-operator-objective-f45626a5561b0998-leaf-operator-objective-f45626a5561b0998-project-2-attempt-3/execution-receipts/close.json,True,1279,,runtime_or_personal_data,False,False
data/runs/objective-operator-objective-f45626a5561b0998-leaf-operator-objective-f45626a5561b0998-project-2-attempt-3/execution-receipts/execute.json,True,1856,,runtime_or_personal_data,False,False
data/runs/objective-operator-objective-f45626a5561b0998-leaf-operator-objective-f45626a5561b0998-project-2-attempt-3/execution-receipts/review.json,True,7359,,runtime_or_personal_data,False,False
data/runs/objective-operator-objective-f45626a5561b0998-leaf-operator-objective-f45626a5561b0998-project-2-attempt-3/execution-receipts/verify.json,True,2740,,runtime_or_personal_data,False,False
data/runs/objective-operator-objective-f45626a5561b0998-leaf-operator-objective-f45626a5561b0998-project-2-attempt-3/journal.lock,True,0,,runtime_or_personal_data,False,False
data/runs/objective-operator-objective-f45626a5561b0998-leaf-operator-objective-f45626a5561b0998-project-2-attempt-3/result.json,True,1674,,runtime_or_personal_data,False,False
data/runs/objective-operator-objective-f8ccdf8cc7cbb7b4-leaf-operator-objective-f8ccdf8cc7cbb7b4-join-attempt-1/checkpoint.json,True,7824,,runtime_or_personal_data,False,False
data/runs/objective-operator-objective-f8ccdf8cc7cbb7b4-leaf-operator-objective-f8ccdf8cc7cbb7b4-join-attempt-1/events.jsonl,True,6404,,runtime_or_personal_data,False,False
data/runs/objective-operator-objective-f8ccdf8cc7cbb7b4-leaf-operator-objective-f8ccdf8cc7cbb7b4-join-attempt-1/execution-receipts/execute.json,True,1983,,runtime_or_personal_data,False,False
data/runs/objective-operator-objective-f8ccdf8cc7cbb7b4-leaf-operator-objective-f8ccdf8cc7cbb7b4-join-attempt-1/journal.lock,True,0,,runtime_or_personal_data,False,False
data/runs/objective-operator-objective-f8ccdf8cc7cbb7b4-leaf-operator-objective-f8ccdf8cc7cbb7b4-join-attempt-1/result.json,True,651,,runtime_or_personal_data,False,False
data/runs/objective-operator-objective-f8ccdf8cc7cbb7b4-leaf-operator-objective-f8ccdf8cc7cbb7b4-join-attempt-2/checkpoint.json,True,8231,,runtime_or_personal_data,False,False
data/runs/objective-operator-objective-f8ccdf8cc7cbb7b4-leaf-operator-objective-f8ccdf8cc7cbb7b4-join-attempt-2/events.jsonl,True,8998,,runtime_or_personal_data,False,False
data/runs/objective-operator-objective-f8ccdf8cc7cbb7b4-leaf-operator-objective-f8ccdf8cc7cbb7b4-join-attempt-2/execution-receipts/execute.json,True,1789,,runtime_or_personal_data,False,False
data/runs/objective-operator-objective-f8ccdf8cc7cbb7b4-leaf-operator-objective-f8ccdf8cc7cbb7b4-join-attempt-2/execution-receipts/review.json,True,6109,,runtime_or_personal_data,False,False
data/runs/objective-operator-objective-f8ccdf8cc7cbb7b4-leaf-operator-objective-f8ccdf8cc7cbb7b4-join-attempt-2/execution-receipts/verify.json,True,1765,,runtime_or_personal_data,False,False
data/runs/objective-operator-objective-f8ccdf8cc7cbb7b4-leaf-operator-objective-f8ccdf8cc7cbb7b4-join-attempt-2/journal.lock,True,0,,runtime_or_personal_data,False,False
data/runs/objective-operator-objective-f8ccdf8cc7cbb7b4-leaf-operator-objective-f8ccdf8cc7cbb7b4-join-attempt-2/result.json,True,1450,,runtime_or_personal_data,False,False
data/runs/objective-operator-objective-f8ccdf8cc7cbb7b4-leaf-operator-objective-f8ccdf8cc7cbb7b4-join-attempt-3/checkpoint.json,True,8231,,runtime_or_personal_data,False,False
data/runs/objective-operator-objective-f8ccdf8cc7cbb7b4-leaf-operator-objective-f8ccdf8cc7cbb7b4-join-attempt-3/events.jsonl,True,8998,,runtime_or_personal_data,False,False
data/runs/objective-operator-objective-f8ccdf8cc7cbb7b4-leaf-operator-objective-f8ccdf8cc7cbb7b4-join-attempt-3/execution-receipts/execute.json,True,2065,,runtime_or_personal_data,False,False
data/runs/objective-operator-objective-f8ccdf8cc7cbb7b4-leaf-operator-objective-f8ccdf8cc7cbb7b4-join-attempt-3/execution-receipts/review.json,True,5758,,runtime_or_personal_data,False,False
data/runs/objective-operator-objective-f8ccdf8cc7cbb7b4-leaf-operator-objective-f8ccdf8cc7cbb7b4-join-attempt-3/execution-receipts/verify.json,True,4927,,runtime_or_personal_data,False,False
data/runs/objective-operator-objective-f8ccdf8cc7cbb7b4-leaf-operator-objective-f8ccdf8cc7cbb7b4-join-attempt-3/journal.lock,True,0,,runtime_or_personal_data,False,False
data/runs/objective-operator-objective-f8ccdf8cc7cbb7b4-leaf-operator-objective-f8ccdf8cc7cbb7b4-join-attempt-3/result.json,True,1461,,runtime_or_personal_data,False,False
data/runs/objective-operator-objective-f8ccdf8cc7cbb7b4-leaf-operator-objective-f8ccdf8cc7cbb7b4-join-attempt-4/checkpoint.json,True,8231,,runtime_or_personal_data,False,False
data/runs/objective-operator-objective-f8ccdf8cc7cbb7b4-leaf-operator-objective-f8ccdf8cc7cbb7b4-join-attempt-4/events.jsonl,True,8998,,runtime_or_personal_data,False,False
data/runs/objective-operator-objective-f8ccdf8cc7cbb7b4-leaf-operator-objective-f8ccdf8cc7cbb7b4-join-attempt-4/execution-receipts/execute.json,True,2014,,runtime_or_personal_data,False,False
data/runs/objective-operator-objective-f8ccdf8cc7cbb7b4-leaf-operator-objective-f8ccdf8cc7cbb7b4-join-attempt-4/execution-receipts/review.json,True,6060,,runtime_or_personal_data,False,False
data/runs/objective-operator-objective-f8ccdf8cc7cbb7b4-leaf-operator-objective-f8ccdf8cc7cbb7b4-join-attempt-4/execution-receipts/verify.json,True,2811,,runtime_or_personal_data,False,False
data/runs/objective-operator-objective-f8ccdf8cc7cbb7b4-leaf-operator-objective-f8ccdf8cc7cbb7b4-join-attempt-4/journal.lock,True,0,,runtime_or_personal_data,False,False
data/runs/objective-operator-objective-f8ccdf8cc7cbb7b4-leaf-operator-objective-f8ccdf8cc7cbb7b4-join-attempt-4/result.json,True,1563,,runtime_or_personal_data,False,False
data/runs/objective-operator-objective-f8ccdf8cc7cbb7b4-leaf-operator-objective-f8ccdf8cc7cbb7b4-join-attempt-5/checkpoint.json,True,7415,,runtime_or_personal_data,False,False
data/runs/objective-operator-objective-f8ccdf8cc7cbb7b4-leaf-operator-objective-f8ccdf8cc7cbb7b4-join-attempt-5/events.jsonl,True,4681,,runtime_or_personal_data,False,False
data/runs/objective-operator-objective-f8ccdf8cc7cbb7b4-leaf-operator-objective-f8ccdf8cc7cbb7b4-join-attempt-5/journal.lock,True,0,,runtime_or_personal_data,False,False
data/runs/objective-operator-objective-f8ccdf8cc7cbb7b4-leaf-operator-objective-f8ccdf8cc7cbb7b4-join-attempt-6/checkpoint.json,True,8231,,runtime_or_personal_data,False,False
data/runs/objective-operator-objective-f8ccdf8cc7cbb7b4-leaf-operator-objective-f8ccdf8cc7cbb7b4-join-attempt-6/events.jsonl,True,8998,,runtime_or_personal_data,False,False
data/runs/objective-operator-objective-f8ccdf8cc7cbb7b4-leaf-operator-objective-f8ccdf8cc7cbb7b4-join-attempt-6/execution-receipts/execute.json,True,2220,,runtime_or_personal_data,False,False
data/runs/objective-operator-objective-f8ccdf8cc7cbb7b4-leaf-operator-objective-f8ccdf8cc7cbb7b4-join-attempt-6/execution-receipts/review.json,True,5396,,runtime_or_personal_data,False,False
data/runs/objective-operator-objective-f8ccdf8cc7cbb7b4-leaf-operator-objective-f8ccdf8cc7cbb7b4-join-attempt-6/execution-receipts/verify.json,True,2433,,runtime_or_personal_data,False,False
data/runs/objective-operator-objective-f8ccdf8cc7cbb7b4-leaf-operator-objective-f8ccdf8cc7cbb7b4-join-attempt-6/journal.lock,True,0,,runtime_or_personal_data,False,False
data/runs/objective-operator-objective-f8ccdf8cc7cbb7b4-leaf-operator-objective-f8ccdf8cc7cbb7b4-join-attempt-6/result.json,True,1330,,runtime_or_personal_data,False,False
data/runs/objective-operator-objective-f8ccdf8cc7cbb7b4-leaf-operator-objective-f8ccdf8cc7cbb7b4-join-attempt-7/checkpoint.json,True,8231,,runtime_or_personal_data,False,False
data/runs/objective-operator-objective-f8ccdf8cc7cbb7b4-leaf-operator-objective-f8ccdf8cc7cbb7b4-join-attempt-7/events.jsonl,True,8998,,runtime_or_personal_data,False,False
data/runs/objective-operator-objective-f8ccdf8cc7cbb7b4-leaf-operator-objective-f8ccdf8cc7cbb7b4-join-attempt-7/execution-receipts/execute.json,True,2323,,runtime_or_personal_data,False,False
data/runs/objective-operator-objective-f8ccdf8cc7cbb7b4-leaf-operator-objective-f8ccdf8cc7cbb7b4-join-attempt-7/execution-receipts/review.json,True,5950,,runtime_or_personal_data,False,False
data/runs/objective-operator-objective-f8ccdf8cc7cbb7b4-leaf-operator-objective-f8ccdf8cc7cbb7b4-join-attempt-7/execution-receipts/verify.json,True,4963,,runtime_or_personal_data,False,False
data/runs/objective-operator-objective-f8ccdf8cc7cbb7b4-leaf-operator-objective-f8ccdf8cc7cbb7b4-join-attempt-7/journal.lock,True,0,,runtime_or_personal_data,False,False
data/runs/objective-operator-objective-f8ccdf8cc7cbb7b4-leaf-operator-objective-f8ccdf8cc7cbb7b4-join-attempt-7/result.json,True,1654,,runtime_or_personal_data,False,False
data/runs/objective-operator-objective-f8ccdf8cc7cbb7b4-leaf-operator-objective-f8ccdf8cc7cbb7b4-join-attempt-8/checkpoint.json,True,8231,,runtime_or_personal_data,False,False
data/runs/objective-operator-objective-f8ccdf8cc7cbb7b4-leaf-operator-objective-f8ccdf8cc7cbb7b4-join-attempt-8/events.jsonl,True,8998,,runtime_or_personal_data,False,False
data/runs/objective-operator-objective-f8ccdf8cc7cbb7b4-leaf-operator-objective-f8ccdf8cc7cbb7b4-join-attempt-8/execution-receipts/execute.json,True,1789,,runtime_or_personal_data,False,False
data/runs/objective-operator-objective-f8ccdf8cc7cbb7b4-leaf-operator-objective-f8ccdf8cc7cbb7b4-join-attempt-8/execution-receipts/review.json,True,5798,,runtime_or_personal_data,False,False
data/runs/objective-operator-objective-f8ccdf8cc7cbb7b4-leaf-operator-objective-f8ccdf8cc7cbb7b4-join-attempt-8/execution-receipts/verify.json,True,1984,,runtime_or_personal_data,False,False
data/runs/objective-operator-objective-f8ccdf8cc7cbb7b4-leaf-operator-objective-f8ccdf8cc7cbb7b4-join-attempt-8/journal.lock,True,0,,runtime_or_personal_data,False,False
data/runs/objective-operator-objective-f8ccdf8cc7cbb7b4-leaf-operator-objective-f8ccdf8cc7cbb7b4-join-attempt-8/result.json,True,1723,,runtime_or_personal_data,False,False
data/runs/objective-operator-objective-f8ccdf8cc7cbb7b4-leaf-operator-objective-f8ccdf8cc7cbb7b4-join-attempt-9/checkpoint.json,True,8889,,runtime_or_personal_data,False,False
data/runs/objective-operator-objective-f8ccdf8cc7cbb7b4-leaf-operator-objective-f8ccdf8cc7cbb7b4-join-attempt-9/events.jsonl,True,10488,,runtime_or_personal_data,False,False
data/runs/objective-operator-objective-f8ccdf8cc7cbb7b4-leaf-operator-objective-f8ccdf8cc7cbb7b4-join-attempt-9/execution-receipts/close.json,True,1269,,runtime_or_personal_data,False,False
data/runs/objective-operator-objective-f8ccdf8cc7cbb7b4-leaf-operator-objective-f8ccdf8cc7cbb7b4-join-attempt-9/execution-receipts/execute.json,True,2044,,runtime_or_personal_data,False,False
data/runs/objective-operator-objective-f8ccdf8cc7cbb7b4-leaf-operator-objective-f8ccdf8cc7cbb7b4-join-attempt-9/execution-receipts/review.json,True,8520,,runtime_or_personal_data,False,False
data/runs/objective-operator-objective-f8ccdf8cc7cbb7b4-leaf-operator-objective-f8ccdf8cc7cbb7b4-join-attempt-9/execution-receipts/verify.json,True,1804,,runtime_or_personal_data,False,False
data/runs/objective-operator-objective-f8ccdf8cc7cbb7b4-leaf-operator-objective-f8ccdf8cc7cbb7b4-join-attempt-9/journal.lock,True,0,,runtime_or_personal_data,False,False
data/runs/objective-operator-objective-f8ccdf8cc7cbb7b4-leaf-operator-objective-f8ccdf8cc7cbb7b4-join-attempt-9/result.json,True,1786,,runtime_or_personal_data,False,False
data/runs/objective-operator-objective-f8ccdf8cc7cbb7b4-leaf-operator-objective-f8ccdf8cc7cbb7b4-project-1-attempt-1/checkpoint.json,True,8306,,runtime_or_personal_data,False,False
data/runs/objective-operator-objective-f8ccdf8cc7cbb7b4-leaf-operator-objective-f8ccdf8cc7cbb7b4-project-1-attempt-1/events.jsonl,True,9188,,runtime_or_personal_data,False,False
data/runs/objective-operator-objective-f8ccdf8cc7cbb7b4-leaf-operator-objective-f8ccdf8cc7cbb7b4-project-1-attempt-1/execution-receipts/execute.json,True,3191,,runtime_or_personal_data,False,False
data/runs/objective-operator-objective-f8ccdf8cc7cbb7b4-leaf-operator-objective-f8ccdf8cc7cbb7b4-project-1-attempt-1/execution-receipts/review.json,True,5689,,runtime_or_personal_data,False,False
data/runs/objective-operator-objective-f8ccdf8cc7cbb7b4-leaf-operator-objective-f8ccdf8cc7cbb7b4-project-1-attempt-1/execution-receipts/verify.json,True,1790,,runtime_or_personal_data,False,False
data/runs/objective-operator-objective-f8ccdf8cc7cbb7b4-leaf-operator-objective-f8ccdf8cc7cbb7b4-project-1-attempt-1/journal.lock,True,0,,runtime_or_personal_data,False,False
data/runs/objective-operator-objective-f8ccdf8cc7cbb7b4-leaf-operator-objective-f8ccdf8cc7cbb7b4-project-1-attempt-1/result.json,True,1655,,runtime_or_personal_data,False,False
data/runs/objective-operator-objective-f8ccdf8cc7cbb7b4-leaf-operator-objective-f8ccdf8cc7cbb7b4-project-1-attempt-2/checkpoint.json,True,8306,,runtime_or_personal_data,False,False
data/runs/objective-operator-objective-f8ccdf8cc7cbb7b4-leaf-operator-objective-f8ccdf8cc7cbb7b4-project-1-attempt-2/events.jsonl,True,9188,,runtime_or_personal_data,False,False
data/runs/objective-operator-objective-f8ccdf8cc7cbb7b4-leaf-operator-objective-f8ccdf8cc7cbb7b4-project-1-attempt-2/execution-receipts/execute.json,True,3060,,runtime_or_personal_data,False,False
data/runs/objective-operator-objective-f8ccdf8cc7cbb7b4-leaf-operator-objective-f8ccdf8cc7cbb7b4-project-1-attempt-2/execution-receipts/review.json,True,7428,,runtime_or_personal_data,False,False
data/runs/objective-operator-objective-f8ccdf8cc7cbb7b4-leaf-operator-objective-f8ccdf8cc7cbb7b4-project-1-attempt-2/execution-receipts/verify.json,True,1756,,runtime_or_personal_data,False,False
data/runs/objective-operator-objective-f8ccdf8cc7cbb7b4-leaf-operator-objective-f8ccdf8cc7cbb7b4-project-1-attempt-2/journal.lock,True,0,,runtime_or_personal_data,False,False
data/runs/objective-operator-objective-f8ccdf8cc7cbb7b4-leaf-operator-objective-f8ccdf8cc7cbb7b4-project-1-attempt-2/result.json,True,1680,,runtime_or_personal_data,False,False
data/runs/objective-operator-objective-f8ccdf8cc7cbb7b4-leaf-operator-objective-f8ccdf8cc7cbb7b4-project-1-attempt-3/checkpoint.json,True,8307,,runtime_or_personal_data,False,False
data/runs/objective-operator-objective-f8ccdf8cc7cbb7b4-leaf-operator-objective-f8ccdf8cc7cbb7b4-project-1-attempt-3/events.jsonl,True,8293,,runtime_or_personal_data,False,False
data/runs/objective-operator-objective-f8ccdf8cc7cbb7b4-leaf-operator-objective-f8ccdf8cc7cbb7b4-project-1-attempt-3/execution-receipts/execute.json,True,3368,,runtime_or_personal_data,False,False
data/runs/objective-operator-objective-f8ccdf8cc7cbb7b4-leaf-operator-objective-f8ccdf8cc7cbb7b4-project-1-attempt-3/execution-receipts/verify.json,True,2611,,runtime_or_personal_data,False,False
data/runs/objective-operator-objective-f8ccdf8cc7cbb7b4-leaf-operator-objective-f8ccdf8cc7cbb7b4-project-1-attempt-3/journal.lock,True,0,,runtime_or_personal_data,False,False
data/runs/objective-operator-objective-f8ccdf8cc7cbb7b4-leaf-operator-objective-f8ccdf8cc7cbb7b4-project-1-attempt-3/result.json,True,1017,,runtime_or_personal_data,False,False
data/runs/objective-operator-objective-f8ccdf8cc7cbb7b4-leaf-operator-objective-f8ccdf8cc7cbb7b4-project-1-attempt-4/checkpoint.json,True,8974,,runtime_or_personal_data,False,False
data/runs/objective-operator-objective-f8ccdf8cc7cbb7b4-leaf-operator-objective-f8ccdf8cc7cbb7b4-project-1-attempt-4/events.jsonl,True,10708,,runtime_or_personal_data,False,False
data/runs/objective-operator-objective-f8ccdf8cc7cbb7b4-leaf-operator-objective-f8ccdf8cc7cbb7b4-project-1-attempt-4/execution-receipts/close.json,True,1279,,runtime_or_personal_data,False,False
data/runs/objective-operator-objective-f8ccdf8cc7cbb7b4-leaf-operator-objective-f8ccdf8cc7cbb7b4-project-1-attempt-4/execution-receipts/execute.json,True,3134,,runtime_or_personal_data,False,False
data/runs/objective-operator-objective-f8ccdf8cc7cbb7b4-leaf-operator-objective-f8ccdf8cc7cbb7b4-project-1-attempt-4/execution-receipts/review.json,True,6453,,runtime_or_personal_data,False,False
data/runs/objective-operator-objective-f8ccdf8cc7cbb7b4-leaf-operator-objective-f8ccdf8cc7cbb7b4-project-1-attempt-4/execution-receipts/verify.json,True,1756,,runtime_or_personal_data,False,False
data/runs/objective-operator-objective-f8ccdf8cc7cbb7b4-leaf-operator-objective-f8ccdf8cc7cbb7b4-project-1-attempt-4/journal.lock,True,0,,runtime_or_personal_data,False,False
data/runs/objective-operator-objective-f8ccdf8cc7cbb7b4-leaf-operator-objective-f8ccdf8cc7cbb7b4-project-1-attempt-4/result.json,True,1458,,runtime_or_personal_data,False,False
data/runs/objective-operator-objective-f8ccdf8cc7cbb7b4-leaf-operator-objective-f8ccdf8cc7cbb7b4-project-2-attempt-1/checkpoint.json,True,8306,,runtime_or_personal_data,False,False
data/runs/objective-operator-objective-f8ccdf8cc7cbb7b4-leaf-operator-objective-f8ccdf8cc7cbb7b4-project-2-attempt-1/events.jsonl,True,9188,,runtime_or_personal_data,False,False
data/runs/objective-operator-objective-f8ccdf8cc7cbb7b4-leaf-operator-objective-f8ccdf8cc7cbb7b4-project-2-attempt-1/execution-receipts/execute.json,True,2781,,runtime_or_personal_data,False,False
data/runs/objective-operator-objective-f8ccdf8cc7cbb7b4-leaf-operator-objective-f8ccdf8cc7cbb7b4-project-2-attempt-1/execution-receipts/review.json,True,7985,,runtime_or_personal_data,False,False
data/runs/objective-operator-objective-f8ccdf8cc7cbb7b4-leaf-operator-objective-f8ccdf8cc7cbb7b4-project-2-attempt-1/execution-receipts/verify.json,True,2780,,runtime_or_personal_data,False,False
data/runs/objective-operator-objective-f8ccdf8cc7cbb7b4-leaf-operator-objective-f8ccdf8cc7cbb7b4-project-2-attempt-1/journal.lock,True,0,,runtime_or_personal_data,False,False
data/runs/objective-operator-objective-f8ccdf8cc7cbb7b4-leaf-operator-objective-f8ccdf8cc7cbb7b4-project-2-attempt-1/result.json,True,1448,,runtime_or_personal_data,False,False
data/runs/objective-operator-objective-f8ccdf8cc7cbb7b4-leaf-operator-objective-f8ccdf8cc7cbb7b4-project-2-attempt-2/checkpoint.json,True,8306,,runtime_or_personal_data,False,False
data/runs/objective-operator-objective-f8ccdf8cc7cbb7b4-leaf-operator-objective-f8ccdf8cc7cbb7b4-project-2-attempt-2/events.jsonl,True,9188,,runtime_or_personal_data,False,False
data/runs/objective-operator-objective-f8ccdf8cc7cbb7b4-leaf-operator-objective-f8ccdf8cc7cbb7b4-project-2-attempt-2/execution-receipts/execute.json,True,2837,,runtime_or_personal_data,False,False
data/runs/objective-operator-objective-f8ccdf8cc7cbb7b4-leaf-operator-objective-f8ccdf8cc7cbb7b4-project-2-attempt-2/execution-receipts/review.json,True,6841,,runtime_or_personal_data,False,False
data/runs/objective-operator-objective-f8ccdf8cc7cbb7b4-leaf-operator-objective-f8ccdf8cc7cbb7b4-project-2-attempt-2/execution-receipts/verify.json,True,2986,,runtime_or_personal_data,False,False
data/runs/objective-operator-objective-f8ccdf8cc7cbb7b4-leaf-operator-objective-f8ccdf8cc7cbb7b4-project-2-attempt-2/journal.lock,True,0,,runtime_or_personal_data,False,False
data/runs/objective-operator-objective-f8ccdf8cc7cbb7b4-leaf-operator-objective-f8ccdf8cc7cbb7b4-project-2-attempt-2/result.json,True,1393,,runtime_or_personal_data,False,False
data/runs/objective-operator-objective-f8ccdf8cc7cbb7b4-leaf-operator-objective-f8ccdf8cc7cbb7b4-project-2-attempt-3/checkpoint.json,True,8974,,runtime_or_personal_data,False,False
data/runs/objective-operator-objective-f8ccdf8cc7cbb7b4-leaf-operator-objective-f8ccdf8cc7cbb7b4-project-2-attempt-3/events.jsonl,True,10708,,runtime_or_personal_data,False,False
data/runs/objective-operator-objective-f8ccdf8cc7cbb7b4-leaf-operator-objective-f8ccdf8cc7cbb7b4-project-2-attempt-3/execution-receipts/close.json,True,1279,,runtime_or_personal_data,False,False
data/runs/objective-operator-objective-f8ccdf8cc7cbb7b4-leaf-operator-objective-f8ccdf8cc7cbb7b4-project-2-attempt-3/execution-receipts/execute.json,True,2897,,runtime_or_personal_data,False,False
data/runs/objective-operator-objective-f8ccdf8cc7cbb7b4-leaf-operator-objective-f8ccdf8cc7cbb7b4-project-2-attempt-3/execution-receipts/review.json,True,9431,,runtime_or_personal_data,False,False
data/runs/objective-operator-objective-f8ccdf8cc7cbb7b4-leaf-operator-objective-f8ccdf8cc7cbb7b4-project-2-attempt-3/execution-receipts/verify.json,True,1959,,runtime_or_personal_data,False,False
data/runs/objective-operator-objective-f8ccdf8cc7cbb7b4-leaf-operator-objective-f8ccdf8cc7cbb7b4-project-2-attempt-3/journal.lock,True,0,,runtime_or_personal_data,False,False
data/runs/objective-operator-objective-f8ccdf8cc7cbb7b4-leaf-operator-objective-f8ccdf8cc7cbb7b4-project-2-attempt-3/result.json,True,2064,,runtime_or_personal_data,False,False
data/runs/objective-operator-objective-f8ccdf8cc7cbb7b4-leaf-operator-objective-f8ccdf8cc7cbb7b4-project-2-attempt-4/checkpoint.json,True,8974,,runtime_or_personal_data,False,False
data/runs/objective-operator-objective-f8ccdf8cc7cbb7b4-leaf-operator-objective-f8ccdf8cc7cbb7b4-project-2-attempt-4/events.jsonl,True,10708,,runtime_or_personal_data,False,False
data/runs/objective-operator-objective-f8ccdf8cc7cbb7b4-leaf-operator-objective-f8ccdf8cc7cbb7b4-project-2-attempt-4/execution-receipts/close.json,True,1279,,runtime_or_personal_data,False,False
data/runs/objective-operator-objective-f8ccdf8cc7cbb7b4-leaf-operator-objective-f8ccdf8cc7cbb7b4-project-2-attempt-4/execution-receipts/execute.json,True,2657,,runtime_or_personal_data,False,False
data/runs/objective-operator-objective-f8ccdf8cc7cbb7b4-leaf-operator-objective-f8ccdf8cc7cbb7b4-project-2-attempt-4/execution-receipts/review.json,True,6761,,runtime_or_personal_data,False,False
data/runs/objective-operator-objective-f8ccdf8cc7cbb7b4-leaf-operator-objective-f8ccdf8cc7cbb7b4-project-2-attempt-4/execution-receipts/verify.json,True,2435,,runtime_or_personal_data,False,False
data/runs/objective-operator-objective-f8ccdf8cc7cbb7b4-leaf-operator-objective-f8ccdf8cc7cbb7b4-project-2-attempt-4/journal.lock,True,0,,runtime_or_personal_data,False,False
data/runs/objective-operator-objective-f8ccdf8cc7cbb7b4-leaf-operator-objective-f8ccdf8cc7cbb7b4-project-2-attempt-4/result.json,True,983,,runtime_or_personal_data,False,False
data/runs/p24-live-cancel/checkpoint.json,True,1766,,runtime_or_personal_data,False,False
data/runs/p24-live-cancel/events.jsonl,True,2142,,runtime_or_personal_data,False,False
data/runs/p24-live-cancel/journal.lock,True,0,,runtime_or_personal_data,False,False
data/runs/phase5-economic-intelligence-eaeb4d61fb78/checkpoint.json,True,978,,runtime_or_personal_data,False,False
data/runs/phase5-economic-intelligence-eaeb4d61fb78/events.jsonl,True,4841,,runtime_or_personal_data,False,False
data/runs/phase5-economic-intelligence-eaeb4d61fb78/evidence/research-24cbd227aa9870d0.json,True,6748,,runtime_or_personal_data,False,False
data/runs/phase5-economic-intelligence-eaeb4d61fb78/evidence/research-497ea63fae507a8b.json,True,9368,,runtime_or_personal_data,False,False
data/runs/phase5-economic-intelligence-eaeb4d61fb78/evidence/research-b5f4408de46a885f.json,True,9690,,runtime_or_personal_data,False,False
data/runs/phase5-economic-intelligence-eaeb4d61fb78/evidence/research-b5f4408de46a885f.no-change.json,True,1219,,runtime_or_personal_data,False,False
data/runs/phase5-economic-intelligence-eaeb4d61fb78/evidence/research-f80cec5450bd8f86.json,True,3864,,runtime_or_personal_data,False,False
data/runs/phase5-economic-intelligence-eaeb4d61fb78/journal.lock,True,0,,runtime_or_personal_data,False,False
data/runs/queue-operator-objective-78370a00190fd9b8-validated-plan-v1/checkpoint.json,True,7746,,runtime_or_personal_data,False,False
data/runs/queue-operator-objective-78370a00190fd9b8-validated-plan-v1/events.jsonl,True,8556,,runtime_or_personal_data,False,False
data/runs/queue-operator-objective-78370a00190fd9b8-validated-plan-v1/execution-receipts/execute.json,True,29972,,runtime_or_personal_data,False,False
data/runs/queue-operator-objective-78370a00190fd9b8-validated-plan-v1/execution-receipts/verify.json,True,1519,,runtime_or_personal_data,False,False
data/runs/queue-operator-objective-78370a00190fd9b8-validated-plan-v1/journal.lock,True,0,,runtime_or_personal_data,False,False
data/runs/queue-operator-objective-78370a00190fd9b8-validated-plan-v1/result.json,True,560,,runtime_or_personal_data,False,False
data/runs/queue-operator-objective-78370a00190fd9b8/checkpoint.json,True,7458,,runtime_or_personal_data,False,False
data/runs/queue-operator-objective-78370a00190fd9b8/events.jsonl,True,7800,,runtime_or_personal_data,False,False
data/runs/queue-operator-objective-78370a00190fd9b8/execution-receipts/execute.json,True,1466,,runtime_or_personal_data,False,False
data/runs/queue-operator-objective-78370a00190fd9b8/execution-receipts/verify.json,True,1501,,runtime_or_personal_data,False,False
data/runs/queue-operator-objective-78370a00190fd9b8/journal.lock,True,0,,runtime_or_personal_data,False,False
data/runs/queue-operator-objective-78370a00190fd9b8/result.json,True,579,,runtime_or_personal_data,False,False
data/runs/queue-operator-task-020fddb7c36065cf__recover-context--af03d0ca216e1949/checkpoint.json,True,8033,,runtime_or_personal_data,False,False
data/runs/queue-operator-task-020fddb7c36065cf__recover-context--af03d0ca216e1949/events.jsonl,True,7293,,runtime_or_personal_data,False,False
data/runs/queue-operator-task-020fddb7c36065cf__recover-context--af03d0ca216e1949/execution-receipts/execute.json,True,6258,,runtime_or_personal_data,False,False
data/runs/queue-operator-task-020fddb7c36065cf__recover-context--af03d0ca216e1949/execution-receipts/verify.json,True,1706,,runtime_or_personal_data,False,False
data/runs/queue-operator-task-020fddb7c36065cf__recover-context--af03d0ca216e1949/journal.lock,True,0,,runtime_or_personal_data,False,False
data/runs/queue-operator-task-020fddb7c36065cf__recover-context--af03d0ca216e1949/result.json,True,617,,runtime_or_personal_data,False,False
data/runs/queue-operator-task-1389c248267db28a__recover-context--72c74f087b0e953f/checkpoint.json,True,7668,,runtime_or_personal_data,False,False
data/runs/queue-operator-task-1389c248267db28a__recover-context--72c74f087b0e953f/events.jsonl,True,7748,,runtime_or_personal_data,False,False
data/runs/queue-operator-task-1389c248267db28a__recover-context--72c74f087b0e953f/execution-receipts/execute.json,True,8744,,runtime_or_personal_data,False,False
data/runs/queue-operator-task-1389c248267db28a__recover-context--72c74f087b0e953f/journal.lock,True,0,,runtime_or_personal_data,False,False
data/runs/queue-operator-task-1389c248267db28a__recover-context--72c74f087b0e953f/result.json,True,3038,,runtime_or_personal_data,False,False
data/runs/queue-operator-task-148efdb337964c6a-attempt-2/checkpoint.json,True,6822,,runtime_or_personal_data,False,False
data/runs/queue-operator-task-148efdb337964c6a-attempt-2/events.jsonl,True,5273,,runtime_or_personal_data,False,False
data/runs/queue-operator-task-148efdb337964c6a-attempt-2/execution-receipts/execute.json,True,2611,,runtime_or_personal_data,False,False
data/runs/queue-operator-task-148efdb337964c6a-attempt-2/journal.lock,True,0,,runtime_or_personal_data,False,False
data/runs/queue-operator-task-148efdb337964c6a/checkpoint.json,True,7470,,runtime_or_personal_data,False,False
data/runs/queue-operator-task-148efdb337964c6a/events.jsonl,True,6750,,runtime_or_personal_data,False,False
data/runs/queue-operator-task-148efdb337964c6a/execution-receipts/execute.json,True,2588,,runtime_or_personal_data,False,False
data/runs/queue-operator-task-148efdb337964c6a/execution-receipts/review.json,True,4157,,runtime_or_personal_data,False,False
data/runs/queue-operator-task-148efdb337964c6a/execution-receipts/verify.json,True,1558,,runtime_or_personal_data,False,False
data/runs/queue-operator-task-148efdb337964c6a/journal.lock,True,0,,runtime_or_personal_data,False,False
data/runs/queue-operator-task-148efdb337964c6a/result.json,True,829,,runtime_or_personal_data,False,False
data/runs/queue-operator-task-218b6be4e50c73d8-attempt-2/checkpoint.json,True,8068,,runtime_or_personal_data,False,False
data/runs/queue-operator-task-218b6be4e50c73d8-attempt-2/events.jsonl,True,8170,,runtime_or_personal_data,False,False
data/runs/queue-operator-task-218b6be4e50c73d8-attempt-2/execution-receipts/execute.json,True,2434,,runtime_or_personal_data,False,False
data/runs/queue-operator-task-218b6be4e50c73d8-attempt-2/execution-receipts/review.json,True,3232,,runtime_or_personal_data,False,False
data/runs/queue-operator-task-218b6be4e50c73d8-attempt-2/execution-receipts/verify.json,True,1575,,runtime_or_personal_data,False,False
data/runs/queue-operator-task-218b6be4e50c73d8-attempt-2/journal.lock,True,0,,runtime_or_personal_data,False,False
data/runs/queue-operator-task-218b6be4e50c73d8-attempt-2/result.json,True,798,,runtime_or_personal_data,False,False
data/runs/queue-operator-task-218b6be4e50c73d8/checkpoint.json,True,7470,,runtime_or_personal_data,False,False
data/runs/queue-operator-task-218b6be4e50c73d8/events.jsonl,True,6750,,runtime_or_personal_data,False,False
data/runs/queue-operator-task-218b6be4e50c73d8/execution-receipts/execute.json,True,2655,,runtime_or_personal_data,False,False
data/runs/queue-operator-task-218b6be4e50c73d8/execution-receipts/review.json,True,4415,,runtime_or_personal_data,False,False
data/runs/queue-operator-task-218b6be4e50c73d8/execution-receipts/verify.json,True,1589,,runtime_or_personal_data,False,False
data/runs/queue-operator-task-218b6be4e50c73d8/journal.lock,True,0,,runtime_or_personal_data,False,False
data/runs/queue-operator-task-218b6be4e50c73d8/result.json,True,735,,runtime_or_personal_data,False,False
data/runs/queue-operator-task-296ca07a057e05a5/checkpoint.json,True,8019,,runtime_or_personal_data,False,False
data/runs/queue-operator-task-296ca07a057e05a5/events.jsonl,True,7877,,runtime_or_personal_data,False,False
data/runs/queue-operator-task-296ca07a057e05a5/execution-receipts/execute.json,True,2229,,runtime_or_personal_data,False,False
data/runs/queue-operator-task-296ca07a057e05a5/execution-receipts/review.json,True,4184,,runtime_or_personal_data,False,False
data/runs/queue-operator-task-296ca07a057e05a5/execution-receipts/verify.json,True,1580,,runtime_or_personal_data,False,False
data/runs/queue-operator-task-296ca07a057e05a5/journal.lock,True,0,,runtime_or_personal_data,False,False
data/runs/queue-operator-task-296ca07a057e05a5/result.json,True,911,,runtime_or_personal_data,False,False
data/runs/queue-operator-task-2d67eac585a9b02b__recover-context--9bc9293e379f9b8f-attempt-2/checkpoint.json,True,7321,,runtime_or_personal_data,False,False
data/runs/queue-operator-task-2d67eac585a9b02b__recover-context--9bc9293e379f9b8f-attempt-2/events.jsonl,True,6399,,runtime_or_personal_data,False,False
data/runs/queue-operator-task-2d67eac585a9b02b__recover-context--9bc9293e379f9b8f-attempt-2/journal.lock,True,0,,runtime_or_personal_data,False,False
data/runs/queue-operator-task-2d67eac585a9b02b__recover-context--9bc9293e379f9b8f/checkpoint.json,True,7282,,runtime_or_personal_data,False,False
data/runs/queue-operator-task-2d67eac585a9b02b__recover-context--9bc9293e379f9b8f/events.jsonl,True,4280,,runtime_or_personal_data,False,False
data/runs/queue-operator-task-2d67eac585a9b02b__recover-context--9bc9293e379f9b8f/journal.lock,True,0,,runtime_or_personal_data,False,False
data/runs/queue-operator-task-2ffe262e0d949b4d__recover-context--930d807bb84be110-attempt-2/checkpoint.json,True,8089,,runtime_or_personal_data,False,False
data/runs/queue-operator-task-2ffe262e0d949b4d__recover-context--930d807bb84be110-attempt-2/events.jsonl,True,8421,,runtime_or_personal_data,False,False
data/runs/queue-operator-task-2ffe262e0d949b4d__recover-context--930d807bb84be110-attempt-2/execution-receipts/execute.json,True,6984,,runtime_or_personal_data,False,False
data/runs/queue-operator-task-2ffe262e0d949b4d__recover-context--930d807bb84be110-attempt-2/execution-receipts/review.json,True,6613,,runtime_or_personal_data,False,False
data/runs/queue-operator-task-2ffe262e0d949b4d__recover-context--930d807bb84be110-attempt-2/execution-receipts/verify.json,True,1753,,runtime_or_personal_data,False,False
data/runs/queue-operator-task-2ffe262e0d949b4d__recover-context--930d807bb84be110-attempt-2/journal.lock,True,0,,runtime_or_personal_data,False,False
data/runs/queue-operator-task-2ffe262e0d949b4d__recover-context--930d807bb84be110-attempt-2/result.json,True,1460,,runtime_or_personal_data,False,False
data/runs/queue-operator-task-2ffe262e0d949b4d__recover-context--930d807bb84be110/checkpoint.json,True,7282,,runtime_or_personal_data,False,False
data/runs/queue-operator-task-2ffe262e0d949b4d__recover-context--930d807bb84be110/events.jsonl,True,4280,,runtime_or_personal_data,False,False
data/runs/queue-operator-task-2ffe262e0d949b4d__recover-context--930d807bb84be110/journal.lock,True,0,,runtime_or_personal_data,False,False
data/runs/queue-operator-task-35bff5edbfff65a8__recover-context--fcd5dc58b3703c99-attempt-2/checkpoint.json,True,7296,,runtime_or_personal_data,False,False
data/runs/queue-operator-task-35bff5edbfff65a8__recover-context--fcd5dc58b3703c99-attempt-2/events.jsonl,True,4432,,runtime_or_personal_data,False,False
data/runs/queue-operator-task-35bff5edbfff65a8__recover-context--fcd5dc58b3703c99-attempt-2/journal.lock,True,0,,runtime_or_personal_data,False,False
data/runs/queue-operator-task-35bff5edbfff65a8__recover-context--fcd5dc58b3703c99/checkpoint.json,True,7266,,runtime_or_personal_data,False,False
data/runs/queue-operator-task-35bff5edbfff65a8__recover-context--fcd5dc58b3703c99/events.jsonl,True,4262,,runtime_or_personal_data,False,False
data/runs/queue-operator-task-35bff5edbfff65a8__recover-context--fcd5dc58b3703c99/journal.lock,True,0,,runtime_or_personal_data,False,False
data/runs/queue-operator-task-4d29e778c62417a9__inspect-authorities-project-1--6d105d1cfa482d03/checkpoint.json,True,8875,,runtime_or_personal_data,False,False
data/runs/queue-operator-task-4d29e778c62417a9__inspect-authorities-project-1--6d105d1cfa482d03/events.jsonl,True,10087,,runtime_or_personal_data,False,False
data/runs/queue-operator-task-4d29e778c62417a9__inspect-authorities-project-1--6d105d1cfa482d03/execution-receipts/execute.json,True,5501,,runtime_or_personal_data,False,False
data/runs/queue-operator-task-4d29e778c62417a9__inspect-authorities-project-1--6d105d1cfa482d03/execution-receipts/review.json,True,4847,,runtime_or_personal_data,False,False
data/runs/queue-operator-task-4d29e778c62417a9__inspect-authorities-project-1--6d105d1cfa482d03/execution-receipts/verify.json,True,1988,,runtime_or_personal_data,False,False
data/runs/queue-operator-task-4d29e778c62417a9__inspect-authorities-project-1--6d105d1cfa482d03/journal.lock,True,0,,runtime_or_personal_data,False,False
data/runs/queue-operator-task-4d29e778c62417a9__inspect-authorities-project-1--6d105d1cfa482d03/result.json,True,2047,,runtime_or_personal_data,False,False
data/runs/queue-operator-task-4d29e778c62417a9__inspect-authorities-project-2--24911b9c57d2b864/checkpoint.json,True,8875,,runtime_or_personal_data,False,False
data/runs/queue-operator-task-4d29e778c62417a9__inspect-authorities-project-2--24911b9c57d2b864/events.jsonl,True,10087,,runtime_or_personal_data,False,False
data/runs/queue-operator-task-4d29e778c62417a9__inspect-authorities-project-2--24911b9c57d2b864/execution-receipts/execute.json,True,5052,,runtime_or_personal_data,False,False
data/runs/queue-operator-task-4d29e778c62417a9__inspect-authorities-project-2--24911b9c57d2b864/execution-receipts/review.json,True,3138,,runtime_or_personal_data,False,False
data/runs/queue-operator-task-4d29e778c62417a9__inspect-authorities-project-2--24911b9c57d2b864/execution-receipts/verify.json,True,1986,,runtime_or_personal_data,False,False
data/runs/queue-operator-task-4d29e778c62417a9__inspect-authorities-project-2--24911b9c57d2b864/journal.lock,True,0,,runtime_or_personal_data,False,False
data/runs/queue-operator-task-4d29e778c62417a9__inspect-authorities-project-2--24911b9c57d2b864/result.json,True,1042,,runtime_or_personal_data,False,False
data/runs/queue-operator-task-4d29e778c62417a9__recover-context--2119e58061724a2a/checkpoint.json,True,8637,,runtime_or_personal_data,False,False
data/runs/queue-operator-task-4d29e778c62417a9__recover-context--2119e58061724a2a/events.jsonl,True,9471,,runtime_or_personal_data,False,False
data/runs/queue-operator-task-4d29e778c62417a9__recover-context--2119e58061724a2a/execution-receipts/execute.json,True,5861,,runtime_or_personal_data,False,False
data/runs/queue-operator-task-4d29e778c62417a9__recover-context--2119e58061724a2a/execution-receipts/review.json,True,4752,,runtime_or_personal_data,False,False
data/runs/queue-operator-task-4d29e778c62417a9__recover-context--2119e58061724a2a/execution-receipts/verify.json,True,1728,,runtime_or_personal_data,False,False
data/runs/queue-operator-task-4d29e778c62417a9__recover-context--2119e58061724a2a/journal.lock,True,0,,runtime_or_personal_data,False,False
data/runs/queue-operator-task-4d29e778c62417a9__recover-context--2119e58061724a2a/result.json,True,2088,,runtime_or_personal_data,False,False
data/runs/queue-operator-task-4d29e778c62417a9__synthesize-findings--1fe2f1a471530d7b-attempt-2/checkpoint.json,True,8775,,runtime_or_personal_data,False,False
data/runs/queue-operator-task-4d29e778c62417a9__synthesize-findings--1fe2f1a471530d7b-attempt-2/events.jsonl,True,9967,,runtime_or_personal_data,False,False
data/runs/queue-operator-task-4d29e778c62417a9__synthesize-findings--1fe2f1a471530d7b-attempt-2/execution-receipts/execute.json,True,8933,,runtime_or_personal_data,False,False
data/runs/queue-operator-task-4d29e778c62417a9__synthesize-findings--1fe2f1a471530d7b-attempt-2/execution-receipts/review.json,True,8561,,runtime_or_personal_data,False,False
data/runs/queue-operator-task-4d29e778c62417a9__synthesize-findings--1fe2f1a471530d7b-attempt-2/execution-receipts/verify.json,True,1718,,runtime_or_personal_data,False,False
data/runs/queue-operator-task-4d29e778c62417a9__synthesize-findings--1fe2f1a471530d7b-attempt-2/journal.lock,True,0,,runtime_or_personal_data,False,False
data/runs/queue-operator-task-4d29e778c62417a9__synthesize-findings--1fe2f1a471530d7b-attempt-2/result.json,True,1751,,runtime_or_personal_data,False,False
data/runs/queue-operator-task-4d29e778c62417a9__synthesize-findings--1fe2f1a471530d7b/checkpoint.json,True,8099,,runtime_or_personal_data,False,False
data/runs/queue-operator-task-4d29e778c62417a9__synthesize-findings--1fe2f1a471530d7b/events.jsonl,True,8313,,runtime_or_personal_data,False,False
data/runs/queue-operator-task-4d29e778c62417a9__synthesize-findings--1fe2f1a471530d7b/execution-receipts/execute.json,True,7894,,runtime_or_personal_data,False,False
data/runs/queue-operator-task-4d29e778c62417a9__synthesize-findings--1fe2f1a471530d7b/execution-receipts/review.json,True,11216,,runtime_or_personal_data,False,False
data/runs/queue-operator-task-4d29e778c62417a9__synthesize-findings--1fe2f1a471530d7b/execution-receipts/verify.json,True,1714,,runtime_or_personal_data,False,False
data/runs/queue-operator-task-4d29e778c62417a9__synthesize-findings--1fe2f1a471530d7b/journal.lock,True,0,,runtime_or_personal_data,False,False
data/runs/queue-operator-task-4d29e778c62417a9__synthesize-findings--1fe2f1a471530d7b/result.json,True,1590,,runtime_or_personal_data,False,False
data/runs/queue-operator-task-531e73cbdf313f0f__recover-context--f270f3a8709b239c-attempt-2/checkpoint.json,True,8089,,runtime_or_personal_data,False,False
data/runs/queue-operator-task-531e73cbdf313f0f__recover-context--f270f3a8709b239c-attempt-2/events.jsonl,True,7926,,runtime_or_personal_data,False,False
data/runs/queue-operator-task-531e73cbdf313f0f__recover-context--f270f3a8709b239c-attempt-2/execution-receipts/execute.json,True,8623,,runtime_or_personal_data,False,False
data/runs/queue-operator-task-531e73cbdf313f0f__recover-context--f270f3a8709b239c-attempt-2/execution-receipts/verify.json,True,1716,,runtime_or_personal_data,False,False
data/runs/queue-operator-task-531e73cbdf313f0f__recover-context--f270f3a8709b239c-attempt-2/journal.lock,True,0,,runtime_or_personal_data,False,False
data/runs/queue-operator-task-531e73cbdf313f0f__recover-context--f270f3a8709b239c-attempt-2/result.json,True,617,,runtime_or_personal_data,False,False
data/runs/queue-operator-task-531e73cbdf313f0f__recover-context--f270f3a8709b239c/checkpoint.json,True,8039,,runtime_or_personal_data,False,False
data/runs/queue-operator-task-531e73cbdf313f0f__recover-context--f270f3a8709b239c/events.jsonl,True,8161,,runtime_or_personal_data,False,False
data/runs/queue-operator-task-531e73cbdf313f0f__recover-context--f270f3a8709b239c/execution-receipts/execute.json,True,8644,,runtime_or_personal_data,False,False
data/runs/queue-operator-task-531e73cbdf313f0f__recover-context--f270f3a8709b239c/execution-receipts/review.json,True,7116,,runtime_or_personal_data,False,False
data/runs/queue-operator-task-531e73cbdf313f0f__recover-context--f270f3a8709b239c/execution-receipts/verify.json,True,1682,,runtime_or_personal_data,False,False
data/runs/queue-operator-task-531e73cbdf313f0f__recover-context--f270f3a8709b239c/journal.lock,True,0,,runtime_or_personal_data,False,False
data/runs/queue-operator-task-531e73cbdf313f0f__recover-context--f270f3a8709b239c/result.json,True,1105,,runtime_or_personal_data,False,False
data/runs/queue-operator-task-55966be7f0832d0b__recover-context--2d5b8f106b076a64-attempt-2/checkpoint.json,True,8089,,runtime_or_personal_data,False,False
data/runs/queue-operator-task-55966be7f0832d0b__recover-context--2d5b8f106b076a64-attempt-2/events.jsonl,True,8421,,runtime_or_personal_data,False,False
data/runs/queue-operator-task-55966be7f0832d0b__recover-context--2d5b8f106b076a64-attempt-2/execution-receipts/execute.json,True,12214,,runtime_or_personal_data,False,False
data/runs/queue-operator-task-55966be7f0832d0b__recover-context--2d5b8f106b076a64-attempt-2/execution-receipts/review.json,True,5844,,runtime_or_personal_data,False,False
data/runs/queue-operator-task-55966be7f0832d0b__recover-context--2d5b8f106b076a64-attempt-2/execution-receipts/verify.json,True,1716,,runtime_or_personal_data,False,False
data/runs/queue-operator-task-55966be7f0832d0b__recover-context--2d5b8f106b076a64-attempt-2/journal.lock,True,0,,runtime_or_personal_data,False,False
data/runs/queue-operator-task-55966be7f0832d0b__recover-context--2d5b8f106b076a64-attempt-2/result.json,True,1572,,runtime_or_personal_data,False,False
data/runs/queue-operator-task-55966be7f0832d0b__recover-context--2d5b8f106b076a64/checkpoint.json,True,8039,,runtime_or_personal_data,False,False
data/runs/queue-operator-task-55966be7f0832d0b__recover-context--2d5b8f106b076a64/events.jsonl,True,8161,,runtime_or_personal_data,False,False
data/runs/queue-operator-task-55966be7f0832d0b__recover-context--2d5b8f106b076a64/execution-receipts/execute.json,True,5031,,runtime_or_personal_data,False,False
data/runs/queue-operator-task-55966be7f0832d0b__recover-context--2d5b8f106b076a64/execution-receipts/review.json,True,4145,,runtime_or_personal_data,False,False
data/runs/queue-operator-task-55966be7f0832d0b__recover-context--2d5b8f106b076a64/execution-receipts/verify.json,True,1706,,runtime_or_personal_data,False,False
data/runs/queue-operator-task-55966be7f0832d0b__recover-context--2d5b8f106b076a64/journal.lock,True,0,,runtime_or_personal_data,False,False
data/runs/queue-operator-task-55966be7f0832d0b__recover-context--2d5b8f106b076a64/result.json,True,1484,,runtime_or_personal_data,False,False
data/runs/queue-operator-task-60881bb5b2df61f8__inspect-authorities-project-1--a993f45c7c98efcb-attempt-2/checkpoint.json,True,7897,,runtime_or_personal_data,False,False
data/runs/queue-operator-task-60881bb5b2df61f8__inspect-authorities-project-1--a993f45c7c98efcb-attempt-2/events.jsonl,True,7104,,runtime_or_personal_data,False,False
data/runs/queue-operator-task-60881bb5b2df61f8__inspect-authorities-project-1--a993f45c7c98efcb-attempt-2/execution-receipts/execute.json,True,8665,,runtime_or_personal_data,False,False
data/runs/queue-operator-task-60881bb5b2df61f8__inspect-authorities-project-1--a993f45c7c98efcb-attempt-2/execution-receipts/verify.json,True,2043,,runtime_or_personal_data,False,False
data/runs/queue-operator-task-60881bb5b2df61f8__inspect-authorities-project-1--a993f45c7c98efcb-attempt-2/journal.lock,True,0,,runtime_or_personal_data,False,False
data/runs/queue-operator-task-60881bb5b2df61f8__inspect-authorities-project-1--a993f45c7c98efcb-attempt-2/result.json,True,726,,runtime_or_personal_data,False,False
data/runs/queue-operator-task-60881bb5b2df61f8__inspect-authorities-project-1--a993f45c7c98efcb/checkpoint.json,True,7857,,runtime_or_personal_data,False,False
data/runs/queue-operator-task-60881bb5b2df61f8__inspect-authorities-project-1--a993f45c7c98efcb/events.jsonl,True,6884,,runtime_or_personal_data,False,False
data/runs/queue-operator-task-60881bb5b2df61f8__inspect-authorities-project-1--a993f45c7c98efcb/execution-receipts/execute.json,True,11019,,runtime_or_personal_data,False,False
data/runs/queue-operator-task-60881bb5b2df61f8__inspect-authorities-project-1--a993f45c7c98efcb/execution-receipts/verify.json,True,2041,,runtime_or_personal_data,False,False
data/runs/queue-operator-task-60881bb5b2df61f8__inspect-authorities-project-1--a993f45c7c98efcb/journal.lock,True,0,,runtime_or_personal_data,False,False
data/runs/queue-operator-task-60881bb5b2df61f8__inspect-authorities-project-1--a993f45c7c98efcb/result.json,True,732,,runtime_or_personal_data,False,False
data/runs/queue-operator-task-60881bb5b2df61f8__inspect-authorities-project-2--5afd4ba60aae317d-attempt-2/checkpoint.json,True,7904,,runtime_or_personal_data,False,False
data/runs/queue-operator-task-60881bb5b2df61f8__inspect-authorities-project-2--5afd4ba60aae317d-attempt-2/events.jsonl,True,8122,,runtime_or_personal_data,False,False
data/runs/queue-operator-task-60881bb5b2df61f8__inspect-authorities-project-2--5afd4ba60aae317d-attempt-2/execution-receipts/execute.json,True,9699,,runtime_or_personal_data,False,False
data/runs/queue-operator-task-60881bb5b2df61f8__inspect-authorities-project-2--5afd4ba60aae317d-attempt-2/journal.lock,True,0,,runtime_or_personal_data,False,False
data/runs/queue-operator-task-60881bb5b2df61f8__inspect-authorities-project-2--5afd4ba60aae317d-attempt-2/result.json,True,2938,,runtime_or_personal_data,False,False
data/runs/queue-operator-task-60881bb5b2df61f8__inspect-authorities-project-2--5afd4ba60aae317d/checkpoint.json,True,8249,,runtime_or_personal_data,False,False
data/runs/queue-operator-task-60881bb5b2df61f8__inspect-authorities-project-2--5afd4ba60aae317d/events.jsonl,True,8693,,runtime_or_personal_data,False,False
data/runs/queue-operator-task-60881bb5b2df61f8__inspect-authorities-project-2--5afd4ba60aae317d/execution-receipts/execute.json,True,11152,,runtime_or_personal_data,False,False
data/runs/queue-operator-task-60881bb5b2df61f8__inspect-authorities-project-2--5afd4ba60aae317d/execution-receipts/review.json,True,8818,,runtime_or_personal_data,False,False
data/runs/queue-operator-task-60881bb5b2df61f8__inspect-authorities-project-2--5afd4ba60aae317d/execution-receipts/verify.json,True,1999,,runtime_or_personal_data,False,False
data/runs/queue-operator-task-60881bb5b2df61f8__inspect-authorities-project-2--5afd4ba60aae317d/journal.lock,True,0,,runtime_or_personal_data,False,False
data/runs/queue-operator-task-60881bb5b2df61f8__inspect-authorities-project-2--5afd4ba60aae317d/result.json,True,1621,,runtime_or_personal_data,False,False
data/runs/queue-operator-task-60881bb5b2df61f8__recover-context--d5666fcf424d8e0b/checkpoint.json,True,8637,,runtime_or_personal_data,False,False
data/runs/queue-operator-task-60881bb5b2df61f8__recover-context--d5666fcf424d8e0b/events.jsonl,True,9471,,runtime_or_personal_data,False,False
data/runs/queue-operator-task-60881bb5b2df61f8__recover-context--d5666fcf424d8e0b/execution-receipts/execute.json,True,7972,,runtime_or_personal_data,False,False
data/runs/queue-operator-task-60881bb5b2df61f8__recover-context--d5666fcf424d8e0b/execution-receipts/review.json,True,4971,,runtime_or_personal_data,False,False
data/runs/queue-operator-task-60881bb5b2df61f8__recover-context--d5666fcf424d8e0b/execution-receipts/verify.json,True,1708,,runtime_or_personal_data,False,False
data/runs/queue-operator-task-60881bb5b2df61f8__recover-context--d5666fcf424d8e0b/journal.lock,True,0,,runtime_or_personal_data,False,False
data/runs/queue-operator-task-60881bb5b2df61f8__recover-context--d5666fcf424d8e0b/result.json,True,1129,,runtime_or_personal_data,False,False
data/runs/queue-operator-task-61ee02628ec4191b__recover-context--d59be9d0a74beef3-attempt-2/checkpoint.json,True,7321,,runtime_or_personal_data,False,False
data/runs/queue-operator-task-61ee02628ec4191b__recover-context--d59be9d0a74beef3-attempt-2/events.jsonl,True,6371,,runtime_or_personal_data,False,False
data/runs/queue-operator-task-61ee02628ec4191b__recover-context--d59be9d0a74beef3-attempt-2/execution-receipts/execute.json,True,4285,,runtime_or_personal_data,False,False
data/runs/queue-operator-task-61ee02628ec4191b__recover-context--d59be9d0a74beef3-attempt-2/journal.lock,True,0,,runtime_or_personal_data,False,False
data/runs/queue-operator-task-61ee02628ec4191b__recover-context--d59be9d0a74beef3/checkpoint.json,True,8039,,runtime_or_personal_data,False,False
data/runs/queue-operator-task-61ee02628ec4191b__recover-context--d59be9d0a74beef3/events.jsonl,True,8161,,runtime_or_personal_data,False,False
data/runs/queue-operator-task-61ee02628ec4191b__recover-context--d59be9d0a74beef3/execution-receipts/execute.json,True,3373,,runtime_or_personal_data,False,False
data/runs/queue-operator-task-61ee02628ec4191b__recover-context--d59be9d0a74beef3/execution-receipts/review.json,True,8955,,runtime_or_personal_data,False,False
data/runs/queue-operator-task-61ee02628ec4191b__recover-context--d59be9d0a74beef3/execution-receipts/verify.json,True,1650,,runtime_or_personal_data,False,False
data/runs/queue-operator-task-61ee02628ec4191b__recover-context--d59be9d0a74beef3/journal.lock,True,0,,runtime_or_personal_data,False,False
data/runs/queue-operator-task-61ee02628ec4191b__recover-context--d59be9d0a74beef3/result.json,True,1387,,runtime_or_personal_data,False,False
data/runs/queue-operator-task-63ae7b0b11c40da1__recover-context--5e3ea68d74b4b0b7-attempt-2/checkpoint.json,True,7321,,runtime_or_personal_data,False,False
data/runs/queue-operator-task-63ae7b0b11c40da1__recover-context--5e3ea68d74b4b0b7-attempt-2/events.jsonl,True,6378,,runtime_or_personal_data,False,False
data/runs/queue-operator-task-63ae7b0b11c40da1__recover-context--5e3ea68d74b4b0b7-attempt-2/journal.lock,True,0,,runtime_or_personal_data,False,False
data/runs/queue-operator-task-63ae7b0b11c40da1__recover-context--5e3ea68d74b4b0b7/checkpoint.json,True,8039,,runtime_or_personal_data,False,False
data/runs/queue-operator-task-63ae7b0b11c40da1__recover-context--5e3ea68d74b4b0b7/events.jsonl,True,8161,,runtime_or_personal_data,False,False
data/runs/queue-operator-task-63ae7b0b11c40da1__recover-context--5e3ea68d74b4b0b7/execution-receipts/execute.json,True,10840,,runtime_or_personal_data,False,False
data/runs/queue-operator-task-63ae7b0b11c40da1__recover-context--5e3ea68d74b4b0b7/execution-receipts/review.json,True,7450,,runtime_or_personal_data,False,False
data/runs/queue-operator-task-63ae7b0b11c40da1__recover-context--5e3ea68d74b4b0b7/execution-receipts/verify.json,True,1698,,runtime_or_personal_data,False,False
data/runs/queue-operator-task-63ae7b0b11c40da1__recover-context--5e3ea68d74b4b0b7/journal.lock,True,0,,runtime_or_personal_data,False,False
data/runs/queue-operator-task-63ae7b0b11c40da1__recover-context--5e3ea68d74b4b0b7/result.json,True,1398,,runtime_or_personal_data,False,False
data/runs/queue-operator-task-6d28d86a5f57e5d5__recover-context--b8fd75b501e09699-attempt-2/checkpoint.json,True,7312,,runtime_or_personal_data,False,False
data/runs/queue-operator-task-6d28d86a5f57e5d5__recover-context--b8fd75b501e09699-attempt-2/events.jsonl,True,4947,,runtime_or_personal_data,False,False
data/runs/queue-operator-task-6d28d86a5f57e5d5__recover-context--b8fd75b501e09699-attempt-2/execution-receipts/execute.json,True,9181,,runtime_or_personal_data,False,False
data/runs/queue-operator-task-6d28d86a5f57e5d5__recover-context--b8fd75b501e09699-attempt-2/journal.lock,True,0,,runtime_or_personal_data,False,False
data/runs/queue-operator-task-6d28d86a5f57e5d5__recover-context--b8fd75b501e09699-attempt-2/result.json,True,1780,,runtime_or_personal_data,False,False
data/runs/queue-operator-task-6d28d86a5f57e5d5__recover-context--b8fd75b501e09699/checkpoint.json,True,7282,,runtime_or_personal_data,False,False
data/runs/queue-operator-task-6d28d86a5f57e5d5__recover-context--b8fd75b501e09699/events.jsonl,True,4767,,runtime_or_personal_data,False,False
data/runs/queue-operator-task-6d28d86a5f57e5d5__recover-context--b8fd75b501e09699/execution-receipts/execute.json,True,4531,,runtime_or_personal_data,False,False
data/runs/queue-operator-task-6d28d86a5f57e5d5__recover-context--b8fd75b501e09699/journal.lock,True,0,,runtime_or_personal_data,False,False
data/runs/queue-operator-task-6d28d86a5f57e5d5__recover-context--b8fd75b501e09699/result.json,True,1928,,runtime_or_personal_data,False,False
data/runs/queue-operator-task-787062e30c691ecc/checkpoint.json,True,6792,,runtime_or_personal_data,False,False
data/runs/queue-operator-task-787062e30c691ecc/events.jsonl,True,5622,,runtime_or_personal_data,False,False
data/runs/queue-operator-task-787062e30c691ecc/journal.lock,True,0,,runtime_or_personal_data,False,False
data/runs/queue-operator-task-7f6aba1ec3ee5f9a__recover-context--678f7e9c6c2b3a54/checkpoint.json,True,7235,,runtime_or_personal_data,False,False
data/runs/queue-operator-task-7f6aba1ec3ee5f9a__recover-context--678f7e9c6c2b3a54/events.jsonl,True,5970,,runtime_or_personal_data,False,False
data/runs/queue-operator-task-7f6aba1ec3ee5f9a__recover-context--678f7e9c6c2b3a54/journal.lock,True,0,,runtime_or_personal_data,False,False
data/runs/queue-operator-task-82ff7992dda58091__recover-context--b3aeb6b310d50f6d/checkpoint.json,True,8044,,runtime_or_personal_data,False,False
data/runs/queue-operator-task-82ff7992dda58091__recover-context--b3aeb6b310d50f6d/events.jsonl,True,9014,,runtime_or_personal_data,False,False
data/runs/queue-operator-task-82ff7992dda58091__recover-context--b3aeb6b310d50f6d/execution-receipts/execute.json,True,3559,,runtime_or_personal_data,False,False
data/runs/queue-operator-task-82ff7992dda58091__recover-context--b3aeb6b310d50f6d/execution-receipts/verify.json,True,1631,,runtime_or_personal_data,False,False
data/runs/queue-operator-task-82ff7992dda58091__recover-context--b3aeb6b310d50f6d/journal.lock,True,0,,runtime_or_personal_data,False,False
data/runs/queue-operator-task-82ff7992dda58091__recover-context--b3aeb6b310d50f6d/result.json,True,544,,runtime_or_personal_data,False,False
data/runs/queue-operator-task-85655dd7da764354-attempt-2/checkpoint.json,True,6990,,runtime_or_personal_data,False,False
data/runs/queue-operator-task-85655dd7da764354-attempt-2/events.jsonl,True,5663,,runtime_or_personal_data,False,False
data/runs/queue-operator-task-85655dd7da764354-attempt-2/execution-receipts/execute.json,True,1715,,runtime_or_personal_data,False,False
data/runs/queue-operator-task-85655dd7da764354-attempt-2/journal.lock,True,0,,runtime_or_personal_data,False,False
data/runs/queue-operator-task-85655dd7da764354/checkpoint.json,True,6951,,runtime_or_personal_data,False,False
data/runs/queue-operator-task-85655dd7da764354/events.jsonl,True,4132,,runtime_or_personal_data,False,False
data/runs/queue-operator-task-85655dd7da764354/execution-receipts/execute.json,True,1676,,runtime_or_personal_data,False,False
data/runs/queue-operator-task-85655dd7da764354/journal.lock,True,0,,runtime_or_personal_data,False,False
data/runs/queue-operator-task-85655dd7da764354/result.json,True,651,,runtime_or_personal_data,False,False
data/runs/queue-operator-task-9162d70462cc17b6__recover-context--54d10d804e52f878-attempt-2/checkpoint.json,True,8038,,runtime_or_personal_data,False,False
data/runs/queue-operator-task-9162d70462cc17b6__recover-context--54d10d804e52f878-attempt-2/events.jsonl,True,7969,,runtime_or_personal_data,False,False
data/runs/queue-operator-task-9162d70462cc17b6__recover-context--54d10d804e52f878-attempt-2/execution-receipts/execute.json,True,11533,,runtime_or_personal_data,False,False
data/runs/queue-operator-task-9162d70462cc17b6__recover-context--54d10d804e52f878-attempt-2/execution-receipts/verify.json,True,1688,,runtime_or_personal_data,False,False
data/runs/queue-operator-task-9162d70462cc17b6__recover-context--54d10d804e52f878-attempt-2/journal.lock,True,0,,runtime_or_personal_data,False,False
data/runs/queue-operator-task-9162d70462cc17b6__recover-context--54d10d804e52f878-attempt-2/result.json,True,589,,runtime_or_personal_data,False,False
data/runs/queue-operator-task-9162d70462cc17b6__recover-context--54d10d804e52f878/checkpoint.json,True,7983,,runtime_or_personal_data,False,False
data/runs/queue-operator-task-9162d70462cc17b6__recover-context--54d10d804e52f878/events.jsonl,True,8089,,runtime_or_personal_data,False,False
data/runs/queue-operator-task-9162d70462cc17b6__recover-context--54d10d804e52f878/execution-receipts/execute.json,True,7086,,runtime_or_personal_data,False,False
data/runs/queue-operator-task-9162d70462cc17b6__recover-context--54d10d804e52f878/execution-receipts/review.json,True,4956,,runtime_or_personal_data,False,False
data/runs/queue-operator-task-9162d70462cc17b6__recover-context--54d10d804e52f878/execution-receipts/verify.json,True,1706,,runtime_or_personal_data,False,False
data/runs/queue-operator-task-9162d70462cc17b6__recover-context--54d10d804e52f878/journal.lock,True,0,,runtime_or_personal_data,False,False
data/runs/queue-operator-task-9162d70462cc17b6__recover-context--54d10d804e52f878/result.json,True,1800,,runtime_or_personal_data,False,False
data/runs/queue-operator-task-9c2dbf0767b48237__recover-context--a36766902c197577/checkpoint.json,True,7360,,runtime_or_personal_data,False,False
data/runs/queue-operator-task-9c2dbf0767b48237__recover-context--a36766902c197577/events.jsonl,True,5385,,runtime_or_personal_data,False,False
data/runs/queue-operator-task-9c2dbf0767b48237__recover-context--a36766902c197577/journal.lock,True,0,,runtime_or_personal_data,False,False
data/runs/queue-operator-task-9f2bbd5a676a199b__recover-context--7e7e91b31ed1de77/checkpoint.json,True,7283,,runtime_or_personal_data,False,False
data/runs/queue-operator-task-9f2bbd5a676a199b__recover-context--7e7e91b31ed1de77/events.jsonl,True,5269,,runtime_or_personal_data,False,False
data/runs/queue-operator-task-9f2bbd5a676a199b__recover-context--7e7e91b31ed1de77/journal.lock,True,0,,runtime_or_personal_data,False,False
data/runs/queue-operator-task-a09e6df5f34364aa__recover-context--21bc1099420edc45/checkpoint.json,True,7668,,runtime_or_personal_data,False,False
data/runs/queue-operator-task-a09e6df5f34364aa__recover-context--21bc1099420edc45/events.jsonl,True,7369,,runtime_or_personal_data,False,False
data/runs/queue-operator-task-a09e6df5f34364aa__recover-context--21bc1099420edc45/execution-receipts/execute.json,True,9176,,runtime_or_personal_data,False,False
data/runs/queue-operator-task-a09e6df5f34364aa__recover-context--21bc1099420edc45/journal.lock,True,0,,runtime_or_personal_data,False,False
data/runs/queue-operator-task-a09e6df5f34364aa__recover-context--21bc1099420edc45/result.json,True,3952,,runtime_or_personal_data,False,False
data/runs/queue-operator-task-bd535dcce23f7a73__inspect-authorities-project-1--94562e2c6c0f74a4-attempt-2/checkpoint.json,True,8299,,runtime_or_personal_data,False,False
data/runs/queue-operator-task-bd535dcce23f7a73__inspect-authorities-project-1--94562e2c6c0f74a4-attempt-2/events.jsonl,True,8953,,runtime_or_personal_data,False,False
data/runs/queue-operator-task-bd535dcce23f7a73__inspect-authorities-project-1--94562e2c6c0f74a4-attempt-2/execution-receipts/execute.json,True,3595,,runtime_or_personal_data,False,False
data/runs/queue-operator-task-bd535dcce23f7a73__inspect-authorities-project-1--94562e2c6c0f74a4-attempt-2/execution-receipts/review.json,True,5982,,runtime_or_personal_data,False,False
data/runs/queue-operator-task-bd535dcce23f7a73__inspect-authorities-project-1--94562e2c6c0f74a4-attempt-2/execution-receipts/verify.json,True,1995,,runtime_or_personal_data,False,False
data/runs/queue-operator-task-bd535dcce23f7a73__inspect-authorities-project-1--94562e2c6c0f74a4-attempt-2/journal.lock,True,0,,runtime_or_personal_data,False,False
data/runs/queue-operator-task-bd535dcce23f7a73__inspect-authorities-project-1--94562e2c6c0f74a4-attempt-2/result.json,True,1610,,runtime_or_personal_data,False,False
data/runs/queue-operator-task-bd535dcce23f7a73__inspect-authorities-project-1--94562e2c6c0f74a4/checkpoint.json,True,7464,,runtime_or_personal_data,False,False
data/runs/queue-operator-task-bd535dcce23f7a73__inspect-authorities-project-1--94562e2c6c0f74a4/events.jsonl,True,5075,,runtime_or_personal_data,False,False
data/runs/queue-operator-task-bd535dcce23f7a73__inspect-authorities-project-1--94562e2c6c0f74a4/execution-receipts/execute.json,True,7213,,runtime_or_personal_data,False,False
data/runs/queue-operator-task-bd535dcce23f7a73__inspect-authorities-project-1--94562e2c6c0f74a4/journal.lock,True,0,,runtime_or_personal_data,False,False
data/runs/queue-operator-task-bd535dcce23f7a73__inspect-authorities-project-1--94562e2c6c0f74a4/result.json,True,1616,,runtime_or_personal_data,False,False
data/runs/queue-operator-task-bd535dcce23f7a73__inspect-authorities-project-2--3f7237b61742f1fb/checkpoint.json,True,8875,,runtime_or_personal_data,False,False
data/runs/queue-operator-task-bd535dcce23f7a73__inspect-authorities-project-2--3f7237b61742f1fb/events.jsonl,True,10087,,runtime_or_personal_data,False,False
data/runs/queue-operator-task-bd535dcce23f7a73__inspect-authorities-project-2--3f7237b61742f1fb/execution-receipts/execute.json,True,4976,,runtime_or_personal_data,False,False
data/runs/queue-operator-task-bd535dcce23f7a73__inspect-authorities-project-2--3f7237b61742f1fb/execution-receipts/review.json,True,7060,,runtime_or_personal_data,False,False
data/runs/queue-operator-task-bd535dcce23f7a73__inspect-authorities-project-2--3f7237b61742f1fb/execution-receipts/verify.json,True,1963,,runtime_or_personal_data,False,False
data/runs/queue-operator-task-bd535dcce23f7a73__inspect-authorities-project-2--3f7237b61742f1fb/journal.lock,True,0,,runtime_or_personal_data,False,False
data/runs/queue-operator-task-bd535dcce23f7a73__inspect-authorities-project-2--3f7237b61742f1fb/result.json,True,1530,,runtime_or_personal_data,False,False
data/runs/queue-operator-task-bd535dcce23f7a73__recover-context--5c647ae4e0911080/checkpoint.json,True,8637,,runtime_or_personal_data,False,False
data/runs/queue-operator-task-bd535dcce23f7a73__recover-context--5c647ae4e0911080/events.jsonl,True,9471,,runtime_or_personal_data,False,False
data/runs/queue-operator-task-bd535dcce23f7a73__recover-context--5c647ae4e0911080/execution-receipts/execute.json,True,8995,,runtime_or_personal_data,False,False
data/runs/queue-operator-task-bd535dcce23f7a73__recover-context--5c647ae4e0911080/execution-receipts/review.json,True,7387,,runtime_or_personal_data,False,False
data/runs/queue-operator-task-bd535dcce23f7a73__recover-context--5c647ae4e0911080/execution-receipts/verify.json,True,1706,,runtime_or_personal_data,False,False
data/runs/queue-operator-task-bd535dcce23f7a73__recover-context--5c647ae4e0911080/journal.lock,True,0,,runtime_or_personal_data,False,False
data/runs/queue-operator-task-bd535dcce23f7a73__recover-context--5c647ae4e0911080/result.json,True,1513,,runtime_or_personal_data,False,False
data/runs/queue-operator-task-be75219e89eea616/checkpoint.json,True,8019,,runtime_or_personal_data,False,False
data/runs/queue-operator-task-be75219e89eea616/events.jsonl,True,7877,,runtime_or_personal_data,False,False
data/runs/queue-operator-task-be75219e89eea616/execution-receipts/execute.json,True,2135,,runtime_or_personal_data,False,False
data/runs/queue-operator-task-be75219e89eea616/execution-receipts/review.json,True,3416,,runtime_or_personal_data,False,False
data/runs/queue-operator-task-be75219e89eea616/execution-receipts/verify.json,True,1589,,runtime_or_personal_data,False,False
data/runs/queue-operator-task-be75219e89eea616/journal.lock,True,0,,runtime_or_personal_data,False,False
data/runs/queue-operator-task-be75219e89eea616/result.json,True,813,,runtime_or_personal_data,False,False
data/runs/queue-operator-task-c1ee5a9685571df1-attempt-2/checkpoint.json,True,6890,,runtime_or_personal_data,False,False
data/runs/queue-operator-task-c1ee5a9685571df1-attempt-2/events.jsonl,True,3768,,runtime_or_personal_data,False,False
data/runs/queue-operator-task-c1ee5a9685571df1-attempt-2/journal.lock,True,0,,runtime_or_personal_data,False,False
data/runs/queue-operator-task-c1ee5a9685571df1/checkpoint.json,True,7547,,runtime_or_personal_data,False,False
data/runs/queue-operator-task-c1ee5a9685571df1/events.jsonl,True,6849,,runtime_or_personal_data,False,False
data/runs/queue-operator-task-c1ee5a9685571df1/execution-receipts/execute.json,True,1802,,runtime_or_personal_data,False,False
data/runs/queue-operator-task-c1ee5a9685571df1/execution-receipts/review.json,True,4697,,runtime_or_personal_data,False,False
data/runs/queue-operator-task-c1ee5a9685571df1/execution-receipts/verify.json,True,1773,,runtime_or_personal_data,False,False
data/runs/queue-operator-task-c1ee5a9685571df1/journal.lock,True,0,,runtime_or_personal_data,False,False
data/runs/queue-operator-task-c1ee5a9685571df1/result.json,True,1351,,runtime_or_personal_data,False,False
data/runs/queue-operator-task-c490e577b5d3cf9b__recover-context--3f1db244f4f568a1-attempt-2/checkpoint.json,True,7310,,runtime_or_personal_data,False,False
data/runs/queue-operator-task-c490e577b5d3cf9b__recover-context--3f1db244f4f568a1-attempt-2/events.jsonl,True,4450,,runtime_or_personal_data,False,False
data/runs/queue-operator-task-c490e577b5d3cf9b__recover-context--3f1db244f4f568a1-attempt-2/journal.lock,True,0,,runtime_or_personal_data,False,False
data/runs/queue-operator-task-c490e577b5d3cf9b__recover-context--3f1db244f4f568a1/checkpoint.json,True,7280,,runtime_or_personal_data,False,False
data/runs/queue-operator-task-c490e577b5d3cf9b__recover-context--3f1db244f4f568a1/events.jsonl,True,4280,,runtime_or_personal_data,False,False
data/runs/queue-operator-task-c490e577b5d3cf9b__recover-context--3f1db244f4f568a1/journal.lock,True,0,,runtime_or_personal_data,False,False
data/runs/queue-operator-task-c9db73e585d95b4c__recover-context--d22ebfa1c8e6c4c7-attempt-2/checkpoint.json,True,8089,,runtime_or_personal_data,False,False
data/runs/queue-operator-task-c9db73e585d95b4c__recover-context--d22ebfa1c8e6c4c7-attempt-2/events.jsonl,True,8421,,runtime_or_personal_data,False,False
data/runs/queue-operator-task-c9db73e585d95b4c__recover-context--d22ebfa1c8e6c4c7-attempt-2/execution-receipts/execute.json,True,5408,,runtime_or_personal_data,False,False
data/runs/queue-operator-task-c9db73e585d95b4c__recover-context--d22ebfa1c8e6c4c7-attempt-2/execution-receipts/review.json,True,4266,,runtime_or_personal_data,False,False
data/runs/queue-operator-task-c9db73e585d95b4c__recover-context--d22ebfa1c8e6c4c7-attempt-2/execution-receipts/verify.json,True,1714,,runtime_or_personal_data,False,False
data/runs/queue-operator-task-c9db73e585d95b4c__recover-context--d22ebfa1c8e6c4c7-attempt-2/journal.lock,True,0,,runtime_or_personal_data,False,False
data/runs/queue-operator-task-c9db73e585d95b4c__recover-context--d22ebfa1c8e6c4c7-attempt-2/result.json,True,1127,,runtime_or_personal_data,False,False
data/runs/queue-operator-task-c9db73e585d95b4c__recover-context--d22ebfa1c8e6c4c7/checkpoint.json,True,8039,,runtime_or_personal_data,False,False
data/runs/queue-operator-task-c9db73e585d95b4c__recover-context--d22ebfa1c8e6c4c7/events.jsonl,True,8161,,runtime_or_personal_data,False,False
data/runs/queue-operator-task-c9db73e585d95b4c__recover-context--d22ebfa1c8e6c4c7/execution-receipts/execute.json,True,7857,,runtime_or_personal_data,False,False
data/runs/queue-operator-task-c9db73e585d95b4c__recover-context--d22ebfa1c8e6c4c7/execution-receipts/review.json,True,5661,,runtime_or_personal_data,False,False
data/runs/queue-operator-task-c9db73e585d95b4c__recover-context--d22ebfa1c8e6c4c7/execution-receipts/verify.json,True,1719,,runtime_or_personal_data,False,False
data/runs/queue-operator-task-c9db73e585d95b4c__recover-context--d22ebfa1c8e6c4c7/journal.lock,True,0,,runtime_or_personal_data,False,False
data/runs/queue-operator-task-c9db73e585d95b4c__recover-context--d22ebfa1c8e6c4c7/result.json,True,1172,,runtime_or_personal_data,False,False
data/runs/queue-operator-task-d2bc36a08b64fb26__recover-context--37ce90829c296fc4/checkpoint.json,True,8044,,runtime_or_personal_data,False,False
data/runs/queue-operator-task-d2bc36a08b64fb26__recover-context--37ce90829c296fc4/events.jsonl,True,9023,,runtime_or_personal_data,False,False
data/runs/queue-operator-task-d2bc36a08b64fb26__recover-context--37ce90829c296fc4/execution-receipts/execute.json,True,4892,,runtime_or_personal_data,False,False
data/runs/queue-operator-task-d2bc36a08b64fb26__recover-context--37ce90829c296fc4/execution-receipts/verify.json,True,1633,,runtime_or_personal_data,False,False
data/runs/queue-operator-task-d2bc36a08b64fb26__recover-context--37ce90829c296fc4/journal.lock,True,0,,runtime_or_personal_data,False,False
data/runs/queue-operator-task-d2bc36a08b64fb26__recover-context--37ce90829c296fc4/result.json,True,544,,runtime_or_personal_data,False,False
data/runs/queue-operator-task-d8a16a9ec8678cc4__recover-context--2a17e20fddc1e3d1-attempt-2/checkpoint.json,True,8089,,runtime_or_personal_data,False,False
data/runs/queue-operator-task-d8a16a9ec8678cc4__recover-context--2a17e20fddc1e3d1-attempt-2/events.jsonl,True,8421,,runtime_or_personal_data,False,False
data/runs/queue-operator-task-d8a16a9ec8678cc4__recover-context--2a17e20fddc1e3d1-attempt-2/execution-receipts/execute.json,True,7343,,runtime_or_personal_data,False,False
data/runs/queue-operator-task-d8a16a9ec8678cc4__recover-context--2a17e20fddc1e3d1-attempt-2/execution-receipts/review.json,True,5403,,runtime_or_personal_data,False,False
data/runs/queue-operator-task-d8a16a9ec8678cc4__recover-context--2a17e20fddc1e3d1-attempt-2/execution-receipts/verify.json,True,1716,,runtime_or_personal_data,False,False
data/runs/queue-operator-task-d8a16a9ec8678cc4__recover-context--2a17e20fddc1e3d1-attempt-2/journal.lock,True,0,,runtime_or_personal_data,False,False
data/runs/queue-operator-task-d8a16a9ec8678cc4__recover-context--2a17e20fddc1e3d1-attempt-2/result.json,True,1207,,runtime_or_personal_data,False,False
data/runs/queue-operator-task-d8a16a9ec8678cc4__recover-context--2a17e20fddc1e3d1/checkpoint.json,True,8039,,runtime_or_personal_data,False,False
data/runs/queue-operator-task-d8a16a9ec8678cc4__recover-context--2a17e20fddc1e3d1/events.jsonl,True,8161,,runtime_or_personal_data,False,False
data/runs/queue-operator-task-d8a16a9ec8678cc4__recover-context--2a17e20fddc1e3d1/execution-receipts/execute.json,True,9854,,runtime_or_personal_data,False,False
data/runs/queue-operator-task-d8a16a9ec8678cc4__recover-context--2a17e20fddc1e3d1/execution-receipts/review.json,True,8009,,runtime_or_personal_data,False,False
data/runs/queue-operator-task-d8a16a9ec8678cc4__recover-context--2a17e20fddc1e3d1/execution-receipts/verify.json,True,1704,,runtime_or_personal_data,False,False
data/runs/queue-operator-task-d8a16a9ec8678cc4__recover-context--2a17e20fddc1e3d1/journal.lock,True,0,,runtime_or_personal_data,False,False
data/runs/queue-operator-task-d8a16a9ec8678cc4__recover-context--2a17e20fddc1e3d1/result.json,True,1412,,runtime_or_personal_data,False,False
data/runs/queue-operator-task-db3ce87ce2704e18__recover-context--a30c6e03a1e84760-attempt-2/checkpoint.json,True,7312,,runtime_or_personal_data,False,False
data/runs/queue-operator-task-db3ce87ce2704e18__recover-context--a30c6e03a1e84760-attempt-2/events.jsonl,True,4450,,runtime_or_personal_data,False,False
data/runs/queue-operator-task-db3ce87ce2704e18__recover-context--a30c6e03a1e84760-attempt-2/journal.lock,True,0,,runtime_or_personal_data,False,False
data/runs/queue-operator-task-db3ce87ce2704e18__recover-context--a30c6e03a1e84760/checkpoint.json,True,7282,,runtime_or_personal_data,False,False
data/runs/queue-operator-task-db3ce87ce2704e18__recover-context--a30c6e03a1e84760/events.jsonl,True,4280,,runtime_or_personal_data,False,False
data/runs/queue-operator-task-db3ce87ce2704e18__recover-context--a30c6e03a1e84760/journal.lock,True,0,,runtime_or_personal_data,False,False
data/runs/queue-operator-task-f231fac75bdb793f__recover-context--cd0118393538abb5-attempt-2/checkpoint.json,True,8038,,runtime_or_personal_data,False,False
data/runs/queue-operator-task-f231fac75bdb793f__recover-context--cd0118393538abb5-attempt-2/events.jsonl,True,7972,,runtime_or_personal_data,False,False
data/runs/queue-operator-task-f231fac75bdb793f__recover-context--cd0118393538abb5-attempt-2/execution-receipts/execute.json,True,7800,,runtime_or_personal_data,False,False
data/runs/queue-operator-task-f231fac75bdb793f__recover-context--cd0118393538abb5-attempt-2/execution-receipts/verify.json,True,1716,,runtime_or_personal_data,False,False
data/runs/queue-operator-task-f231fac75bdb793f__recover-context--cd0118393538abb5-attempt-2/journal.lock,True,0,,runtime_or_personal_data,False,False
data/runs/queue-operator-task-f231fac75bdb793f__recover-context--cd0118393538abb5-attempt-2/result.json,True,617,,runtime_or_personal_data,False,False
data/runs/queue-operator-task-f231fac75bdb793f__recover-context--cd0118393538abb5/checkpoint.json,True,7983,,runtime_or_personal_data,False,False
data/runs/queue-operator-task-f231fac75bdb793f__recover-context--cd0118393538abb5/events.jsonl,True,8089,,runtime_or_personal_data,False,False
data/runs/queue-operator-task-f231fac75bdb793f__recover-context--cd0118393538abb5/execution-receipts/execute.json,True,5692,,runtime_or_personal_data,False,False
data/runs/queue-operator-task-f231fac75bdb793f__recover-context--cd0118393538abb5/execution-receipts/review.json,True,5236,,runtime_or_personal_data,False,False
data/runs/queue-operator-task-f231fac75bdb793f__recover-context--cd0118393538abb5/execution-receipts/verify.json,True,1729,,runtime_or_personal_data,False,False
data/runs/queue-operator-task-f231fac75bdb793f__recover-context--cd0118393538abb5/journal.lock,True,0,,runtime_or_personal_data,False,False
data/runs/queue-operator-task-f231fac75bdb793f__recover-context--cd0118393538abb5/result.json,True,1233,,runtime_or_personal_data,False,False
data/runs/queue-operator-task-f6426b0cd4b718e8-attempt-2/checkpoint.json,True,6948,,runtime_or_personal_data,False,False
data/runs/queue-operator-task-f6426b0cd4b718e8-attempt-2/events.jsonl,True,5605,,runtime_or_personal_data,False,False
data/runs/queue-operator-task-f6426b0cd4b718e8-attempt-2/execution-receipts/execute.json,True,2807,,runtime_or_personal_data,False,False
data/runs/queue-operator-task-f6426b0cd4b718e8-attempt-2/journal.lock,True,0,,runtime_or_personal_data,False,False
data/runs/queue-operator-task-f6426b0cd4b718e8/checkpoint.json,True,6909,,runtime_or_personal_data,False,False
data/runs/queue-operator-task-f6426b0cd4b718e8/events.jsonl,True,4078,,runtime_or_personal_data,False,False
data/runs/queue-operator-task-f6426b0cd4b718e8/execution-receipts/execute.json,True,2475,,runtime_or_personal_data,False,False
data/runs/queue-operator-task-f6426b0cd4b718e8/journal.lock,True,0,,runtime_or_personal_data,False,False
data/runs/queue-operator-task-f6426b0cd4b718e8/result.json,True,1457,,runtime_or_personal_data,False,False
data/runs/queue-operator-task-fb5a52e3a268ec2d__inspect-authorities-project-1--c0bd75351425b508/checkpoint.json,True,8875,,runtime_or_personal_data,False,False
data/runs/queue-operator-task-fb5a52e3a268ec2d__inspect-authorities-project-1--c0bd75351425b508/events.jsonl,True,10087,,runtime_or_personal_data,False,False
data/runs/queue-operator-task-fb5a52e3a268ec2d__inspect-authorities-project-1--c0bd75351425b508/execution-receipts/execute.json,True,4505,,runtime_or_personal_data,False,False
data/runs/queue-operator-task-fb5a52e3a268ec2d__inspect-authorities-project-1--c0bd75351425b508/execution-receipts/review.json,True,6423,,runtime_or_personal_data,False,False
data/runs/queue-operator-task-fb5a52e3a268ec2d__inspect-authorities-project-1--c0bd75351425b508/execution-receipts/verify.json,True,1986,,runtime_or_personal_data,False,False
data/runs/queue-operator-task-fb5a52e3a268ec2d__inspect-authorities-project-1--c0bd75351425b508/journal.lock,True,0,,runtime_or_personal_data,False,False
data/runs/queue-operator-task-fb5a52e3a268ec2d__inspect-authorities-project-1--c0bd75351425b508/result.json,True,1955,,runtime_or_personal_data,False,False
data/runs/queue-operator-task-fb5a52e3a268ec2d__inspect-authorities-project-2--a3d067604f2755dd/checkpoint.json,True,8875,,runtime_or_personal_data,False,False
data/runs/queue-operator-task-fb5a52e3a268ec2d__inspect-authorities-project-2--a3d067604f2755dd/events.jsonl,True,10087,,runtime_or_personal_data,False,False
data/runs/queue-operator-task-fb5a52e3a268ec2d__inspect-authorities-project-2--a3d067604f2755dd/execution-receipts/execute.json,True,5985,,runtime_or_personal_data,False,False
data/runs/queue-operator-task-fb5a52e3a268ec2d__inspect-authorities-project-2--a3d067604f2755dd/execution-receipts/review.json,True,7947,,runtime_or_personal_data,False,False
data/runs/queue-operator-task-fb5a52e3a268ec2d__inspect-authorities-project-2--a3d067604f2755dd/execution-receipts/verify.json,True,1995,,runtime_or_personal_data,False,False
data/runs/queue-operator-task-fb5a52e3a268ec2d__inspect-authorities-project-2--a3d067604f2755dd/journal.lock,True,0,,runtime_or_personal_data,False,False
data/runs/queue-operator-task-fb5a52e3a268ec2d__inspect-authorities-project-2--a3d067604f2755dd/result.json,True,1445,,runtime_or_personal_data,False,False
data/runs/queue-operator-task-fb5a52e3a268ec2d__produce-outcome--55ed3afcf9d067f6/checkpoint.json,True,8637,,runtime_or_personal_data,False,False
data/runs/queue-operator-task-fb5a52e3a268ec2d__produce-outcome--55ed3afcf9d067f6/events.jsonl,True,9471,,runtime_or_personal_data,False,False
data/runs/queue-operator-task-fb5a52e3a268ec2d__produce-outcome--55ed3afcf9d067f6/execution-receipts/execute.json,True,5135,,runtime_or_personal_data,False,False
data/runs/queue-operator-task-fb5a52e3a268ec2d__produce-outcome--55ed3afcf9d067f6/execution-receipts/review.json,True,4356,,runtime_or_personal_data,False,False
data/runs/queue-operator-task-fb5a52e3a268ec2d__produce-outcome--55ed3afcf9d067f6/execution-receipts/verify.json,True,2029,,runtime_or_personal_data,False,False
data/runs/queue-operator-task-fb5a52e3a268ec2d__produce-outcome--55ed3afcf9d067f6/journal.lock,True,0,,runtime_or_personal_data,False,False
data/runs/queue-operator-task-fb5a52e3a268ec2d__produce-outcome--55ed3afcf9d067f6/result.json,True,1978,,runtime_or_personal_data,False,False
data/runs/queue-operator-task-fb5a52e3a268ec2d__recover-context--2ebdf1bbdc9629d9/checkpoint.json,True,8637,,runtime_or_personal_data,False,False
data/runs/queue-operator-task-fb5a52e3a268ec2d__recover-context--2ebdf1bbdc9629d9/events.jsonl,True,9471,,runtime_or_personal_data,False,False
data/runs/queue-operator-task-fb5a52e3a268ec2d__recover-context--2ebdf1bbdc9629d9/execution-receipts/execute.json,True,5751,,runtime_or_personal_data,False,False
data/runs/queue-operator-task-fb5a52e3a268ec2d__recover-context--2ebdf1bbdc9629d9/execution-receipts/review.json,True,9837,,runtime_or_personal_data,False,False
data/runs/queue-operator-task-fb5a52e3a268ec2d__recover-context--2ebdf1bbdc9629d9/execution-receipts/verify.json,True,1683,,runtime_or_personal_data,False,False
data/runs/queue-operator-task-fb5a52e3a268ec2d__recover-context--2ebdf1bbdc9629d9/journal.lock,True,0,,runtime_or_personal_data,False,False
data/runs/queue-operator-task-fb5a52e3a268ec2d__recover-context--2ebdf1bbdc9629d9/result.json,True,2280,,runtime_or_personal_data,False,False
data/runs/queue-operator-task-fb5a52e3a268ec2d__synthesize-findings--8406daa654288fc0-attempt-2/checkpoint.json,True,8775,,runtime_or_personal_data,False,False
data/runs/queue-operator-task-fb5a52e3a268ec2d__synthesize-findings--8406daa654288fc0-attempt-2/events.jsonl,True,9967,,runtime_or_personal_data,False,False
data/runs/queue-operator-task-fb5a52e3a268ec2d__synthesize-findings--8406daa654288fc0-attempt-2/execution-receipts/execute.json,True,9688,,runtime_or_personal_data,False,False
data/runs/queue-operator-task-fb5a52e3a268ec2d__synthesize-findings--8406daa654288fc0-attempt-2/execution-receipts/review.json,True,9405,,runtime_or_personal_data,False,False
data/runs/queue-operator-task-fb5a52e3a268ec2d__synthesize-findings--8406daa654288fc0-attempt-2/execution-receipts/verify.json,True,1724,,runtime_or_personal_data,False,False
data/runs/queue-operator-task-fb5a52e3a268ec2d__synthesize-findings--8406daa654288fc0-attempt-2/journal.lock,True,0,,runtime_or_personal_data,False,False
data/runs/queue-operator-task-fb5a52e3a268ec2d__synthesize-findings--8406daa654288fc0-attempt-2/result.json,True,2208,,runtime_or_personal_data,False,False
data/runs/queue-operator-task-fb5a52e3a268ec2d__synthesize-findings--8406daa654288fc0/checkpoint.json,True,8099,,runtime_or_personal_data,False,False
data/runs/queue-operator-task-fb5a52e3a268ec2d__synthesize-findings--8406daa654288fc0/events.jsonl,True,8313,,runtime_or_personal_data,False,False
data/runs/queue-operator-task-fb5a52e3a268ec2d__synthesize-findings--8406daa654288fc0/execution-receipts/execute.json,True,6879,,runtime_or_personal_data,False,False
data/runs/queue-operator-task-fb5a52e3a268ec2d__synthesize-findings--8406daa654288fc0/execution-receipts/review.json,True,9877,,runtime_or_personal_data,False,False
data/runs/queue-operator-task-fb5a52e3a268ec2d__synthesize-findings--8406daa654288fc0/execution-receipts/verify.json,True,1712,,runtime_or_personal_data,False,False
data/runs/queue-operator-task-fb5a52e3a268ec2d__synthesize-findings--8406daa654288fc0/journal.lock,True,0,,runtime_or_personal_data,False,False
data/runs/queue-operator-task-fb5a52e3a268ec2d__synthesize-findings--8406daa654288fc0/result.json,True,1707,,runtime_or_personal_data,False,False
data/runs/queue-operator-task-fb5a52e3a268ec2d__verify-acceptance--f2c11fab72358530/checkpoint.json,True,8671,,runtime_or_personal_data,False,False
data/runs/queue-operator-task-fb5a52e3a268ec2d__verify-acceptance--f2c11fab72358530/events.jsonl,True,9559,,runtime_or_personal_data,False,False
data/runs/queue-operator-task-fb5a52e3a268ec2d__verify-acceptance--f2c11fab72358530/execution-receipts/execute.json,True,5886,,runtime_or_personal_data,False,False
data/runs/queue-operator-task-fb5a52e3a268ec2d__verify-acceptance--f2c11fab72358530/execution-receipts/review.json,True,4373,,runtime_or_personal_data,False,False
data/runs/queue-operator-task-fb5a52e3a268ec2d__verify-acceptance--f2c11fab72358530/execution-receipts/verify.json,True,1707,,runtime_or_personal_data,False,False
data/runs/queue-operator-task-fb5a52e3a268ec2d__verify-acceptance--f2c11fab72358530/journal.lock,True,0,,runtime_or_personal_data,False,False
data/runs/queue-operator-task-fb5a52e3a268ec2d__verify-acceptance--f2c11fab72358530/result.json,True,1543,,runtime_or_personal_data,False,False
data/runs/queue-runtime-cancel-proof-20260813/checkpoint.json,True,3433,,runtime_or_personal_data,False,False
data/runs/queue-runtime-cancel-proof-20260813/events.jsonl,True,3777,,runtime_or_personal_data,False,False
data/runs/queue-runtime-cancel-proof-20260813/journal.lock,True,0,,runtime_or_personal_data,False,False
data/runs/queue-runtime-proof-20260813-v2/checkpoint.json,True,3594,,runtime_or_personal_data,False,False
data/runs/queue-runtime-proof-20260813-v2/events.jsonl,True,3737,,runtime_or_personal_data,False,False
data/runs/queue-runtime-proof-20260813-v2/execution-receipts/execute.json,True,1451,,runtime_or_personal_data,False,False
data/runs/queue-runtime-proof-20260813-v2/journal.lock,True,0,,runtime_or_personal_data,False,False
data/runs/queue-runtime-proof-20260813-v2/result.json,True,576,,runtime_or_personal_data,False,False
data/runs/queue-runtime-timer-proof-20260814/checkpoint.json,True,3565,,runtime_or_personal_data,False,False
data/runs/queue-runtime-timer-proof-20260814/events.jsonl,True,3731,,runtime_or_personal_data,False,False
data/runs/queue-runtime-timer-proof-20260814/execution-receipts/execute.json,True,1521,,runtime_or_personal_data,False,False
data/runs/queue-runtime-timer-proof-20260814/journal.lock,True,0,,runtime_or_personal_data,False,False
data/runs/queue-runtime-timer-proof-20260814/result.json,True,648,,runtime_or_personal_data,False,False
data/runs/queue-tsk_20260826T081230Z_completion_loop_acceptance/checkpoint.json,True,6630,,runtime_or_personal_data,False,False
data/runs/queue-tsk_20260826T081230Z_completion_loop_acceptance/events.jsonl,True,6538,,runtime_or_personal_data,False,False
data/runs/queue-tsk_20260826T081230Z_completion_loop_acceptance/execution-receipts/execute.json,True,2228,,runtime_or_personal_data,False,False
data/runs/queue-tsk_20260826T081230Z_completion_loop_acceptance/journal.lock,True,0,,runtime_or_personal_data,False,False
data/runs/queue-tsk_20260826T081230Z_completion_loop_acceptance/result.json,True,596,,runtime_or_personal_data,False,False
data/runs/queue-tsk_20260826T082300Z_completion_loop_restart_acceptance/checkpoint.json,True,6728,,runtime_or_personal_data,False,False
data/runs/queue-tsk_20260826T082300Z_completion_loop_restart_acceptance/events.jsonl,True,4388,,runtime_or_personal_data,False,False
data/runs/queue-tsk_20260826T082300Z_completion_loop_restart_acceptance/execution-receipts/execute.json,True,2242,,runtime_or_personal_data,False,False
data/runs/queue-tsk_20260826T082300Z_completion_loop_restart_acceptance/journal.lock,True,0,,runtime_or_personal_data,False,False
data/runs/queue-tsk_20260826T082300Z_completion_loop_restart_acceptance/result.json,True,596,,runtime_or_personal_data,False,False
data/runs/queue-tsk_20260826T090051Z_completion_loop_acceptance_v2/checkpoint.json,True,7558,,runtime_or_personal_data,False,False
data/runs/queue-tsk_20260826T090051Z_completion_loop_acceptance_v2/events.jsonl,True,8250,,runtime_or_personal_data,False,False
data/runs/queue-tsk_20260826T090051Z_completion_loop_acceptance_v2/execution-receipts/execute.json,True,2795,,runtime_or_personal_data,False,False
data/runs/queue-tsk_20260826T090051Z_completion_loop_acceptance_v2/execution-receipts/verify.json,True,1512,,runtime_or_personal_data,False,False
data/runs/queue-tsk_20260826T090051Z_completion_loop_acceptance_v2/journal.lock,True,0,,runtime_or_personal_data,False,False
data/runs/queue-tsk_20260826T090051Z_completion_loop_acceptance_v2/result.json,True,560,,runtime_or_personal_data,False,False
data/runs/queue-tsk_20260827T075204Z_arda-governed-audit-20260827__gather/checkpoint.json,True,12334,,runtime_or_personal_data,False,False
data/runs/queue-tsk_20260827T075204Z_arda-governed-audit-20260827__gather/events.jsonl,True,9156,,runtime_or_personal_data,False,False
data/runs/queue-tsk_20260827T075204Z_arda-governed-audit-20260827__gather/execution-receipts/execute.json,True,6729,,runtime_or_personal_data,False,False
data/runs/queue-tsk_20260827T075204Z_arda-governed-audit-20260827__gather/execution-receipts/verify.json,True,1527,,runtime_or_personal_data,False,False
data/runs/queue-tsk_20260827T075204Z_arda-governed-audit-20260827__gather/journal.lock,True,0,,runtime_or_personal_data,False,False
data/runs/queue-tsk_20260827T075204Z_arda-governed-audit-20260827__gather/result.json,True,560,,runtime_or_personal_data,False,False
data/runs/queue-tsk_20260827T075204Z_arda-governed-audit-20260827__scope/checkpoint.json,True,12483,,runtime_or_personal_data,False,False
data/runs/queue-tsk_20260827T075204Z_arda-governed-audit-20260827__scope/events.jsonl,True,9114,,runtime_or_personal_data,False,False
data/runs/queue-tsk_20260827T075204Z_arda-governed-audit-20260827__scope/execution-receipts/execute.json,True,21771,,runtime_or_personal_data,False,False
data/runs/queue-tsk_20260827T075204Z_arda-governed-audit-20260827__scope/execution-receipts/verify.json,True,1541,,runtime_or_personal_data,False,False
data/runs/queue-tsk_20260827T075204Z_arda-governed-audit-20260827__scope/journal.lock,True,0,,runtime_or_personal_data,False,False
data/runs/queue-tsk_20260827T075204Z_arda-governed-audit-20260827__scope/result.json,True,575,,runtime_or_personal_data,False,False
data/runs/queue-tsk_20260827T075204Z_arda-governed-audit-20260827__synthesize/checkpoint.json,True,12410,,runtime_or_personal_data,False,False
data/runs/queue-tsk_20260827T075204Z_arda-governed-audit-20260827__synthesize/events.jsonl,True,9324,,runtime_or_personal_data,False,False
data/runs/queue-tsk_20260827T075204Z_arda-governed-audit-20260827__synthesize/execution-receipts/execute.json,True,6008,,runtime_or_personal_data,False,False
data/runs/queue-tsk_20260827T075204Z_arda-governed-audit-20260827__synthesize/execution-receipts/verify.json,True,1534,,runtime_or_personal_data,False,False
data/runs/queue-tsk_20260827T075204Z_arda-governed-audit-20260827__synthesize/journal.lock,True,0,,runtime_or_personal_data,False,False
data/runs/queue-tsk_20260827T075204Z_arda-governed-audit-20260827__synthesize/result.json,True,560,,runtime_or_personal_data,False,False
data/runs/queue-tsk_20260827T154942Z_arda-receipt-acceptance-20260827__gather/checkpoint.json,True,8347,,runtime_or_personal_data,False,False
data/runs/queue-tsk_20260827T154942Z_arda-receipt-acceptance-20260827__gather/events.jsonl,True,9396,,runtime_or_personal_data,False,False
data/runs/queue-tsk_20260827T154942Z_arda-receipt-acceptance-20260827__gather/execution-receipts/execute.json,True,8176,,runtime_or_personal_data,False,False
data/runs/queue-tsk_20260827T154942Z_arda-receipt-acceptance-20260827__gather/execution-receipts/verify.json,True,1534,,runtime_or_personal_data,False,False
data/runs/queue-tsk_20260827T154942Z_arda-receipt-acceptance-20260827__gather/journal.lock,True,0,,runtime_or_personal_data,False,False
data/runs/queue-tsk_20260827T154942Z_arda-receipt-acceptance-20260827__gather/result.json,True,560,,runtime_or_personal_data,False,False
data/runs/queue-tsk_20260827T154942Z_arda-receipt-acceptance-20260827__scope/checkpoint.json,True,8331,,runtime_or_personal_data,False,False
data/runs/queue-tsk_20260827T154942Z_arda-receipt-acceptance-20260827__scope/events.jsonl,True,9354,,runtime_or_personal_data,False,False
data/runs/queue-tsk_20260827T154942Z_arda-receipt-acceptance-20260827__scope/execution-receipts/execute.json,True,16644,,runtime_or_personal_data,False,False
data/runs/queue-tsk_20260827T154942Z_arda-receipt-acceptance-20260827__scope/execution-receipts/verify.json,True,1532,,runtime_or_personal_data,False,False
data/runs/queue-tsk_20260827T154942Z_arda-receipt-acceptance-20260827__scope/journal.lock,True,0,,runtime_or_personal_data,False,False
data/runs/queue-tsk_20260827T154942Z_arda-receipt-acceptance-20260827__scope/result.json,True,560,,runtime_or_personal_data,False,False
data/runs/queue-tsk_20260827T154942Z_arda-receipt-acceptance-20260827__synthesize/checkpoint.json,True,8411,,runtime_or_personal_data,False,False
data/runs/queue-tsk_20260827T154942Z_arda-receipt-acceptance-20260827__synthesize/events.jsonl,True,9564,,runtime_or_personal_data,False,False
data/runs/queue-tsk_20260827T154942Z_arda-receipt-acceptance-20260827__synthesize/execution-receipts/execute.json,True,8061,,runtime_or_personal_data,False,False
data/runs/queue-tsk_20260827T154942Z_arda-receipt-acceptance-20260827__synthesize/execution-receipts/verify.json,True,1608,,runtime_or_personal_data,False,False
data/runs/queue-tsk_20260827T154942Z_arda-receipt-acceptance-20260827__synthesize/journal.lock,True,0,,runtime_or_personal_data,False,False
data/runs/queue-tsk_20260827T154942Z_arda-receipt-acceptance-20260827__synthesize/result.json,True,624,,runtime_or_personal_data,False,False
data/runs/queue-tsk_20260827T235626Z_operator-objective-t2-t5-live-20260827-v2__recover-context__plan/checkpoint.json,True,8248,,runtime_or_personal_data,False,False
data/runs/queue-tsk_20260827T235626Z_operator-objective-t2-t5-live-20260827-v2__recover-context__plan/events.jsonl,True,9783,,runtime_or_personal_data,False,False
data/runs/queue-tsk_20260827T235626Z_operator-objective-t2-t5-live-20260827-v2__recover-context__plan/execution-receipts/execute.json,True,16036,,runtime_or_personal_data,False,False
data/runs/queue-tsk_20260827T235626Z_operator-objective-t2-t5-live-20260827-v2__recover-context__plan/execution-receipts/verify.json,True,1582,,runtime_or_personal_data,False,False
data/runs/queue-tsk_20260827T235626Z_operator-objective-t2-t5-live-20260827-v2__recover-context__plan/journal.lock,True,0,,runtime_or_personal_data,False,False
data/runs/queue-tsk_20260827T235626Z_operator-objective-t2-t5-live-20260827-v2__recover-context__plan/result.json,True,560,,runtime_or_personal_data,False,False
data/runs/queue-tsk_20260828T000640Z_operator-objective-t2-t5-live-20260827-v2__recover-context__plan/checkpoint.json,True,8248,,runtime_or_personal_data,False,False
data/runs/queue-tsk_20260828T000640Z_operator-objective-t2-t5-live-20260827-v2__recover-context__plan/events.jsonl,True,9783,,runtime_or_personal_data,False,False
data/runs/queue-tsk_20260828T000640Z_operator-objective-t2-t5-live-20260827-v2__recover-context__plan/execution-receipts/execute.json,True,3322,,runtime_or_personal_data,False,False
data/runs/queue-tsk_20260828T000640Z_operator-objective-t2-t5-live-20260827-v2__recover-context__plan/execution-receipts/verify.json,True,1582,,runtime_or_personal_data,False,False
data/runs/queue-tsk_20260828T000640Z_operator-objective-t2-t5-live-20260827-v2__recover-context__plan/journal.lock,True,0,,runtime_or_personal_data,False,False
data/runs/queue-tsk_20260828T000640Z_operator-objective-t2-t5-live-20260827-v2__recover-context__plan/result.json,True,560,,runtime_or_personal_data,False,False
data/runs/run-8a00511e-a309-4838-894a-a5dcdd40f87e/checkpoint.json,True,4904,,runtime_or_personal_data,False,False
data/runs/run-8a00511e-a309-4838-894a-a5dcdd40f87e/events.jsonl,True,4978,,runtime_or_personal_data,False,False
data/runs/run-8a00511e-a309-4838-894a-a5dcdd40f87e/journal.lock,True,0,,runtime_or_personal_data,False,False
data/runs/run-d84891e8-1d2a-4f5c-a6fb-1ec22d654df4/checkpoint.json,True,6304,,runtime_or_personal_data,False,False
data/runs/run-d84891e8-1d2a-4f5c-a6fb-1ec22d654df4/events.jsonl,True,7924,,runtime_or_personal_data,False,False
data/runs/run-d84891e8-1d2a-4f5c-a6fb-1ec22d654df4/journal.lock,True,0,,runtime_or_personal_data,False,False
data/runs/run-d84891e8-1d2a-4f5c-a6fb-1ec22d654df4/result.json,True,718,,runtime_or_personal_data,False,False
data/runs/rust-standards-assimilation-20260825/checkpoint.json,True,1004,,runtime_or_personal_data,False,False
data/runs/rust-standards-assimilation-20260825/events.jsonl,True,954,,runtime_or_personal_data,False,False
data/runs/rust-standards-assimilation-20260825/evidence/assimilation-source-a39e1393-20260826.json,True,3694,,runtime_or_personal_data,False,False
data/runs/rust-standards-assimilation-20260825/evidence/langfuse-otlp-trace-acb52570-20260826.json,True,3369,,runtime_or_personal_data,False,False
data/runs/rust-standards-assimilation-20260825/evidence/research-e0a972b7c21d2c5d.json,True,9898,,runtime_or_personal_data,False,False
data/runs/rust-standards-assimilation-20260825/journal.lock,True,0,,runtime_or_personal_data,False,False
data/runs/stage4-research-20260731T181502Z/checkpoint.json,True,906,,runtime_or_personal_data,False,False
data/runs/stage4-research-20260731T181502Z/events.jsonl,True,937,,runtime_or_personal_data,False,False
data/runs/stage4-research-20260731T181502Z/evidence/research-5642156a5306e462.json,True,3927,,runtime_or_personal_data,False,False
data/runs/stage4-research-20260731T181502Z/journal.lock,True,0,,runtime_or_personal_data,False,False
data/runs/stage7-living-mesh-20260823/checkpoint.json,True,3838,,runtime_or_personal_data,False,False
data/runs/stage7-living-mesh-20260823/events.jsonl,True,4390,,runtime_or_personal_data,False,False
data/runs/stage7-living-mesh-20260823/journal.lock,True,0,,runtime_or_personal_data,False,False
data/runs/stage7-living-mesh-20260823/result.json,True,835,,runtime_or_personal_data,False,False
data/varda/external_evaluations.jsonl,True,2272,,runtime_or_personal_data,False,False
data/warden/informant_queue.jsonl,True,867706,,runtime_or_personal_data,False,False
data/warden/permission_profile_audit.jsonl,True,4357,,runtime_or_personal_data,False,False
data/warden/research_receipts.cursor.json,True,87,,runtime_or_personal_data,False,False
data/warden/research_receipts.jsonl,True,7150,,runtime_or_personal_data,False,False
data/workbench/current-runs.json,True,38585,,runtime_or_personal_data,False,False
data/workbench/projects.json,True,127520,,runtime_or_personal_data,False,False
data/workbench/research/questions.json,True,3416,,runtime_or_personal_data,False,False
data/workbench/research/watchlists.json,True,382,,runtime_or_personal_data,False,False
deny.toml,True,11467,,config_asset_or_other,False,False
docs/CODEMAP.md,True,9193,,documentation,False,False
docs/DEVELOPMENT.md,True,2162,,documentation,False,False
docs/INDEX.md,True,2318,,documentation,False,False
docs/architecture/AGENT_EVIDENCE_BOOTSTRAP.md,True,5057,,documentation,False,False
docs/architecture/ARDA_1_0_PERSONAL_AGENT_ECOSYSTEM.md,True,35870,,documentation,False,False
docs/architecture/DIGITAL_ORGANISM_AUTHORITY_TRANSPORT_MAP.md,True,18688,,documentation,False,False
docs/architecture/FEDERATED_COMMS.md,True,2594,,documentation,False,False
docs/archive/2026-07-23-pi5-outpost-integration-plan.md,True,9921,,documentation,False,False
docs/archive/2026-07-27-warden-varda-ceo-learning-loop.md,True,15489,,documentation,False,False
docs/archive/2026-07-28-eight-package-first-class-closeout.md,True,24257,,documentation,False,False
docs/archive/2026-07-29-arda-workbench-private-beta-plan.md,True,18616,,documentation,False,False
docs/archive/2026-07-29-personal-operations-plan.md,True,15833,,documentation,False,False
docs/archive/2026-07-29-stage-4-private-beta-plan.md,True,23884,,documentation,False,False
docs/archive/2026-07-29-stage-5-release-candidate-plan.md,True,30697,,documentation,False,False
docs/archive/2026-07-29-warden-research-application-plan.md,True,14808,,documentation,False,False
docs/archive/2026-07-30-arda-hud-agentic-monitor-surfaces-checklist.md,True,18130,,documentation,False,False
docs/archive/2026-07-30-arda-hud-agentic-monitor-surfaces-plan.md,True,11682,,documentation,False,False
docs/archive/2026-07-30-arda-hud-boardroom-visual-system-plan.md,True,39791,,documentation,False,False
docs/archive/2026-08-02-arda-system-unification-and-usability-plan.md,True,38692,,documentation,False,False
docs/archive/2026-08-03-arda-hud-universal-agent-monitor-surfaces-plan.md,True,58005,,documentation,False,False
docs/archive/2026-08-03-arda-rumil-project-audit-plan.md,True,24242,,documentation,False,False
docs/archive/2026-08-06-hud-frontend-backend-contract-convergence-plan.md,True,13010,,documentation,False,False
docs/archive/2026-08-12-arda-0.9-baseline-and-improvement-plan.md,True,9783,,documentation,False,False
docs/archive/2026-08-16-arda-hud-lower-workstations/01-governance-guardhouse.md,True,16827,,documentation,False,False
docs/archive/2026-08-16-arda-hud-lower-workstations/02-fleet-backbone.md,True,15018,,documentation,False,False
docs/archive/2026-08-16-arda-hud-lower-workstations/03-command-core.md,True,10920,,documentation,False,False
docs/archive/2026-08-16-arda-hud-lower-workstations/04-routing-communications.md,True,12284,,documentation,False,False
docs/archive/2026-08-16-arda-hud-lower-workstations/05-human-business-personal.md,True,13608,,documentation,False,False
docs/archive/2026-08-16-arda-hud-lower-workstations/ACCEPTANCE_MATRIX.md,True,6092,,documentation,False,False
docs/archive/2026-08-16-arda-hud-lower-workstations/BASELINE.md,True,6539,,documentation,False,False
docs/archive/2026-08-16-arda-hud-lower-workstations/COMMAND_CORE_CONTROLS.md,True,4166,,documentation,False,False
docs/archive/2026-08-16-arda-hud-lower-workstations/COMPOSITION_AUTHORITY.md,True,4887,,documentation,False,False
docs/archive/2026-08-16-arda-hud-lower-workstations/CROSS_REFERENCE.md,True,18993,,documentation,False,False
docs/archive/2026-08-16-arda-hud-lower-workstations/DESIGN_REFERENCES.md,True,13952,,documentation,False,False
docs/archive/2026-08-16-arda-hud-lower-workstations/FLEET_BACKBONE.md,True,4719,,documentation,False,False
docs/archive/2026-08-16-arda-hud-lower-workstations/GOVERNANCE_GUARDHOUSE.md,True,4722,,documentation,False,False
docs/archive/2026-08-16-arda-hud-lower-workstations/HUMAN_BUSINESS_PERSONAL.md,True,4560,,documentation,False,False
docs/archive/2026-08-16-arda-hud-lower-workstations/ORPHAN_RETIREMENT.md,True,4023,,documentation,False,False
docs/archive/2026-08-16-arda-hud-lower-workstations/PLAN.md,True,28533,,documentation,False,False
docs/archive/2026-08-16-arda-hud-lower-workstations/README.md,True,14667,,documentation,False,False
docs/archive/2026-08-16-arda-hud-lower-workstations/ROUTING_COMMUNICATIONS.md,True,5142,,documentation,False,False
docs/archive/2026-08-16-arda-hud-lower-workstations/SOURCE_TRUTH.md,True,5192,,documentation,False,False
docs/archive/2026-08-16-arda-hud-lower-workstations/VERIFICATION_CLOSEOUT.md,True,5994,,documentation,False,False
docs/archive/2026-08-16-arda-hud-lower-workstations/VISUAL_CONVERGENCE.md,True,4980,,documentation,False,False
docs/archive/2026-08-16-arda-hud-lower-workstations/evidence/native/phase10-native-boardroom-command-core-20260816.png,True,1244301,,documentation,False,False
docs/archive/2026-08-16-arda-hud-lower-workstations/evidence/native/phase10-native-command-core-20260816.png,True,1060230,,documentation,False,False
docs/archive/2026-08-16-arda-hud-lower-workstations/evidence/native/phase10-native-continuity-20260816.png,True,1066149,,documentation,False,False
docs/archive/2026-08-16-arda-hud-lower-workstations/evidence/native/phase10-native-fleet-20260816.png,True,1069988,,documentation,False,False
docs/archive/2026-08-16-arda-hud-lower-workstations/evidence/native/phase10-native-frame-timing-20260816.log,True,342,,documentation,False,False
docs/archive/2026-08-16-arda-hud-lower-workstations/evidence/native/phase10-native-governance-20260816.png,True,1103723,,documentation,False,False
docs/archive/2026-08-16-arda-hud-lower-workstations/evidence/native/phase10-native-interaction-20260816.md,True,4522,,documentation,False,False
docs/archive/2026-08-16-arda-hud-lower-workstations/evidence/native/phase10-native-profile-20260816.json,True,22384,,documentation,False,False
docs/archive/2026-08-16-arda-hud-lower-workstations/evidence/native/phase10-native-profile-20260816.log,True,6325,,documentation,False,False
docs/archive/2026-08-16-arda-hud-lower-workstations/evidence/native/phase10-native-routing-20260816.png,True,1096414,,documentation,False,False
docs/archive/2026-08-16-arda-hud-lower-workstations/evidence/phase0-build-20260816.log,True,10139,,documentation,False,False
docs/archive/2026-08-16-arda-hud-lower-workstations/evidence/phase0-native-atspi-20260816.json,True,18418,,documentation,False,False
docs/archive/2026-08-16-arda-hud-lower-workstations/evidence/phase0-native-profile-20260816.json,True,20416,,documentation,False,False
docs/archive/2026-08-16-arda-hud-lower-workstations/evidence/phase0-vitest-20260816.log,True,326,,documentation,False,False
docs/archive/2026-08-16-arda-hud-lower-workstations/evidence/phase1-native-atspi-20260816.json,True,18418,,documentation,False,False
docs/archive/2026-08-16-arda-hud-lower-workstations/evidence/phase10-boardroom-assets-20260816.log,True,371,,documentation,False,False
docs/archive/2026-08-16-arda-hud-lower-workstations/evidence/phase10-boardroom-assets-final-20260816.log,True,371,,documentation,False,False
docs/archive/2026-08-16-arda-hud-lower-workstations/evidence/phase10-build-20260816.log,True,10139,,documentation,False,False
docs/archive/2026-08-16-arda-hud-lower-workstations/evidence/phase10-build-final-20260816.log,True,10139,,documentation,False,False
docs/archive/2026-08-16-arda-hud-lower-workstations/evidence/phase10-links-20260816.md,True,334,,documentation,False,False
docs/archive/2026-08-16-arda-hud-lower-workstations/evidence/phase10-links-final-20260816.md,True,347,,documentation,False,False
docs/archive/2026-08-16-arda-hud-lower-workstations/evidence/phase10-lint-20260816.log,True,28091,,documentation,False,False
docs/archive/2026-08-16-arda-hud-lower-workstations/evidence/phase10-lint-final-20260816.log,True,28091,,documentation,False,False
docs/archive/2026-08-16-arda-hud-lower-workstations/evidence/phase10-native-rebuild-20260816.log,True,36383,,documentation,False,False
docs/archive/2026-08-16-arda-hud-lower-workstations/evidence/phase10-soterion-unicode-20260816.log,True,207,,documentation,False,False
docs/archive/2026-08-16-arda-hud-lower-workstations/evidence/phase10-soterion-unicode-final-20260816.log,True,207,,documentation,False,False
docs/archive/2026-08-16-arda-hud-lower-workstations/evidence/phase10-tauri-build-20260816.log,True,36383,,documentation,False,False
docs/archive/2026-08-16-arda-hud-lower-workstations/evidence/phase10-vitest-20260816.log,True,326,,documentation,False,False
docs/archive/2026-08-16-arda-hud-lower-workstations/evidence/phase10-vitest-final-20260816.log,True,326,,documentation,False,False
docs/archive/2026-08-16-arda-hud-lower-workstations/evidence/phase2-native-atspi-20260816.json,True,18418,,documentation,False,False
docs/archive/2026-08-16-arda-hud-lower-workstations/evidence/phase3-build-20260816.log,True,10140,,documentation,False,False
docs/archive/2026-08-16-arda-hud-lower-workstations/evidence/phase3-vitest-20260816.log,True,327,,documentation,False,False
docs/archive/2026-08-16-arda-hud-lower-workstations/evidence/phase4-build-20260816.log,True,10139,,documentation,False,False
docs/archive/2026-08-16-arda-hud-lower-workstations/evidence/phase4-vitest-20260816.log,True,326,,documentation,False,False
docs/archive/2026-08-16-arda-hud-lower-workstations/evidence/phase5-build-20260816.log,True,10139,,documentation,False,False
docs/archive/2026-08-16-arda-hud-lower-workstations/evidence/phase5-links-20260816.md,True,272,,documentation,False,False
docs/archive/2026-08-16-arda-hud-lower-workstations/evidence/phase5-vitest-20260816.log,True,326,,documentation,False,False
docs/archive/2026-08-16-arda-hud-lower-workstations/evidence/phase6-build-20260816.log,True,10139,,documentation,False,False
docs/archive/2026-08-16-arda-hud-lower-workstations/evidence/phase6-links-20260816.md,True,333,,documentation,False,False
docs/archive/2026-08-16-arda-hud-lower-workstations/evidence/phase6-vitest-20260816.log,True,326,,documentation,False,False
docs/archive/2026-08-16-arda-hud-lower-workstations/evidence/phase7-build-20260816.log,True,10139,,documentation,False,False
docs/archive/2026-08-16-arda-hud-lower-workstations/evidence/phase7-links-20260816.md,True,272,,documentation,False,False
docs/archive/2026-08-16-arda-hud-lower-workstations/evidence/phase7-vitest-20260816.log,True,326,,documentation,False,False
docs/archive/2026-08-16-arda-hud-lower-workstations/evidence/phase8-build-20260816.log,True,10139,,documentation,False,False
docs/archive/2026-08-16-arda-hud-lower-workstations/evidence/phase8-links-20260816.md,True,333,,documentation,False,False
docs/archive/2026-08-16-arda-hud-lower-workstations/evidence/phase8-vitest-20260816.log,True,245,,documentation,False,False
docs/archive/2026-08-16-arda-hud-lower-workstations/evidence/phase9-build-20260816.log,True,10139,,documentation,False,False
docs/archive/2026-08-16-arda-hud-lower-workstations/evidence/phase9-links-20260816.md,True,333,,documentation,False,False
docs/archive/2026-08-16-arda-hud-lower-workstations/evidence/phase9-vitest-20260816.log,True,238,,documentation,False,False
docs/archive/2026-08-17-hermes-continuity-handoff-plan.md,True,13719,,documentation,False,False
docs/archive/2026-08-17-launcher-local-runtime-plan.md,True,18432,,documentation,False,False
docs/archive/2026-08-20-core-arda-usefulness-repair.md,True,15087,,documentation,False,False
docs/archive/2026-08-20-failed-mirromere-projection-implementation.md,True,35736,,documentation,False,False
docs/archive/2026-09-01-arda-objective-runtime-cutover.md,True,76446,,documentation,False,False
docs/archive/2026-09-07-autonomous-loop-compatibility-index.md,True,2631,,documentation,False,False
docs/archive/2026-09-15-plan-reconciliation/2026-09-01-arda-objective-runtime-cutover.md,True,45270,,documentation,False,False
docs/archive/2026-09-15-plan-reconciliation/ARDA_PRODUCT_PLAN_SUITE.md,True,10929,,documentation,False,False
docs/archive/2026-09-15-plan-reconciliation/ARDA_WHOLE_SYSTEM_COMPLETION_PROGRAM.md,True,13918,,documentation,False,False
docs/archive/2026-09-15-plan-reconciliation/CONNECTED_PROJECT_FABRIC.md,True,6256,,documentation,False,False
docs/archive/2026-09-15-plan-reconciliation/DAILY_RESEARCH_IMPROVEMENT_LOOP.md,True,11286,,documentation,False,False
docs/archive/2026-09-15-plan-reconciliation/PERSONAL_SYSTEM_EXPERIENCE.md,True,26705,,documentation,False,False
docs/archive/2026-09-15-plan-reconciliation/PROVIDER_WORKER_CONVERGENCE.md,True,4867,,documentation,False,False
docs/archive/2026-09-15-plan-reconciliation/README.md,True,1078,,documentation,False,False
docs/archive/2026-09-15-plan-reconciliation/arda-hud-visual-pass/README.md,True,4331,,documentation,False,False
docs/archive/2026-09-15-plan-reconciliation/autonomous-task-completion/01-hermes-objective-control.md,True,3521,,documentation,False,False
docs/archive/2026-09-15-plan-reconciliation/autonomous-task-completion/02-installed-scheduling-restart.md,True,2916,,documentation,False,False
docs/archive/2026-09-15-plan-reconciliation/autonomous-task-completion/03-live-critic-revision.md,True,2510,,documentation,False,False
docs/archive/2026-09-15-plan-reconciliation/autonomous-task-completion/04-real-multi-project-execution.md,True,6717,,documentation,False,False
docs/archive/2026-09-15-plan-reconciliation/autonomous-task-completion/05-vaire-operator-acceptance.md,True,3660,,documentation,False,False
docs/archive/2026-09-15-plan-reconciliation/autonomous-task-completion/README.md,True,6592,,documentation,False,False
docs/archive/2026-09-15-plan-reconciliation/m4-execution-scenario.md,True,3589,,documentation,False,False
docs/archive/2026-09-15-plan-reconciliation/m4-objective-payload.json,True,1189,,documentation,False,False
docs/archive/AIPKG.md,True,3725,,documentation,False,False
docs/archive/ARDA_1_0_PRODUCT_READINESS.md,True,20620,,documentation,False,False
docs/archive/ARDA_AVATAR_PRESENCE_PLAN.md,True,9384,,documentation,False,False
docs/archive/ARDA_HUD_FIRST_LEVEL_TERMINALS.md,True,25168,,documentation,False,False
docs/archive/ARDA_JUL29.md,True,34049,,documentation,False,False
docs/archive/ATHENA.md,True,2767,,documentation,False,False
docs/archive/CHARON.md,True,9824,,documentation,False,False
docs/archive/DIRECTORY_INDEX.md,True,904,,documentation,False,False
docs/archive/FIELD_NOTES.md,True,6683,,documentation,False,False
docs/archive/FILE_TREE.jsonl,True,563744,,documentation,False,False
docs/archive/GROK_ARDA_VAIRE_AVATAR_PLAN.md,True,11794,,documentation,False,False
docs/archive/GROK_CONVERSATIONS.md,True,15084,,documentation,False,False
docs/archive/MANWE_FLEET_LOOKUP_PLAN.md,True,3766,,documentation,False,False
docs/archive/MANWE_FOUNDATION_CHECKLIST.md,True,13230,,documentation,False,False
docs/archive/MANWE_PHASE1_TRUTH.md,True,2251,,documentation,False,False
docs/archive/MANWE_PHASE4.md,True,8240,,documentation,False,False
docs/archive/MANWE_SINGLE_RUNTIME_CONVERGENCE.md,True,16774,,documentation,False,False
docs/archive/MNEMOSYNE.md,True,1227,,documentation,False,False
docs/archive/OBSERVABILITY_TELEMETRY_CONTRACTS_PLAN.md,True,7477,,documentation,False,False
docs/archive/OPENFANG.md,True,8205,,documentation,False,False
docs/archive/PLATFORM_OS.md,True,4488,,documentation,False,False
docs/archive/PROMETHEUS.md,True,4775,,documentation,False,False
docs/archive/README.md,True,9547,,documentation,False,False
docs/archive/REFACTOR_PLAN.md,True,9665,,documentation,False,False
docs/archive/TRACT_INDEX.json,True,1079,,documentation,False,False
docs/archive/VAIRE_MNEMOSYNE_RECONCEPTUALIZATION.md,True,17772,,documentation,False,False
docs/archive/arda-aule/BASELINE.md,True,2245,,documentation,False,False
docs/archive/arda-aule/DEPENDENCY_AUDIT.md,True,1558,,documentation,False,False
docs/archive/arda-aule/IMPROVEMENT_PLAN.md,True,1427,,documentation,False,False
docs/archive/arda-aule/STEP6_HANDOFF.md,True,1442,,documentation,False,False
docs/archive/arda-hud-visual-pass/03a-boardroom-workstations-assessment.md,True,3821,,documentation,False,False
docs/archive/arda-hud-visual-pass/03b-avatar-cortana-redesign.md,True,5863,,documentation,False,False
docs/archive/arda-mandos-crate-INDEX.md,True,386,,documentation,False,False
docs/archive/arda-mandos-crate-README.md,True,1011,,documentation,False,False
docs/archive/arda-mandos-src-INDEX.md,True,413,,documentation,False,False
docs/archive/arda-mandos-src-README.md,True,412,,documentation,False,False
docs/archive/arda-mandos-tests-INDEX.md,True,332,,documentation,False,False
docs/archive/arda-mandos-tests-README.md,True,416,,documentation,False,False
docs/archive/arda-mandos-transport-INDEX.md,True,354,,documentation,False,False
docs/archive/arda-mandos-transport-README.md,True,428,,documentation,False,False
docs/archive/arda-rumil-adapter-matrix.md,True,5246,,documentation,False,False
docs/archive/arda-rumil-contracts.md,True,6351,,documentation,False,False
docs/archive/arda-varda-tests/INDEX.md.archived-2026-07-16,True,622,,documentation,False,False
docs/archive/arda-varda-tests/README.md.archived-2026-07-16,True,415,,documentation,False,False
docs/archive/arda-varda-tests/ingest.rs.archived-2026-07-16,True,93841,,documentation,False,False
docs/archive/arda-varda-tests/learning_contract_test.rs.archived-2026-07-16,True,1985,,documentation,False,False
docs/archive/arda-varda-tests/local_harness.rs.archived-2026-07-16,True,11808,,documentation,False,False
docs/archive/arda-varda/README.md,True,586,,documentation,False,False
docs/archive/arda-varda/bacon-lite-validation-log-legacy.md,True,77504,,documentation,False,False
docs/archive/arda-varda/design-assessment-2026-06-09.md,True,6158,,documentation,False,False
docs/archive/arda_vaire_avatar_memory_PLAN.md,True,10250,,documentation,False,False
docs/archive/arda_vaire_memory_governance_DESIGN.md,True,16890,,documentation,False,False
docs/archive/charon-manwe-migration-phases.md,True,1370,,documentation,False,False
docs/archive/charon-manwe-migration.md,True,2878,,documentation,False,False
docs/archive/deferred/1.0/2026-07-29-stage-6-legitimate-1.0-plan.md,True,14554,,documentation,False,False
docs/archive/deferred/1.0/2026-08-08-arda-1.0-personal-agent-ecosystem-plan.md,True,99503,,documentation,False,False
docs/archive/deferred/2026-07-29-company-operations-plan.md,True,13196,,documentation,False,False
docs/archive/deferred/2026-07-29-external-product-integration-plan.md,True,22310,,documentation,False,False
docs/archive/deferred/2026-07-29-mirromere-plan.md,True,10245,,documentation,False,False
docs/archive/deferred/MIRROMERE_RELIC_OUTPOST_VISION.md,True,27258,,documentation,False,False
docs/archive/deferred/Mirromere_PRD.md,True,14119,,documentation,False,False
docs/archive/deferred/ambient-agent/03-mirromere-embodied-assistant.md,True,8568,,documentation,False,False
docs/archive/deferred/ambient-agent/04-presence-identity-privacy.md,True,9705,,documentation,False,False
docs/archive/deferred/ambient-agent/05-relic-runtime-embodiment.md,True,7922,,documentation,False,False
docs/archive/deferred/ambient-agent/06-governed-physical-outposts.md,True,10071,,documentation,False,False
docs/archive/deferred/ambient-agent/07-product-validation-commercialization.md,True,11155,,documentation,False,False
docs/archive/deferred/ambient-agent/README.md,True,7875,,documentation,False,False
docs/archive/deferred/ambient-agent/WORKSTREAMS.md,True,4825,,documentation,False,False
docs/archive/digital-organism/00-foundation-salvage-alignment.md,True,3979,,documentation,False,False
docs/archive/digital-organism/01-organism-kernel-bootstrap.md,True,4865,,documentation,False,False
docs/archive/digital-organism/02-node-mesh-and-a2a.md,True,4452,,documentation,False,False
docs/archive/digital-organism/03-adaptive-cognition-and-placement.md,True,4778,,documentation,False,False
docs/archive/digital-organism/04-memory-learning-and-context.md,True,4491,,documentation,False,False
docs/archive/digital-organism/05-homeostasis-governance-and-recovery.md,True,4901,,documentation,False,False
docs/archive/digital-organism/06-arandur-ceo-orchestration.md,True,5269,,documentation,False,False
docs/archive/digital-organism/07-living-mesh-proof.md,True,3187,,documentation,False,False
docs/archive/digital-organism/08-hardware-portability-and-embodiment.md,True,3403,,documentation,False,False
docs/archive/digital-organism/README.md,True,10573,,documentation,False,False
docs/archive/digital-organism/SYNOPSIS.md,True,4640,,documentation,False,False
docs/archive/digital-organism/WORKSTREAMS.md,True,4585,,documentation,False,False
docs/archive/plans/2026-07-27-warden-outpost-scout-stream.md,True,9134,,documentation,False,False
docs/archive/plans/2026-07-27-warden-scout-runtime-integration.md,True,6916,,documentation,False,False
docs/archive/spine-tooling-00-index.md,True,5270,,documentation,False,False
docs/archive/spine-tooling-01-disposition-matrix.md,True,4603,,documentation,False,False
docs/archive/spine-tooling-02-focus-deep-dives.md,True,5574,,documentation,False,False
docs/archive/spine-tooling-03-execution-batches.md,True,10483,,documentation,False,False
docs/archive/spine-tooling-04-crate-audit.md,True,18790,,documentation,False,False
docs/audits/2026-08-06-arda-1.0-plan-estate.md,True,5500,,documentation,False,False
docs/audits/2026-08-06-hud-frontend-backend-integration.md,True,12681,,documentation,False,False
docs/audits/2026-08-08-arda-1.0-vision-to-live-gap-report.md,True,25547,,documentation,False,False
docs/audits/2026-08-11-u6-release-closeout-readiness.md,True,7845,,documentation,False,False
docs/audits/2026-08-13-arda-architecture-review-for-external-review.md,True,26910,,documentation,False,False
docs/audits/2026-08-20-core-arda-usefulness-audit.md,True,9645,,documentation,False,False
docs/audits/2026-08-25-autonomous-system-gap-audit.md,True,11580,,documentation,False,False
docs/audits/2026-08-26-operator-vision-repair-backlog.md,True,25331,,documentation,False,False
docs/audits/2026-08-27-authoritative-context-recovery-backlog.md,True,11842,,documentation,False,False
docs/audits/2026-08-27-continuous-governed-execution-gap-report.md,True,17769,,documentation,False,False
docs/audits/2026-08-27-governed-execution-acceptance-closeout.md,True,2864,,documentation,False,False
docs/audits/2026-08-27-objective-plan-receipt-live-run-closeout.md,True,5000,,documentation,False,False
docs/audits/2026-08-27-objective-plan-receipt-post-remediation-acceptance.md,True,11693,,documentation,False,False
docs/audits/2026-08-27-t2-t5-live-acceptance.md,True,3274,,documentation,False,False
docs/audits/2026-08-30-autonomous-loop-installed-acceptance.md,True,5903,,documentation,False,False
docs/audits/2026-09-07-objective-cutover-revalidation.md,True,6747,,documentation,False,False
docs/audits/2026-09-10-objective-cutover-checkpoint-history.md,True,66565,,documentation,False,False
docs/audits/2026-09-13-legacy-queue-resource-repair.md,True,5468,,documentation,False,False
docs/audits/2026-09-15-active-plan-reconciliation.md,True,9262,,documentation,False,False
docs/audits/autonomous-task-completion-history.md,True,5937,,documentation,False,False
docs/audits/digital-organism-current-flow-trace.md,True,15337,,documentation,False,False
docs/audits/digital-organism-foundation-matrix.md,True,19921,,documentation,False,False
docs/audits/evidence/2026-08-27-governed-audit-queue-through-synthesize-claim.jsonl,True,117775,,documentation,False,False
docs/audits/evidence/2026-08-27-objective-plan-receipt-acceptance-through-terminal.jsonl,True,152133,,documentation,False,False
docs/audits/evidence/2026-08-27-objective-plan-receipt-live-run.json,True,5835,,documentation,False,False
docs/audits/evidence/2026-08-30-autonomous-loop-installed-acceptance-raw.json,True,14801,,documentation,False,False
docs/audits/evidence/2026-08-30-autonomous-loop-installed-acceptance.json,True,3007,,documentation,False,False
docs/audits/evidence/2026-08-30-autonomous-loop-provider-receipts.json,True,36208,,documentation,False,False
docs/benchmarks/coder/qwen2.5-coder-7b-benchmark.md,True,760,,documentation,False,False
docs/contracts/ARDA_ECOSYSTEM_STANDARD_INDEX.md,True,669,,documentation,False,False
docs/contracts/PROVENANCE_AND_ATTRIBUTION.md,True,11753,,documentation,False,False
docs/contracts/PROVIDER_CATALOG.md,True,1447,,documentation,False,False
docs/contracts/arda-ecosystem-standard-track-1-observability.md,True,2236,,documentation,False,False
docs/contracts/arda-ecosystem-standard-track-2-governance.md,True,2366,,documentation,False,False
docs/contracts/arda-ecosystem-standard-track-3-agent-runtime-tooling.md,True,2813,,documentation,False,False
docs/contracts/arda-ecosystem-standard-track-4-evaluation-learning.md,True,2572,,documentation,False,False
docs/evidence/0.9/hud-native-performance-accessibility-baseline-20260814.json,True,14538,,documentation,False,False
docs/evidence/2026-08-09-p2.4-live-phone-acceptance.md,True,5099,,documentation,False,False
docs/evidence/2026-08-09-p3-durable-multi-worker-acceptance.md,True,6323,,documentation,False,False
docs/evidence/2026-08-10-p5.1-live-personal-operations-acceptance.md,True,4403,,documentation,False,False
docs/evidence/2026-08-10-p5.5-personal-operations-dogfood-window.md,True,3072,,documentation,False,False
docs/evidence/stage-4-private-beta/live-provider-golden-events.jsonl,True,6658,,documentation,False,False
docs/evidence/stage-4-private-beta/live-provider-golden-result.json,True,3901,,documentation,False,False
docs/evidence/stage-4-private-beta/live-provider-probe.json,True,788,,documentation,False,False
docs/evidence/stage-4-private-beta/native-tauri-workbench-acceptance.json,True,17746,,documentation,False,False
docs/evidence/stage-4-private-beta/research-chain-live-stage4-research-20260731T181502Z.json,True,5617,,documentation,False,False
docs/evidence/stage-4-private-beta/warden-packaging-preview.json,True,2067,,documentation,False,False
docs/evidence/stage-4-private-beta/workbench-live-provider-run.json,True,9681,,documentation,False,False
docs/evidence/stage-4-private-beta/workstream-6-clean-profile-container-run.json,True,5163,,documentation,False,False
docs/evidence/stage-4-private-beta/workstream-6-host-run.json,True,2796,,documentation,False,False
docs/evidence/stage-5-release-candidate/adapters/conformance.json,True,2396,,documentation,False,False
docs/evidence/stage-5-release-candidate/adapters/external-repository-onboarding.json,True,2726,,documentation,False,False
docs/evidence/stage-5-release-candidate/packaging/SHA256SUMS,True,490,,documentation,False,False
docs/evidence/stage-5-release-candidate/packaging/SHA256SUMS.sigstore.json,True,2822,,documentation,False,False
docs/evidence/stage-5-release-candidate/packaging/appimage-relr-preflight-20260805.md,True,2411,,documentation,False,False
docs/evidence/stage-5-release-candidate/packaging/arda-launcher-0.3.0-rc.0-1.x86_64.rpm.sigstore.json,True,2818,,documentation,False,False
docs/evidence/stage-5-release-candidate/packaging/arda-launcher_0.3.0-rc.0_amd64.AppImage.sigstore.json,True,2728,,documentation,False,False
docs/evidence/stage-5-release-candidate/packaging/arda-launcher_0.3.0-rc.0_amd64.deb.sigstore.json,True,2728,,documentation,False,False
docs/evidence/stage-5-release-candidate/packaging/arda-stage5-rc-cosign.pub,True,178,,documentation,False,False
docs/evidence/stage-5-release-candidate/packaging/linux-package-reproducibility.json,True,2426,,documentation,False,False
docs/evidence/stage-5-release-candidate/packaging/packaging-summary.json,True,3393,,documentation,False,False
docs/evidence/stage-5-release-candidate/packaging/production-signing-activation.json,True,3978,,documentation,False,False
docs/evidence/stage-5-release-candidate/packaging/publisher-identity-decision.json,True,2852,,documentation,False,False
docs/evidence/stage-5-release-candidate/packaging/release-bundle-manifest.json,True,2208,,documentation,False,False
docs/evidence/stage-5-release-candidate/packaging/release-bundle-manifest.json.sigstore.json,True,2724,,documentation,False,False
docs/evidence/stage-5-release-candidate/packaging/release-sbom.json,True,124297,,documentation,False,False
docs/evidence/stage-5-release-candidate/packaging/release-sbom.json.sigstore.json,True,2724,,documentation,False,False
docs/evidence/stage-5-release-candidate/packaging/remote-signed-artifact-reconciliation-20260806.json,True,3638,,documentation,False,False
docs/evidence/stage-5-release-candidate/packaging/remote-signed-artifact-reconciliation-v0.3.0-rc.1-20260811.json,True,2488,,documentation,False,False
docs/evidence/stage-5-release-candidate/packaging/sbom-result.json,True,107,,documentation,False,False
docs/evidence/stage-5-release-candidate/release-policy/operator-release-profile-decision-20260811.json,True,1495,,documentation,False,False
docs/evidence/stage-5-release-candidate/reliability/native-launcher-dmabuf-disabled-stress.json,True,5988,,documentation,False,False
docs/evidence/stage-5-release-candidate/reliability/native-launcher-metrics.json,True,5962,,documentation,False,False
docs/evidence/stage-5-release-candidate/reliability/native-launcher-walkthrough.json,True,2387,,documentation,False,False
docs/evidence/stage-5-release-candidate/reliability/performance-accessibility.json,True,3984,,documentation,False,False
docs/evidence/stage-5-release-candidate/reliability/soak-24h-final-efd118b5-20260807-assessment.md,True,1672,,documentation,False,False
docs/evidence/stage-5-release-candidate/reliability/soak-24h-final-efd118b5-20260807.json,True,4512,,documentation,False,False
docs/evidence/stage-5-release-candidate/reliability/soak-24h-rerun-20260803.json,True,6791,,documentation,False,False
docs/evidence/stage-5-release-candidate/reliability/soak-24h-u3-20260805-assessment.md,True,2560,,documentation,False,False
docs/evidence/stage-5-release-candidate/reliability/soak-24h-u3-20260805.json,True,6141,,documentation,False,False
docs/evidence/stage-5-release-candidate/reliability/soak-24h.json,True,6743,,documentation,False,False
docs/evidence/stage-5-release-candidate/reliability/soak-smoke-final.json,True,2371,,documentation,False,False
docs/evidence/stage-5-release-candidate/reliability/soak-smoke.json,True,1735,,documentation,False,False
docs/evidence/stage-5-release-candidate/reliability/u3-degradation-smoke-20260804.json,True,4489,,documentation,False,False
docs/evidence/stage-5-release-candidate/reliability/u4-lifecycle-local-20260804.json,True,1371,,documentation,False,False
docs/evidence/stage-5-release-candidate/reliability/u4-local-v0.3.0-rc.1-lifecycle-20260811.json,True,1357,,documentation,False,False
docs/evidence/stage-5-release-candidate/reliability/u4-signed-v0.3.0-rc.0-lifecycle-20260811.json,True,1746,,documentation,False,False
docs/evidence/stage-5-release-candidate/reliability/u4-signed-v0.3.0-rc.1-lifecycle-20260811.json,True,1644,,documentation,False,False
docs/evidence/stage-5-release-candidate/s5-rc0/SHA256SUMS,True,168,,documentation,False,False
docs/evidence/stage-5-release-candidate/s5-rc0/boundary-recovery-result.json,True,480,,documentation,False,False
docs/evidence/stage-5-release-candidate/s5-rc0/candidate-diagnostics-receipt.json,True,260,,documentation,False,False
docs/evidence/stage-5-release-candidate/s5-rc0/candidate-installed-diagnostics.json,True,5537,,documentation,False,False
docs/evidence/stage-5-release-candidate/s5-rc0/candidate-upgrade.json,True,946,,documentation,False,False
docs/evidence/stage-5-release-candidate/s5-rc0/manifest-reproducibility.json,True,547,,documentation,False,False
docs/evidence/stage-5-release-candidate/s5-rc0/post-run-backup.json,True,219,,documentation,False,False
docs/evidence/stage-5-release-candidate/s5-rc0/release-manifest-receipt.json,True,493,,documentation,False,False
docs/evidence/stage-5-release-candidate/s5-rc0/release-manifest.json,True,1761,,documentation,False,False
docs/evidence/stage-5-release-candidate/s5-rc0/rollback-diagnostics-receipt.json,True,259,,documentation,False,False
docs/evidence/stage-5-release-candidate/s5-rc0/rollback-proof.json,True,299,,documentation,False,False
docs/evidence/stage-5-release-candidate/s5-rc0/s5-rc0-summary.json,True,861,,documentation,False,False
docs/evidence/stage-5-release-candidate/s5-rc0/stage4-baseline-install.json,True,435,,documentation,False,False
docs/evidence/stage-5-release-candidate/s5-rc0/supported-profile.json,True,538,,documentation,False,False
docs/evidence/stage-5-release-candidate/s5-rc0/workbench-fixture-proof.json,True,383,,documentation,False,False
docs/evidence/stage-5-release-candidate/security/a59e135a-release-audit-20260805.md,True,6391,,documentation,False,False
docs/evidence/stage-5-release-candidate/security/cargo-audit.json,True,24822,,documentation,False,False
docs/evidence/stage-5-release-candidate/security/glib-0185-backport-spike-20260805.md,True,4219,,documentation,False,False
docs/evidence/stage-5-release-candidate/security/history-sanitation-20260806.md,True,2838,,documentation,False,False
docs/evidence/stage-5-release-candidate/security/pnpm-audit-hud.json,True,310,,documentation,False,False
docs/evidence/stage-5-release-candidate/security/pnpm-audit-launcher.json,True,310,,documentation,False,False
docs/evidence/stage-5-release-candidate/security/pnpm-audit.json,True,550,,documentation,False,False
docs/evidence/stage-5-release-candidate/security/security-summary.json,True,1759,,documentation,False,False
docs/evidence/stage-5-release-candidate/security/tauri-gtk-migration-preflight-20260805.md,True,8049,,documentation,False,False
docs/evidence/stage-5-release-candidate/support/missing-launcher.tar.gz,True,1530,,documentation,False,False
docs/evidence/stage-5-release-candidate/support/missing-provider-endpoint.tar.gz,True,1529,,documentation,False,False
docs/evidence/stage-5-release-candidate/support/native-dependency-failure.tar.gz,True,1517,,documentation,False,False
docs/evidence/stage-5-release-candidate/support/support-exercise.json,True,1362,,documentation,False,False
docs/evidence/stage-6-1.0/release-policy/operator-release-profile-decision-20260811.json,True,1404,,documentation,False,False
docs/evidence/stage-6-1.0/stage5-rc1-signature-revalidation-20260812.json,True,1680,,documentation,False,False
docs/evidence/stage-6-1.0/u6-audit-and-preflight-20260812.md,True,3475,,documentation,False,False
docs/evidence/workbench-stage-4/boundary-recovery-result.json,True,480,,documentation,False,False
docs/evidence/workbench-stage-4/python-golden-result.json,True,7979,,documentation,False,False
docs/evidence/workbench-stage-4/rust-golden-result.json,True,7869,,documentation,False,False
docs/infographics/arda-system/01-architecture-atlas.html,True,12256,,documentation,False,False
docs/infographics/arda-system/02-operating-loop.html,True,7590,,documentation,False,False
docs/infographics/arda-system/03-capability-map.html,True,6835,,documentation,False,False
docs/infographics/arda-system/04-addition-horizons.html,True,8108,,documentation,False,False
docs/infographics/arda-system/README.md,True,2054,,documentation,False,False
docs/infographics/arda-system/index.html,True,5150,,documentation,False,False
docs/migrations/company-operations-legacy-config.md,True,1378,,documentation,False,False
docs/operations/RUMIL_NIGHTLY_HYGIENE.md,True,7067,,documentation,False,False
docs/operations/hermes-continuity-extension-audit.md,True,5206,,documentation,False,False
docs/operations/hermes-continuity-handoff-acceptance.md,True,5283,,documentation,False,False
docs/operations/launcher-local-runtime-acceptance.md,True,6091,,documentation,False,False
docs/operations/personal-operations-private-alpha-acceptance.md,True,4604,,documentation,False,False
docs/operations/relic-citadel-presence.md,True,15993,,documentation,False,False
docs/operator/alpha-tester-handoff.md,True,3293,,documentation,False,False
docs/operator/company-view.md,True,2257,,documentation,False,False
docs/operator/index.md,True,874,,documentation,False,False
docs/operator/library/athena/sources/src_0f190392.md,True,598,,documentation,False,False
docs/operator/library/athena/sources/src_16c075a2.md,True,2281,,documentation,False,False
docs/operator/library/athena/sources/src_279bd805.md,True,934,,documentation,False,False
docs/operator/library/athena/sources/src_284bddb9.md,True,710,,documentation,False,False
docs/operator/library/athena/sources/src_2a46e1ab.md,True,620,,documentation,False,False
docs/operator/library/athena/sources/src_3c43db4d.md,True,892,,documentation,False,False
docs/operator/library/athena/sources/src_468164e7.md,True,866,,documentation,False,False
docs/operator/library/athena/sources/src_50671138.md,True,714,,documentation,False,False
docs/operator/library/athena/sources/src_533bb23a.md,True,888,,documentation,False,False
docs/operator/library/athena/sources/src_63b18f65.md,True,710,,documentation,False,False
docs/operator/library/athena/sources/src_785f5e90.md,True,604,,documentation,False,False
docs/operator/library/athena/sources/src_789b7ca8.md,True,633,,documentation,False,False
docs/operator/library/athena/sources/src_78ababb7.md,True,710,,documentation,False,False
docs/operator/library/athena/sources/src_7afb5452.md,True,966,,documentation,False,False
docs/operator/library/athena/sources/src_811252a7.md,True,620,,documentation,False,False
docs/operator/library/athena/sources/src_8417aee8.md,True,911,,documentation,False,False
docs/operator/library/athena/sources/src_84eacbc2.md,True,618,,documentation,False,False
docs/operator/library/athena/sources/src_9335d6a0.md,True,966,,documentation,False,False
docs/operator/library/athena/sources/src_96b69c3b.md,True,596,,documentation,False,False
docs/operator/library/athena/sources/src_9e2d5d03.md,True,908,,documentation,False,False
docs/operator/library/athena/sources/src_a094eaa5.md,True,588,,documentation,False,False
docs/operator/library/athena/sources/src_a2fa8fbc.md,True,618,,documentation,False,False
docs/operator/library/athena/sources/src_a39e1393.md,True,3148,,documentation,False,False
docs/operator/library/athena/sources/src_abde1902.md,True,606,,documentation,False,False
docs/operator/library/athena/sources/src_acb9cf74.md,True,636,,documentation,False,False
docs/operator/library/athena/sources/src_b4a98f51.md,True,954,,documentation,False,False
docs/operator/library/athena/sources/src_be8ce713.md,True,638,,documentation,False,False
docs/operator/library/athena/sources/src_cbde3f74.md,True,950,,documentation,False,False
docs/operator/library/athena/sources/src_cc563bfe.md,True,636,,documentation,False,False
docs/operator/library/athena/sources/src_d031c5b4.md,True,1453,,documentation,False,False
docs/operator/library/athena/sources/src_d46d1480.md,True,3154,,documentation,False,False
docs/operator/library/athena/sources/src_d50473ac.md,True,612,,documentation,False,False
docs/operator/library/athena/sources/src_d89a82e3.md,True,963,,documentation,False,False
docs/operator/library/athena/sources/src_df11630e.md,True,1688,,documentation,False,False
docs/operator/library/athena/sources/src_df615b81.md,True,714,,documentation,False,False
docs/operator/library/athena/sources/src_e2ebd91e.md,True,710,,documentation,False,False
docs/operator/library/athena/sources/src_e3e5b607.md,True,895,,documentation,False,False
docs/operator/library/athena/sources/src_e734849d.md,True,888,,documentation,False,False
docs/operator/library/athena/sources/src_e86c12d4.md,True,574,,documentation,False,False
docs/operator/library/athena/sources/src_ea7a1c0f.md,True,903,,documentation,False,False
docs/operator/library/athena/sources/src_ecdd327c.md,True,960,,documentation,False,False
docs/operator/library/athena/sources/src_ed6eb429.md,True,886,,documentation,False,False
docs/operator/library/athena/sources/src_f922db12.md,True,524,,documentation,False,False
docs/operator/library/athena/sources/src_f9a58f56.md,True,580,,documentation,False,False
docs/operator/library/athena/sources/src_fa7cd80c.md,True,600,,documentation,False,False
docs/operator/library/governance/aipkg.md,True,2413,,documentation,False,False
docs/operator/library/governance/aipkg_developer.md,True,1114,,documentation,False,False
docs/operator/library/governance/aipkg_safety.md,True,1278,,documentation,False,False
docs/operator/library/governance/bacon_lite.md,True,766665,,documentation,False,False
docs/operator/onboard.md,True,2160,,documentation,False,False
docs/operator/overrides.md,True,822,,documentation,False,False
docs/operator/philosophy.md,True,728,,documentation,False,False
docs/operator/private-beta-evaluator-guide.md,True,4704,,documentation,False,False
docs/operator/private-beta-install-recovery.md,True,13055,,documentation,False,False
docs/operator/release-candidate-packaging-signing.md,True,8835,,documentation,False,False
docs/operator/stage-5-independent-evaluator-guide.md,True,6395,,documentation,False,False
docs/operator/stage-5-support-policy.md,True,5694,,documentation,False,False
docs/operator/templates/alpha-tester-record.json,True,1333,,documentation,False,False
docs/operator/templates/stage-4-invited-evaluator-record.json,True,1938,,documentation,False,False
docs/operator/templates/stage-5-independent-evaluator-record.json,True,3402,,documentation,False,False
docs/operator/warden-varda-external-lane.md,True,5294,,documentation,False,False
docs/operator/workbench-stage-4-golden.md,True,5613,,documentation,False,False
docs/plans/ARDA_PRODUCT_PLAN_SUITE.md,True,7427,,documentation,False,False
docs/plans/ARDA_WHOLE_SYSTEM_COMPLETION_PROGRAM.md,True,15464,,documentation,False,False
docs/plans/BookIdea.md,True,7801,,documentation,False,False
docs/plans/CONNECTED_PROJECT_FABRIC.md,True,10386,,documentation,False,False
docs/plans/DAILY_RESEARCH_IMPROVEMENT_LOOP.md,True,7473,,documentation,False,False
docs/plans/PERSONAL_SYSTEM_EXPERIENCE.md,True,10039,,documentation,False,False
docs/plans/PROVIDER_WORKER_CONVERGENCE.md,True,5162,,documentation,False,False
docs/plans/Rosetta_lens_app_idea.md,True,8341,,documentation,False,False
docs/plans/archive/2026-09-17-f1-inventory/EREGION_PHYSICAL_ROOT_INVENTORY.md,True,9235,,documentation,False,False
docs/plans/archive/2026-09-17-f2-reconciliation/BUSINESS_APPS_RECONCILIATION.md,True,20281,,documentation,False,False
docs/plans/archive/2026-09-17-f2-reconciliation/REMAINING_14_RECONCILIATION.md,True,31628,,documentation,False,False
docs/plans/archive/2026-09-17-f3-contracts/BUSINESS_APPS_CONTRACTS.md,True,28598,,documentation,False,False
docs/plans/archive/2026-09-17-f3-contracts/F3_BUSINESS_ATTACHMENTS.json,True,26099,,documentation,False,False
docs/plans/archive/2026-09-17-f3-contracts/F3_BUSINESS_ATTACHMENTS_FIXED.json,True,25065,,documentation,False,False
docs/plans/archive/2026-09-17-f3-contracts/REMAINING_14_CONTRACTS.md,True,58044,,documentation,False,False
docs/plans/archive/2026-09-17-f4-proof-demo-separation/SEPARATION.md,True,5774,,documentation,False,False
docs/plans/archive/2026-09-17-f5-rumil-supply/RUMIL_SUPPLY.md,True,9653,,documentation,False,False
docs/plans/archive/2026-09-17-f6-cross-project-deps/CROSS_PROJECT_DEPENDENCIES.md,True,4394,,documentation,False,False
docs/plans/archive/2026-09-17-f7-soterion-metadata/SOTERION_METADATA.md,True,4868,,documentation,False,False
docs/plans/arda-hud-visual-pass/README.md,True,3684,,documentation,False,False
docs/plans/autonomous-task-completion/M2_SCHEDULING_AND_RESTART.md,True,2687,,documentation,False,False
docs/plans/autonomous-task-completion/M3_LIVE_CRITIC_REVISION.md,True,2654,,documentation,False,False
docs/plans/autonomous-task-completion/M4_REAL_MULTI_PROJECT.md,True,13606,,documentation,False,False
docs/plans/autonomous-task-completion/M5_VAIRE_CONTINUITY.md,True,2382,,documentation,False,False
docs/plans/autonomous-task-completion/README.md,True,12029,,documentation,False,False
docs/releases/0.9/BASELINE.md,True,7054,,documentation,False,False
docs/releases/stage-4-workbench-phase-4-evidence.md,True,4745,,documentation,False,False
docs/releases/stage-5-release-candidate-evidence.md,True,15263,,documentation,False,False
docs/research/2026-07-30-mirromere-relic-provenance-audit.md,True,7440,,documentation,False,False
docs/root-daemon.md,True,6532,,documentation,False,False
docs/scripts/docs_health.sh,True,1023,39,documentation,False,False
docs/security/payment-rail-security-gate.md,True,4267,,documentation,False,False
docs/security/personal-operations-privacy-review.md,True,5732,,documentation,False,False
docs/security/stage-5-threat-model.md,True,4865,,documentation,False,False
integrations/hermes/arda-presentation/README.md,True,3945,,documentation,False,False
integrations/hermes/arda-presentation/__init__.py,True,7229,131,source,False,False
integrations/hermes/arda-presentation/plugin.yaml,True,171,,config_asset_or_other,False,False
integrations/hermes/arda-presentation/test_plugin.py,True,1952,41,source,False,False
manwe.toml,True,293,,config_asset_or_other,False,False
meta/soterion_sigils.yaml,True,7205,,config_asset_or_other,False,False
metrics/arda_projection_last_success.prom,True,210,,runtime_or_personal_data,False,False
outposts/README.md,True,392,,documentation,False,False
outposts/arda-outpost-protocol/BREAKDOWN.md,True,4139,,documentation,False,False
outposts/arda-outpost-protocol/Cargo.toml,True,393,,config_asset_or_other,False,False
outposts/arda-outpost-protocol/INDEX.md,True,1203,,documentation,False,False
outposts/arda-outpost-protocol/OWNERSHIP.md,True,1417,,documentation,False,False
outposts/arda-outpost-protocol/README.md,True,3462,,documentation,False,False
outposts/arda-outpost-protocol/STATUS.md,True,1910,,documentation,False,False
outposts/arda-outpost-protocol/src/access.rs,True,3417,115,source,False,False
outposts/arda-outpost-protocol/src/authority.rs,True,1090,34,source,False,False
outposts/arda-outpost-protocol/src/error.rs,True,604,19,source,False,False
outposts/arda-outpost-protocol/src/lib.rs,True,2661,56,source,False,False
outposts/arda-outpost-protocol/src/mirromere.rs,True,13334,431,source,False,False
outposts/arda-outpost-protocol/src/observation.rs,True,6379,203,source,False,False
outposts/arda-outpost-protocol/src/presence.rs,True,5746,195,source,False,False
outposts/arda-outpost-protocol/src/queue.rs,True,6005,212,source,False,False
outposts/arda-outpost-protocol/src/research.rs,True,18185,501,source,False,False
outposts/arda-outpost-protocol/src/research_beta.rs,True,9000,260,source,False,False
outposts/arda-outpost-protocol/src/watchlist.rs,True,9528,299,source,False,False
outposts/arda-outpost-protocol/tests/fixtures/poisoned_source.html,True,196,,config_asset_or_other,False,False
outposts/arda-outpost-protocol/tests/mirromere_surface.rs,True,4791,143,source,False,False
outposts/arda-outpost-protocol/tests/observation_authority.rs,True,5012,139,source,False,False
outposts/arda-outpost-protocol/tests/observation_feedback.rs,True,1391,42,source,False,False
outposts/arda-outpost-protocol/tests/queue_generate_consume.rs,True,3332,100,source,False,False
outposts/arda-outpost-protocol/tests/research_beta_fixtures.rs,True,1311,39,source,False,False
outposts/arda-outpost-protocol/tests/research_receipt_cursor.rs,True,806,20,source,False,False
outposts/arda-outpost-protocol/tests/research_receipt_ledger.rs,True,1869,50,source,False,False
outposts/arda-outpost-protocol/tests/research_receipts.rs,True,2679,76,source,False,False
outposts/arda-outpost-protocol/tests/research_suggestion_ledger.rs,True,1148,36,source,False,False
outposts/arda-outpost-protocol/tests/runtime_presence.rs,True,3879,118,source,False,False
outposts/arda-outpost-protocol/tests/watchlist_contract.rs,True,4000,104,source,False,False
outposts/arda-outpost-scout/BREAKDOWN.md,True,5359,,documentation,False,False
outposts/arda-outpost-scout/Cargo.toml,True,866,,config_asset_or_other,False,False
outposts/arda-outpost-scout/INDEX.md,True,1726,,documentation,False,False
outposts/arda-outpost-scout/OWNERSHIP.md,True,1620,,documentation,False,False
outposts/arda-outpost-scout/README.md,True,6425,,documentation,False,False
outposts/arda-outpost-scout/STATUS.md,True,3736,,documentation,False,False
outposts/arda-outpost-scout/src/audit.rs,True,20293,570,source,False,False
outposts/arda-outpost-scout/src/error.rs,True,407,15,source,False,False
outposts/arda-outpost-scout/src/lib.rs,True,875,26,source,False,False
outposts/arda-outpost-scout/src/main.rs,True,7153,239,source,False,False
outposts/arda-outpost-scout/src/memory.rs,True,18052,513,source,False,False
outposts/arda-outpost-scout/src/observation.rs,True,4605,154,source,False,False
outposts/arda-outpost-scout/src/research.rs,True,6804,204,source,False,False
outposts/arda-outpost-scout/src/runtime.rs,True,12743,411,source,False,False
outposts/arda-outpost-scout/src/suggestion.rs,True,6480,220,source,False,False
outposts/arda-outpost-scout/src/survey.rs,True,5970,184,source,False,False
outposts/arda-outpost-scout/tests/memory_fixtures.rs,True,8299,217,source,False,False
outposts/arda-outpost-scout/tests/observation_fixtures.rs,True,1794,58,source,False,False
outposts/arda-outpost-scout/tests/research_fixtures.rs,True,5493,144,source,False,False
outposts/arda-outpost-scout/tests/rumil_audit_contract.rs,True,6508,180,source,False,False
outposts/arda-outpost-scout/tests/rumil_runtime_api.rs,True,7275,194,source,False,False
outposts/arda-outpost-scout/tests/runtime_api.rs,True,11429,288,source,False,False
outposts/arda-outpost-scout/tests/runtime_cli.rs,True,395,13,source,False,False
outposts/arda-outpost-scout/tests/survey_fixtures.rs,True,1253,34,source,False,False
outposts/arda-relic-bridge/Cargo.toml,True,381,,config_asset_or_other,False,False
outposts/arda-relic-bridge/src/bin/arda-relic-presence-sync.rs,True,2795,86,source,False,False
outposts/arda-relic-bridge/src/lib.rs,True,7662,224,source,False,False
outposts/arda-relic-bridge/src/scene_adapter.rs,True,9826,298,source,False,False
packages/arda-mirromere-ui/package.json,True,383,,config_asset_or_other,False,False
packages/arda-mirromere-ui/pnpm-lock.yaml,True,36278,,config_asset_or_other,False,False
packages/arda-mirromere-ui/src/contract.ts,True,13369,288,source,False,False
packages/arda-mirromere-ui/src/index.ts,True,79,3,source,False,False
packages/arda-mirromere-ui/src/policy.ts,True,4785,112,source,False,False
packages/arda-mirromere-ui/src/renderer.ts,True,7866,181,source,False,False
packages/arda-mirromere-ui/tests/contract.test.ts,True,4597,106,source,False,False
packages/arda-mirromere-ui/tests/fixtures.ts,True,686,9,source,False,False
packages/arda-mirromere-ui/tests/policy.test.ts,True,4988,123,source,False,False
packages/arda-mirromere-ui/tests/renderer.test.ts,True,1948,47,source,False,False
packages/arda-mirromere-ui/tsconfig.json,True,286,,config_asset_or_other,False,False
scripts/__pycache__/benchmark_local_model.cpython-314.pyc,True,50410,,config_asset_or_other,False,False
scripts/__pycache__/run_model_shootout.cpython-314.pyc,True,18561,,config_asset_or_other,False,False
scripts/aipkg/test_validate_spec.py,True,1635,47,source,False,False
scripts/aipkg/validate_spec.py,True,7014,207,source,False,False
scripts/arda-varda-external-lane-import.sh,True,330,14,source,False,False
scripts/arda_adapter_ops.py,True,7544,179,source,False,False
scripts/arda_appimage.py,True,5308,150,source,False,False
scripts/arda_beta_ops.py,True,49201,1200,source,False,False
scripts/arda_release_ops.py,True,13396,349,source,False,False
scripts/arda_reproducible_packages.py,True,8110,199,source,False,False
scripts/audit/portability_audit.py,True,16095,486,source,False,False
scripts/audit/repeated_audit.py,True,21897,443,source,False,False
scripts/audit/setup_console_audit.py,True,17186,450,source,False,False
scripts/audit/system_audit.py,True,30750,641,source,False,False
scripts/benchmark_local_model.py,True,31877,694,source,False,False
scripts/check_manwe_inference.sh,True,2003,54,source,False,False
scripts/check_release_provenance.py,True,2648,70,source,False,False
scripts/check_task_queue_append_only.sh,True,3284,99,source,False,False
scripts/configure-retained-runtime.py,True,10333,209,source,False,False
scripts/deploy_relic_citadel.sh,True,4028,97,source,False,False
scripts/hades_nightly_operations.py,True,9648,277,source,False,False
scripts/install_arda_automation_units.sh,True,6422,201,source,False,False
scripts/install_arda_metrics_exporter.sh,True,2298,63,source,False,False
scripts/install_arda_mirromere.sh,True,1029,21,source,False,False
scripts/install_arda_user_units.sh,True,5069,161,source,False,False
scripts/launch_arda_hud.sh,True,3063,100,source,False,False
scripts/launch_arda_mirromere.sh,True,350,12,source,False,False
scripts/monitor_queue_hygiene.sh,True,1706,41,source,False,False
scripts/package_arda_hud.sh,True,6073,179,source,False,False
scripts/package_arda_mirromere.sh,True,1898,42,source,False,False
scripts/pi5_outpost_restart.sh,True,8996,258,source,False,False
scripts/pi5_outpost_status.sh,True,7103,218,source,False,False
scripts/pi5_warden_scout_delivery.sh,True,17068,439,source,False,False
scripts/profile_arda_hud_native.py,True,6862,205,source,False,False
scripts/refresh_provider_intelligence.py,True,27785,758,source,False,False
scripts/relic_citadel_soak.py,True,7154,178,source,False,False
scripts/relic_presence_sync.sh,True,2538,60,source,False,False
scripts/rumil_markdown_link_check.py,True,6914,222,source,False,False
scripts/rumil_nightly_hygiene.py,True,12653,218,source,False,False
scripts/rumil_organization_maintenance.sh,True,1859,65,source,False,False
scripts/rumil_storage_hygiene_audit.py,True,10730,282,source,False,False
scripts/run_model_shootout.py,True,10185,224,source,False,False
scripts/runtime/nanoclaw_runtime.sh,True,7095,249,source,False,False
scripts/runtime_build_env.sh,True,1554,42,source,False,False
scripts/smoke_manwe_production.py,True,14573,362,source,False,False
scripts/stage5_reliability_soak.py,True,17134,353,source,False,False
scripts/stage5_support_exercise.py,True,6651,179,source,False,False
scripts/stage5_u4_lifecycle.py,True,9514,223,source,False,False
scripts/systemd_user_verify.sh,True,471,15,source,False,False
scripts/task-pivot.sh,True,257,6,source,False,False
scripts/test_configure_retained_runtime.py,True,3359,69,source,False,False
scripts/test_install_arda_automation_units.sh,True,6707,150,source,False,False
scripts/test_keeper_managed_reconciliation.py,True,4973,87,source,False,False
scripts/test_retired_task_pivot.py,True,1485,38,source,False,False
scripts/tests/pi5_outpost_helpers_test.sh,True,6227,204,source,False,False
scripts/tests/test_arda_reproducible_packages.py,True,4899,134,source,False,False
scripts/tests/test_glib_backport.py,True,1622,45,source,False,False
scripts/uninstall_arda_mirromere.sh,True,726,18,source,False,False
scripts/update_arda_metric.sh,True,669,18,source,False,False
scripts/validate_athena_ledger.sh,True,1381,43,source,False,False
scripts/verify-captured-namespace.py,True,4756,116,source,False,False
scripts/verify_arda_hud.sh,True,635,22,source,False,False
scripts/verify_arda_launcher_desktop.py,True,1659,41,source,False,False
scripts/verify_arda_metrics_exporter.sh,True,2473,62,source,False,False
scripts/verify_arda_mirromere_unit.sh,True,796,23,source,False,False
scripts/verify_arda_user_units.sh,True,4755,120,source,False,False
scripts/verify_glib_0185_backport.py,True,3050,89,source,False,False
scripts/verify_relic_citadel.sh,True,2636,58,source,False,False
scripts/workbench/run-stage-4-golden.sh,True,982,32,source,False,False
sdk/README.md,True,3147,,documentation,False,False
sdk/javascript/package.json,True,291,,config_asset_or_other,False,False
sdk/javascript/src/index.js,True,1874,58,source,False,False
sdk/javascript/src/index.test.js,True,1055,42,source,False,False
sdk/python/arda_project_adapter/__init__.py,True,324,17,source,False,False
sdk/python/arda_project_adapter/__pycache__/__init__.cpython-312.pyc,True,433,,config_asset_or_other,False,False
sdk/python/arda_project_adapter/__pycache__/server.cpython-312.pyc,True,20496,,config_asset_or_other,False,False
sdk/python/arda_project_adapter/server.py,True,14719,406,source,False,False
sdk/python/tests/test_conformance.py,True,8699,242,source,False,False
sdk/rust/Cargo.toml,True,299,,config_asset_or_other,False,False
sdk/rust/src/lib.rs,True,4378,149,source,False,False
services.toml,True,3086,,config_asset_or_other,False,False
spec/agent-state-contract.md,True,13845,,documentation,False,False
spec/aipkg/v0.1/AIPKG-CONTAINER-v0.1.md,True,2193,,documentation,False,False
spec/aipkg/v0.1/execution-request.schema.json,True,661,,config_asset_or_other,False,False
spec/aipkg/v0.1/manifest.example.json,True,717,,config_asset_or_other,False,False
spec/aipkg/v0.1/manifest.schema.json,True,2199,,config_asset_or_other,False,False
spec/aipkg/v0.1/receipt.schema.json,True,3158,,config_asset_or_other,False,False
spec/aipkg/v0.1/receipt.schema.md,True,2339,,documentation,False,False
spec/capability-composition/v1/capability-composition.schema.json,True,6355,,config_asset_or_other,False,False
spec/capability-composition/v1/fixtures/invalid-authority-escalation.json,True,1339,,config_asset_or_other,False,False
spec/capability-composition/v1/fixtures/invalid-sensitive-egress.json,True,1422,,config_asset_or_other,False,False
spec/capability-composition/v1/fixtures/valid-council-assisted-project.json,True,2012,,config_asset_or_other,False,False
spec/capability-composition/v1/fixtures/valid-personal-objective.json,True,1939,,config_asset_or_other,False,False
spec/capability-composition/v1/fixtures/valid-software-project.json,True,2144,,config_asset_or_other,False,False
spec/company-adapter/v1/protocol.md,True,1608,,documentation,False,False
spec/company-ops/v1/company-ops.schema.json,True,1432,,config_asset_or_other,False,False
spec/council-run/v1/council-run.schema.json,True,3704,,config_asset_or_other,False,False
spec/council-run/v1/fixtures/valid-independent-disagreement.json,True,2986,,config_asset_or_other,False,False
spec/external-capability/v1/external-capability.schema.json,True,9400,,config_asset_or_other,False,False
spec/external-capability/v1/fixtures/invalid-duplicate-authority.json,True,1711,,config_asset_or_other,False,False
spec/external-capability/v1/fixtures/valid-hermes-workbench.json,True,2378,,config_asset_or_other,False,False
spec/hud-convergence/v1/README.md,True,7864,,documentation,False,False
spec/hud-convergence/v1/fixtures/invalid-client-authority.json,True,1051,,config_asset_or_other,False,False
spec/hud-convergence/v1/fixtures/valid-shared-contract.json,True,6142,,config_asset_or_other,False,False
spec/hud-convergence/v1/hud-frontend-backend-contract.schema.json,True,9806,,config_asset_or_other,False,False
spec/mirromere-surface/v1/fixtures/ambient-idle.json,True,1260,,config_asset_or_other,False,False
spec/mirromere-surface/v1/fixtures/continuity-handoff-ready.json,True,1498,,config_asset_or_other,False,False
spec/mirromere-surface/v1/fixtures/system-degraded.json,True,1469,,config_asset_or_other,False,False
spec/mirromere-surface/v1/mirromere-surface.schema.json,True,6785,,config_asset_or_other,False,False
spec/monitor-session-contract/v1/fixtures/valid-monitor-session-contract.json,True,1591,,config_asset_or_other,False,False
spec/monitor-session-contract/v1/fixtures/valid-monitor-session-registry.json,True,1086,,config_asset_or_other,False,False
spec/monitor-session-contract/v1/monitor-session-contract.schema.json,True,3040,,config_asset_or_other,False,False
spec/operator-projection/v1/README.md,True,2569,,documentation,False,False
spec/operator-projection/v1/fixtures/valid-operator-projection.json,True,3201,,config_asset_or_other,False,False
spec/operator-session/v1/fixtures/invalid-replayed-approval.json,True,1663,,config_asset_or_other,False,False
spec/operator-session/v1/fixtures/valid-approval-response.json,True,1723,,config_asset_or_other,False,False
spec/operator-session/v1/fixtures/valid-phone-capture.json,True,1814,,config_asset_or_other,False,False
spec/operator-session/v1/operator-session.schema.json,True,6923,,config_asset_or_other,False,False
spec/payment-capability/v1/README.md,True,2158,,documentation,False,False
spec/payment-capability/v1/fixtures/offline-x402.json,True,4114,,config_asset_or_other,False,False
spec/personal-ops/v1/event-contract.md,True,3707,,documentation,False,False
spec/personal-ops/v1/personal-ops.schema.json,True,5828,,config_asset_or_other,False,False
spec/project-adapter/v1/messages.schema.json,True,7664,,config_asset_or_other,False,False
spec/project-adapter/v1/protocol.md,True,5545,,documentation,False,False
spec/project-contract/v1/examples/javascript-project.json,True,751,,config_asset_or_other,False,False
spec/project-contract/v1/examples/python-project.json,True,770,,config_asset_or_other,False,False
spec/project-contract/v1/examples/rust-project.json,True,778,,config_asset_or_other,False,False
spec/project-contract/v1/fixtures/invalid-project-contract.json,True,504,,config_asset_or_other,False,False
spec/project-contract/v1/fixtures/invalid-schema-version.json,True,493,,config_asset_or_other,False,False
spec/project-contract/v1/fixtures/valid-project-contract.json,True,854,,config_asset_or_other,False,False
spec/project-contract/v1/fixtures/workspace-root-cases.json,True,497,,config_asset_or_other,False,False
spec/project-contract/v1/project-contract.schema.json,True,3368,,config_asset_or_other,False,False
spec/run-event/v1/fixtures/expected-projection.json,True,2041,,config_asset_or_other,False,False
spec/run-event/v1/fixtures/replay-events.jsonl,True,2358,,config_asset_or_other,False,False
spec/run-graph/v1/fixtures/invalid-run-graph.json,True,738,,config_asset_or_other,False,False
spec/run-graph/v1/fixtures/invalid-schema-version.json,True,267,,config_asset_or_other,False,False
spec/run-graph/v1/fixtures/valid-run-graph.json,True,2035,,config_asset_or_other,False,False
spec/run-graph/v1/run-graph.schema.json,True,3565,,config_asset_or_other,False,False
spec/runtime-presence/v1/example.json,True,1901,,config_asset_or_other,False,False
spec/runtime-presence/v1/runtime-presence.schema.json,True,3832,,config_asset_or_other,False,False
src/main.rs,True,13344,357,source,False,False
tests/root_authority.rs,True,2844,69,source,False,False
tests/root_daemon.rs,True,11720,369,source,False,False
tests/test_arda_adapter_ops.py,True,2605,61,source,False,False
tests/test_arda_appimage.py,True,3722,93,source,False,False
tests/test_arda_beta_ops.py,True,23295,510,source,False,False
tests/test_arda_release_ops.py,True,7278,165,source,False,False
tests/test_capability_composition_schema.py,True,1593,44,source,False,False
tests/test_council_run_schema.py,True,1640,45,source,False,False
tests/test_external_capability_schema.py,True,1170,30,source,False,False
tests/test_hades_nightly_operations.py,True,4190,87,source,False,False
tests/test_operator_session_schema.py,True,5657,136,source,False,False
tests/test_portability_audit.py,True,3482,76,source,False,False
tests/test_portability_parameterization.py,True,1765,43,source,False,False
tests/test_queue_authority.py,True,2987,94,source,False,False
tests/test_refresh_provider_intelligence.py,True,3036,87,source,False,False
tests/test_repeated_audit.py,True,10109,209,source,False,False
tests/test_rumil_markdown_link_check.py,True,3393,88,source,False,False
tests/test_rumil_nightly_hygiene.py,True,5951,111,source,False,False
tests/test_setup_console_audit.py,True,6076,185,source,False,False
tests/test_stage5_reliability_soak.py,True,7463,170,source,False,False
tests/test_stage5_u4_lifecycle.py,True,3101,70,source,False,False
tests/test_system_audit.py,True,10629,222,source,False,False
tests/test_workbench_contract_fixtures.py,True,5334,125,source,False,False
vendor/glib-0.18.5/.cargo_vcs_info.json,True,98,,vendor,False,False
vendor/glib-0.18.5/ARDA_PATCH.md,True,1024,,vendor,False,False
vendor/glib-0.18.5/COPYRIGHT,True,651,,vendor,False,False
vendor/glib-0.18.5/Cargo.toml,True,3127,,vendor,False,False
vendor/glib-0.18.5/Cargo.toml.orig,True,2197,,vendor,False,False
vendor/glib-0.18.5/Gir.toml,True,22016,,vendor,False,False
vendor/glib-0.18.5/Gir_GObject.toml,True,3640,,vendor,False,False
vendor/glib-0.18.5/LICENSE,True,1024,,vendor,False,False
vendor/glib-0.18.5/README.md,True,3720,,vendor,False,False
vendor/glib-0.18.5/benches/gstring.rs,True,1164,46,vendor,False,False
vendor/glib-0.18.5/src/auto/alias.rs,True,332,13,vendor,False,False
vendor/glib-0.18.5/src/auto/checksum.rs,True,1368,46,vendor,False,False
vendor/glib-0.18.5/src/auto/constants.rs,True,6264,105,vendor,False,False
vendor/glib-0.18.5/src/auto/date_time.rs,True,16318,502,vendor,False,False
vendor/glib-0.18.5/src/auto/enums.rs,True,102752,2661,vendor,False,False
vendor/glib-0.18.5/src/auto/flags.rs,True,19925,636,vendor,False,False
vendor/glib-0.18.5/src/auto/functions.rs,True,26604,863,vendor,False,False
vendor/glib-0.18.5/src/auto/key_file.rs,True,15314,487,vendor,False,False
vendor/glib-0.18.5/src/auto/main_context.rs,True,4947,142,vendor,False,False
vendor/glib-0.18.5/src/auto/main_loop.rs,True,1557,56,vendor,False,False
vendor/glib-0.18.5/src/auto/markup_parse_context.rs,True,3567,99,vendor,False,False
vendor/glib-0.18.5/src/auto/mod.rs,True,4239,123,vendor,False,False
vendor/glib-0.18.5/src/auto/source.rs,True,4434,128,vendor,False,False
vendor/glib-0.18.5/src/auto/time_zone.rs,True,3092,91,vendor,False,False
vendor/glib-0.18.5/src/auto/uri.rs,True,16960,535,vendor,False,False
vendor/glib-0.18.5/src/auto/versions.txt,True,132,,vendor,False,False
vendor/glib-0.18.5/src/boxed.rs,True,24430,606,vendor,False,False
vendor/glib-0.18.5/src/boxed_any_object.rs,True,6519,191,vendor,False,False
vendor/glib-0.18.5/src/boxed_inline.rs,True,29709,643,vendor,False,False
vendor/glib-0.18.5/src/bridged_logging.rs,True,13937,385,vendor,False,False
vendor/glib-0.18.5/src/byte_array.rs,True,3991,160,vendor,False,False
vendor/glib-0.18.5/src/bytes.rs,True,7205,277,vendor,False,False
vendor/glib-0.18.5/src/char.rs,True,5624,220,vendor,False,False
vendor/glib-0.18.5/src/checksum.rs,True,1987,74,vendor,False,False
vendor/glib-0.18.5/src/clone.rs,True,2073,101,vendor,False,False
vendor/glib-0.18.5/src/closure.rs,True,14750,447,vendor,False,False
vendor/glib-0.18.5/src/collections/list.rs,True,27224,894,vendor,False,False
vendor/glib-0.18.5/src/collections/mod.rs,True,275,16,vendor,False,False
vendor/glib-0.18.5/src/collections/ptr_slice.rs,True,41267,1371,vendor,False,False
vendor/glib-0.18.5/src/collections/slice.rs,True,27475,991,vendor,False,False
vendor/glib-0.18.5/src/collections/slist.rs,True,27177,887,vendor,False,False
vendor/glib-0.18.5/src/collections/strv.rs,True,44165,1544,vendor,False,False
vendor/glib-0.18.5/src/control_flow.rs,True,2480,103,vendor,False,False
vendor/glib-0.18.5/src/convert.rs,True,13755,448,vendor,False,False
vendor/glib-0.18.5/src/date.rs,True,13749,443,vendor,False,False
vendor/glib-0.18.5/src/date_time.rs,True,366,15,vendor,False,False
vendor/glib-0.18.5/src/enums.rs,True,30879,966,vendor,False,False
vendor/glib-0.18.5/src/error.rs,True,9227,325,vendor,False,False
vendor/glib-0.18.5/src/exit_code.rs,True,680,33,vendor,False,False
vendor/glib-0.18.5/src/future_with_timeout.rs,True,2950,103,vendor,False,False
vendor/glib-0.18.5/src/gobject/auto/binding.rs,True,1579,59,vendor,False,False
vendor/glib-0.18.5/src/gobject/auto/binding_group.rs,True,2647,94,vendor,False,False
vendor/glib-0.18.5/src/gobject/auto/flags.rs,True,4598,152,vendor,False,False
vendor/glib-0.18.5/src/gobject/auto/mod.rs,True,687,24,vendor,False,False
vendor/glib-0.18.5/src/gobject/auto/signal_group.rs,True,2045,73,vendor,False,False
vendor/glib-0.18.5/src/gobject/binding.rs,True,9508,307,vendor,False,False
vendor/glib-0.18.5/src/gobject/binding_group.rs,True,16670,507,vendor,False,False
vendor/glib-0.18.5/src/gobject/flags.rs,True,1909,59,vendor,False,False
vendor/glib-0.18.5/src/gobject/mod.rs,True,573,22,vendor,False,False
vendor/glib-0.18.5/src/gobject/signal_group.rs,True,8181,248,vendor,False,False
vendor/glib-0.18.5/src/gstring.rs,True,73945,2547,vendor,False,False
vendor/glib-0.18.5/src/gstring_builder.rs,True,9407,367,vendor,False,False
vendor/glib-0.18.5/src/key_file.rs,True,9335,282,vendor,False,False
vendor/glib-0.18.5/src/lib.rs,True,6621,231,vendor,False,False
vendor/glib-0.18.5/src/log.rs,True,34213,1069,vendor,False,False
vendor/glib-0.18.5/src/main_context.rs,True,9513,279,vendor,False,False
vendor/glib-0.18.5/src/main_context_channel.rs,True,30419,896,vendor,False,False
vendor/glib-0.18.5/src/main_context_futures.rs,True,26537,810,vendor,False,False
vendor/glib-0.18.5/src/manual_functions.rs,True,9914,288,vendor,False,False
vendor/glib-0.18.5/src/object.rs,True,160705,4542,vendor,False,False
vendor/glib-0.18.5/src/param_spec.rs,True,69707,2316,vendor,False,False
vendor/glib-0.18.5/src/prelude.rs,True,374,9,vendor,False,False
vendor/glib-0.18.5/src/property.rs,True,8863,303,vendor,False,False
vendor/glib-0.18.5/src/quark.rs,True,2514,103,vendor,False,False
vendor/glib-0.18.5/src/shared.rs,True,23665,588,vendor,False,False
vendor/glib-0.18.5/src/signal.rs,True,5933,226,vendor,False,False
vendor/glib-0.18.5/src/source.rs,True,40158,1197,vendor,False,False
vendor/glib-0.18.5/src/source_futures.rs,True,15661,482,vendor,False,False
vendor/glib-0.18.5/src/subclass/basic.rs,True,2092,72,vendor,False,False
vendor/glib-0.18.5/src/subclass/boxed.rs,True,3346,109,vendor,False,False
vendor/glib-0.18.5/src/subclass/interface.rs,True,7121,217,vendor,False,False
vendor/glib-0.18.5/src/subclass/mod.rs,True,9355,267,vendor,False,False
vendor/glib-0.18.5/src/subclass/object.rs,True,24414,717,vendor,False,False
vendor/glib-0.18.5/src/subclass/object_impl_ref.rs,True,4279,163,vendor,False,False
vendor/glib-0.18.5/src/subclass/shared.rs,True,9284,295,vendor,False,False
vendor/glib-0.18.5/src/subclass/signal.rs,True,21430,715,vendor,False,False
vendor/glib-0.18.5/src/subclass/types.rs,True,38914,1127,vendor,False,False
vendor/glib-0.18.5/src/thread_guard.rs,True,3336,114,vendor,False,False
vendor/glib-0.18.5/src/thread_pool.rs,True,7750,254,vendor,False,False
vendor/glib-0.18.5/src/time_span.rs,True,2734,99,vendor,False,False
vendor/glib-0.18.5/src/time_zone.rs,True,460,15,vendor,False,False
vendor/glib-0.18.5/src/translate.rs,True,94681,2969,vendor,False,False
vendor/glib-0.18.5/src/types.rs,True,18400,678,vendor,False,False
vendor/glib-0.18.5/src/unichar.rs,True,7864,243,vendor,False,False
vendor/glib-0.18.5/src/unicollate.rs,True,2752,88,vendor,False,False
vendor/glib-0.18.5/src/utils.rs,True,8574,278,vendor,False,False
vendor/glib-0.18.5/src/value.rs,True,45287,1665,vendor,False,False
vendor/glib-0.18.5/src/value_array.rs,True,7064,251,vendor,False,False
vendor/glib-0.18.5/src/variant.rs,True,77401,2520,vendor,False,False
vendor/glib-0.18.5/src/variant_dict.rs,True,10269,293,vendor,False,False
vendor/glib-0.18.5/src/variant_iter.rs,True,9882,371,vendor,False,False
vendor/glib-0.18.5/src/variant_type.rs,True,33192,1083,vendor,False,False
vendor/glib-0.18.5/src/win32.rs,True,3385,95,vendor,False,False
vendor/glib-0.18.5/src/wrapper.rs,True,14934,445,vendor,False,False
vendor/glib-0.18.5/tests/check_gir.rs,True,230,8,vendor,False,False
vendor/glib-0.18.5/tests/clone.rs,True,19802,635,vendor,False,False
vendor/glib-0.18.5/tests/derive.rs,True,679,33,vendor,False,False
vendor/glib-0.18.5/tests/log.rs,True,3681,106,vendor,False,False
vendor/glib-0.18.5/tests/print.rs,True,1713,49,vendor,False,False
vendor/glib-0.18.5/tests/structured_log.rs,True,4485,152,vendor,False,False
vendor/glib-0.18.5/tests/subclass_compiletest.rs,True,590,13,vendor,False,False
vendor/glib-0.18.5/tests/subclass_compiletest/01-auto-send-sync.rs,True,615,33,vendor,False,False
vendor/glib-0.18.5/tests/subclass_compiletest/02-no-auto-send-sync.rs,True,645,34,vendor,False,False
vendor/glib-0.18.5/tests/subclass_compiletest/02-no-auto-send-sync.stderr,True,1266,,vendor,False,False
vendor/glib-0.18.5/tests/subclass_compiletest/03-object-no-auto-send-sync.rs,True,125,6,vendor,False,False
vendor/glib-0.18.5/tests/subclass_compiletest/03-object-no-auto-send-sync.stderr,True,1811,,vendor,False,False
vendor/glib-0.18.5/tests/subclass_compiletest/04-auto-send-sync-with-send-sync-parent.rs,True,1489,69,vendor,False,False
vendor/glib-0.18.5/tests/subclass_compiletest/05-no-auto-send-sync-with-non-send-sync-parent.rs,True,1457,67,vendor,False,False
vendor/glib-0.18.5/tests/subclass_compiletest/05-no-auto-send-sync-with-non-send-sync-parent.stderr,True,1775,,vendor,False,False
vendor/glib-0.18.5/tests/subclass_compiletest/06-no-auto-send-sync-with-non-send-sync-ffi-parent.rs,True,1218,51,vendor,False,False
vendor/glib-0.18.5/tests/subclass_compiletest/06-no-auto-send-sync-with-non-send-sync-ffi-parent.stderr,True,2887,,vendor,False,False
vendor/glib-0.18.5/tests/value.rs,True,1707,67,vendor,False,False
